v 0.04398723691701889 0.5011329650878906 0.09108784794807434
v 0.03886924684047699 0.48908209800720215 0.10075020790100098
v 0.04918566718697548 0.48389697074890137 0.0922660082578659
v 0.054542914032936096 0.49223196506500244 0.08160904049873352
v 0.04620751366019249 0.476410835981369 0.10011720657348633
v 0.03638778626918793 0.47886422276496887 0.10649877041578293
v 0.055936262011528015 0.47636109590530396 0.08355937898159027
v 0.06057589501142502 0.48119646310806274 0.07242709398269653
v 0.06193555146455765 0.440019816160202 0.079393669962883
v 0.0658353716135025 0.4340534210205078 0.07096024602651596
v 0.06512364745140076 0.44630885124206543 0.06997944414615631
v 0.060385532677173615 0.4491890072822571 0.07847118377685547
v 0.06041334569454193 0.4140068590641022 0.08114676177501678
v 0.05429047346115112 0.406766802072525 0.09025178849697113
v 0.05647522211074829 0.39617860317230225 0.08247721195220947
v 0.06174325570464134 0.403450608253479 0.07204634696245193
v 0.022899342700839043 0.4240030348300934 0.11012081801891327
v 0.02795839123427868 0.41743841767311096 0.11017186939716339
v 0.03193855658173561 0.42393627762794495 0.10794966667890549
v 0.02620159462094307 0.4297250509262085 0.10779721289873123
v 0.014538253657519817 0.43494606018066406 0.11484619230031967
v 0.015702448785305023 0.4396178424358368 0.11050953716039658
v 0.011206943541765213 0.4443477690219879 0.1152409240603447
v 0.010726576671004295 0.43898752331733704 0.1206711158156395
v 0.017749521881341934 0.418816477060318 0.11191228777170181
v 0.02316870167851448 0.41181039810180664 0.11175204068422318
v 0.018589040264487267 0.42997148633003235 0.11080561578273773
v 0.016603687778115273 0.4259627163410187 0.11413320153951645
v 0.013833881355822086 0.4215784966945648 0.1258954107761383
v 0.015205377712845802 0.42611491680145264 0.12358684092760086
v 0.012224912643432617 0.42818599939346313 0.13014397025108337
v 0.011028466746211052 0.42280313372612 0.13046814501285553
v 0.016625547781586647 0.41928020119667053 0.11672097444534302
v 0.016872592270374298 0.42275241017341614 0.11886163800954819
v 0.014706382527947426 0.4193175733089447 0.12196007370948792
v 0.01349597703665495 0.41653043031692505 0.1194314956665039
v 0.013794158585369587 0.4308507442474365 0.11878497153520584
v 0.011010651476681232 0.43403005599975586 0.1254715919494629
v 0.0073209297843277454 0.43637770414352417 0.13216468691825867
v 0.008137631230056286 0.428903728723526 0.13694320619106293
v 0.03808822110295296 0.40319734811782837 0.10642249882221222
v 0.03341307491064072 0.41055235266685486 0.10910233110189438
v 0.028639310970902443 0.40566614270210266 0.11110792309045792
v 0.03316343203186989 0.39962419867515564 0.10936430096626282
v 0.014433091506361961 0.4129924476146698 0.11655782908201218
v 0.017627954483032227 0.39711707830429077 0.11928905546665192
v 0.018100330606102943 0.4011269211769104 0.1188931092619896
v 0.01237607654184103 0.4025733768939972 0.12247917801141739
v 0.012535270303487778 0.3987393081188202 0.12270376831293106
v 0.04301098361611366 0.38717421889305115 0.1002383902668953
v 0.03769984841346741 0.38657087087631226 0.10537134110927582
v 0.037953246384859085 0.3791751563549042 0.10385934263467789
v 0.042986925691366196 0.378103643655777 0.09788648039102554
v 0.03572939708828926 0.3727758228778839 0.10389707237482071
v 0.04141450673341751 0.369250625371933 0.09655994176864624
v 0.03279547020792961 0.3545416295528412 0.10013647377490997
v 0.03732961043715477 0.3611815869808197 0.09782110154628754
v 0.032089315354824066 0.3670800030231476 0.10568057000637054
v 0.027380554005503654 0.36213207244873047 0.10970153659582138
v 0.01600594073534012 0.36856579780578613 0.116926409304142
v 0.010476997122168541 0.36772722005844116 0.11980956047773361
v 0.015012889169156551 0.35494473576545715 0.1195882111787796
v 0.021348046138882637 0.3576838970184326 0.11541484296321869
v 0.016954859718680382 0.3903995752334595 0.11598419398069382
v 0.02061169221997261 0.3899443447589874 0.11336712539196014
v 0.021017728373408318 0.3919907808303833 0.1152324452996254
v 0.01722745969891548 0.39349713921546936 0.11826072633266449
v 0.024310754612088203 0.38934433460235596 0.11136098206043243
v 0.025985894724726677 0.38900795578956604 0.11068205535411835
v 0.025752084329724312 0.3906700611114502 0.11175041645765305
v 0.02421572059392929 0.3901985287666321 0.11186482012271881
v 0.02237609028816223 0.3898005485534668 0.11242198199033737
v 0.02128656394779682 0.38786980509757996 0.11315150558948517
v 0.023374060168862343 0.38853153586387634 0.11188948899507523
v 0.018072381615638733 0.3873120844364166 0.1160871833562851
v 0.006249431520700455 0.3867410123348236 0.12395192682743073
v 0.009889170527458191 0.38682761788368225 0.12268196791410446
v 0.008380211889743805 0.39127567410469055 0.1209290400147438
v 0.005373845342546701 0.39139917492866516 0.12188878655433655
v 0.02415630593895912 0.3928094506263733 0.11319297552108765
v 0.02658972516655922 0.3944908082485199 0.11275015771389008
v 0.023159196600317955 0.39783331751823425 0.11553525924682617
v 0.02180151641368866 0.3948097825050354 0.11548013240098953
v 0.029409894719719887 0.396535187959671 0.11191774159669876
v 0.028044698759913445 0.39167433977127075 0.11095605045557022
v 0.03121079131960869 0.39246562123298645 0.10994028300046921
v 0.025263497605919838 0.3871561288833618 0.11082471162080765
v 0.0280480794608593 0.3852326273918152 0.10952875763177872
v 0.028709454461932182 0.38824281096458435 0.11018591374158859
v 0.02601110003888607 0.3821175694465637 0.11056454479694366
v 0.022966744378209114 0.3853837549686432 0.11221466958522797
v 0.019805407151579857 0.38380205631256104 0.11525434255599976
v 0.015568056143820286 0.3827096223831177 0.1189119890332222
v 0.017835384234786034 0.37744227051734924 0.11638519167900085
v 0.02248946763575077 0.3794822692871094 0.11310311406850815
v 0.025143899023532867 0.4016552269458771 0.11397462338209152
v 0.03267108276486397 0.3873580992221832 0.10834141820669174
v 0.035815637558698654 0.3937440812587738 0.10711327195167542
v 0.03244513273239136 0.38234230875968933 0.10766610503196716
v 0.030408764258027077 0.377698689699173 0.10817987471818924
v 0.026524540036916733 0.37364286184310913 0.11023293435573578
v 0.021459555253386497 0.37071794271469116 0.11355328559875488
v 0.017170710489153862 0.34471622109413147 0.10973428189754486
v 0.02501792274415493 0.34877389669418335 0.10581018030643463
v 0.03421337530016899 0.47152984142303467 0.10536644607782364
v 0.04266006499528885 0.47008636593818665 0.10209250450134277
v 0.04288247972726822 0.4618091583251953 0.09848330914974213
v 0.04474586993455887 0.4639281630516052 0.09806301444768906
v 0.039738696068525314 0.4661523699760437 0.10096181929111481
v 0.03899548202753067 0.4632764458656311 0.10068435221910477
v 0.05528907850384712 0.45204365253448486 0.08412797003984451
v 0.05087238550186157 0.4545094072818756 0.08856944739818573
v 0.051034171134233475 0.4506562352180481 0.08763326704502106
v 0.05647654831409454 0.4454868733882904 0.08424318581819534
v 0.04380200803279877 0.4441536068916321 0.0957714319229126
v 0.047810349613428116 0.4449020326137543 0.09228572994470596
v 0.0445328988134861 0.45185917615890503 0.09407775104045868
v 0.04158439114689827 0.45141837000846863 0.09658117592334747
v 0.03798161447048187 0.45131105184555054 0.09860377013683319
v 0.03394213318824768 0.45167943835258484 0.09993967413902283
v 0.03418885916471481 0.4462137222290039 0.10016410052776337
v 0.03904765099287033 0.4449059069156647 0.09850818663835526
v 0.03333195298910141 0.46752694249153137 0.10235945135354996
v 0.026063941419124603 0.4668672978878021 0.1023954451084137
v 0.02755328267812729 0.4637652635574341 0.10152417421340942
v 0.03359946608543396 0.4642806947231293 0.1019434779882431
v 0.01730276085436344 0.4564650356769562 0.0979410856962204
v 0.01847933977842331 0.45909997820854187 0.09848734736442566
v 0.01507492270320654 0.46070751547813416 0.09990263730287552
v 0.014234604313969612 0.4562283158302307 0.09967448562383652
v 0.01655229926109314 0.4531495273113251 0.0999671146273613
v 0.018576931208372116 0.45481646060943604 0.09844234585762024
v 0.03555481508374214 0.521666944026947 0.08638811856508255
v 0.030789470300078392 0.507064938545227 0.0984719917178154
v 0.04984947666525841 0.5131171345710754 0.07672222703695297
v 0.059627510607242584 0.5005751252174377 0.0679723247885704
v 0.06592093408107758 0.48583972454071045 0.06037434935569763
v 0.049645449966192245 0.3905436098575592 0.09244556725025177
v 0.05045551434159279 0.3803841173648834 0.08787038177251816
v 0.05807314068078995 0.3858923614025116 0.07539669424295425
v 0.05625530704855919 0.37464237213134766 0.07221300154924393
v 0.04849574342370033 0.369312047958374 0.08609455078840256
v 0.03536935895681381 0.3506907522678375 0.08638690412044525
v 0.043506376445293427 0.35881102085113525 0.08546875417232513
v 0.05114535987377167 0.3635489344596863 0.0685308650135994
v 0.057837024331092834 0.37415018677711487 0.05140304937958717
v 0.061634182929992676 0.3831920027732849 0.057548511773347855
v 0.060799941420555115 0.3872687816619873 0.03748512268066406
v 0.0522153414785862 0.3651990294456482 0.042048752307891846
v 0.05822677165269852 0.3846372663974762 0.029890986159443855
v 0.03672381490468979 0.3289673328399658 0.047845508903265
v 0.03944789618253708 0.31602296233177185 0.044121500104665756
v 0.050705183297395706 0.3206692039966583 0.03147592395544052
v 0.049198027700185776 0.33328941464424133 0.03565933182835579
v 0.06291363388299942 0.3930385708808899 0.06373871862888336
v 0.06635668128728867 0.45562171936035156 0.061115942895412445
v 0.06258299201726913 0.45757371187210083 0.07162828743457794
v 0.0684487521648407 0.44222164154052734 0.0598885715007782
v 0.06905839592218399 0.50943922996521 0.035205088555812836
v 0.06461480259895325 0.5070384740829468 0.052637889981269836
v 0.07099839299917221 0.490619033575058 0.04804573953151703
v 0.07464110106229782 0.4941743016242981 0.03278797119855881
v 0.04254068806767464 0.54403156042099 0.039337970316410065
v 0.040689777582883835 0.5352672934532166 0.06540033221244812
v 0.05336892977356911 0.523364782333374 0.059269633144140244
v 0.05671798437833786 0.5297812223434448 0.03792664781212807
v 0.07634364068508148 0.49370434880256653 0.018866028636693954
v 0.07690580934286118 0.49133071303367615 0.0017015147022902966
v 0.07248538732528687 0.5059880018234253 -0.006707492750138044
v 0.07103924453258514 0.5105456113815308 0.014465462416410446
v 0.0613236278295517 0.5243710875511169 -0.016156772151589394
v 0.05975694954395294 0.530426025390625 0.01006875280290842
v 0.05733510106801987 0.37043580412864685 0.02213699370622635
v 0.05812786892056465 0.3875553607940674 0.01792808622121811
v 0.04767747223377228 0.34840819239616394 0.03994162753224373
v 0.05583024397492409 0.353062242269516 0.0240847896784544
v 0.044070400297641754 0.5387711524963379 -0.022895244881510735
v 0.042709674686193466 0.5464156270027161 0.008012923412024975
v 0.06533239781856537 0.46220383048057556 -0.041097577661275864
v 0.06834906339645386 0.4804677665233612 -0.035404056310653687
v 0.07453182339668274 0.4703012704849243 -0.018838001415133476
v 0.07181002199649811 0.45498284697532654 -0.025861063972115517
v 0.05534876883029938 0.4693365693092346 -0.05704255774617195
v 0.05781818926334381 0.4909534454345703 -0.0509948804974556
v 0.05264877900481224 0.407866895198822 -0.032618820667266846
v 0.045954927802085876 0.3917980194091797 -0.024114061146974564
v 0.0376606360077858 0.3919442594051361 -0.035824693739414215
v 0.04363393783569336 0.40795838832855225 -0.0470462404191494
v 0.05280755087733269 0.4715096652507782 0.09284736961126328
v 0.048689402639865875 0.4667172133922577 0.09735290706157684
v 0.05214054882526398 0.46274277567863464 0.09210806339979172
v 0.056500136852264404 0.4655340015888214 0.08612075448036194
v 0.05990637093782425 0.46741345524787903 0.0765882283449173
v 0.0636795163154602 0.4691506624221802 0.06526053696870804
v 0.07266867160797119 0.47607702016830444 0.04265252873301506
v 0.07638409733772278 0.4808236360549927 0.02971261367201805
v 0.07847250252962112 0.4782784581184387 0.005879482254385948
v 0.07809532433748245 0.48043501377105713 0.01912771910429001
v 0.07622413337230682 0.45910316705703735 -0.009663290344178677
v 0.07397797703742981 0.4493931829929352 -0.013868574053049088
v 0.05729907378554344 0.3949001431465149 0.002418268471956253
v 0.05432910472154617 0.3739650845527649 0.006361858919262886
v 0.04810279980301857 0.37505289912223816 -0.006624253466725349
v 0.051822811365127563 0.39345353841781616 -0.011737596243619919
v 0.03276415541768074 0.37546077370643616 -0.027336888015270233
v 0.04043664038181305 0.3753572106361389 -0.017491159960627556
v 0.05219191312789917 0.3394026756286621 0.007211485877633095
v 0.05231701582670212 0.3245144486427307 0.0022293534129858017
v 0.04812391474843025 0.32734963297843933 -0.011482669040560722
v 0.0463627353310585 0.3408558964729309 -0.005751613527536392
v 0.04146973043680191 0.3274819254875183 -0.023381099104881287
v 0.03189899027347565 0.3269043266773224 -0.0315442830324173
v 0.03062230534851551 0.34261322021484375 -0.02614368498325348
v 0.038842570036649704 0.3426840305328369 -0.017461180686950684
v 0.017994847148656845 0.30920377373695374 0.060864564031362534
v 0.018865512683987617 0.2985898554325104 0.056291285902261734
v 0.02980567328631878 0.30128952860832214 0.04959778115153313
v 0.027225352823734283 0.3124934434890747 0.05324726179242134
v 0.05512579530477524 0.31330302357673645 -0.004356309771537781
v 0.051714371889829636 0.317695677280426 -0.018577413633465767
v 0.05886087566614151 0.4084244668483734 -0.018257174640893936
v 0.062480099499225616 0.411557137966156 -0.007113461382687092
v 0.04524937644600868 0.31682753562927246 -0.030695391818881035
v 0.039000410586595535 0.3582127094268799 -0.015241872519254684
v 0.04666281118988991 0.35707730054855347 -0.004106870852410793
v 0.023023569956421852 0.3761477470397949 -0.035583894699811935
v 0.02686244249343872 0.3920520544052124 -0.046074461191892624
v 0.02078082598745823 0.4348597824573517 0.10802660137414932
v 0.024425702169537544 0.44934332370758057 0.10078173875808716
v 0.025097493082284927 0.4531058967113495 0.1000644639134407
v 0.021267477422952652 0.4539969563484192 0.09926460683345795
v 0.0200907401740551 0.45100778341293335 0.10037754476070404
v 0.013757741078734398 0.49065566062927246 0.11083167046308517
v 0.011964220553636551 0.4744590222835541 0.11235512793064117
v 0.024884993210434914 0.47826582193374634 0.11096817255020142
v 0.02671169675886631 0.4912565052509308 0.1074296310544014
v 0.050129346549510956 0.4196946620941162 0.0978638231754303
v 0.04124998673796654 0.4261241853237152 0.10348620265722275
v 0.03801579028367996 0.417246550321579 0.10671954602003098
v 0.0437261238694191 0.40947574377059937 0.10287261754274368
v 0.0480966791510582 0.45612311363220215 0.09133870154619217
v 0.04974313825368881 0.4582100808620453 0.09123881906270981
v 0.04719068855047226 0.4581168293952942 0.09355372190475464
v 0.040824003517627716 0.3956543207168579 0.10363056510686874
v 0.0473145991563797 0.4001424014568329 0.09791712462902069
v 0.06801136583089828 0.4276485741138458 0.060370512306690216
v 0.058615945279598236 0.45816123485565186 0.08092374354600906
v 0.021754708141088486 0.5548316240310669 0.04208657145500183
v 0.021386565640568733 0.5436646342277527 0.07177730649709702
v 0.023544905707240105 0.5501655340194702 -0.026092572137713432
v 0.02234625816345215 0.556668758392334 0.00750970933586359
v 0.04274610057473183 0.4997994899749756 -0.06375667452812195
v 0.04032541438937187 0.4756309986114502 -0.0704156756401062
v 0.021842006593942642 0.48029184341430664 -0.079447902739048
v 0.02293309010565281 0.5076056718826294 -0.07142574340105057
v 0.03141132369637489 0.4085213243961334 -0.057913027703762054
v 0.022370057180523872 0.32633933424949646 -0.035859882831573486
v 0.02107146568596363 0.34294450283050537 -0.03305574506521225
v 0.019890958443284035 0.526125431060791 0.09142528474330902
v 0.016566505655646324 0.5078496336936951 0.10357028245925903
v 0.06839607656002045 0.4716213345527649 0.05346262454986572
v 0.06105124205350876 0.4313963055610657 0.08320237696170807
v 0.056467846035957336 0.43933963775634766 0.0873744785785675
v 0.054045163094997406 0.43538588285446167 0.09206444025039673
v 0.05802885442972183 0.42495301365852356 0.08876651525497437
v 0.06378234177827835 0.4224831461906433 0.07521900534629822
v 0.06513255089521408 0.41395315527915955 0.06388700008392334
v 0.06673827767372131 0.4049290418624878 0.05047864094376564
v 0.06389932334423065 0.3937309682369232 0.04354151710867882
v 0.07576131820678711 0.4840863347053528 -0.012299870140850544
v 0.07011914253234863 0.4963315725326538 -0.0256364606320858
v 0.060249436646699905 0.5103349685668945 -0.03784968703985214
v 0.04436468333005905 0.5223863124847412 -0.04801154509186745
v 0.07729886472225189 0.4739414155483246 -0.00610779132694006
v 0.023712879046797752 0.5325072407722473 -0.053620412945747375
v 0.01181341428309679 0.4069720506668091 0.12137303501367569
v 0.018480774015188217 0.40669798851013184 0.11658754199743271
v 0.01027109008282423 0.41124674677848816 0.12098181247711182
v 0.011106161400675774 0.3819442689418793 0.12167147547006607
v 0.0069898571819067 0.38159269094467163 0.12312784790992737
v 0.007973108440637589 0.3757989704608917 0.12018875032663345
v 0.012740676291286945 0.3763294816017151 0.11884576827287674
v 0.017068902030587196 0.3406967520713806 0.09443576633930206
v 0.026000259444117546 0.34453773498535156 0.090394526720047
v 0.017519619315862656 0.3198612928390503 0.06658376008272171
v 0.02604241482913494 0.32350417971611023 0.058372657746076584
v 0.01002102717757225 0.42021480202674866 0.12482427060604095
v 0.00847440306097269 0.4204876124858856 0.12525871396064758
v 0.008294953033328056 0.4195393919944763 0.12307959049940109
v 0.010261590592563152 0.4194105863571167 0.12270139902830124
v 0.02280455268919468 0.3911876678466797 0.11332179605960846
v 0.007919913157820702 0.39899447560310364 0.12480241805315018
v 0.004901206120848656 0.39876097440719604 0.12540480494499207
v 0.0050780936144292355 0.3951703906059265 0.12384127080440521
v 0.008099017664790154 0.39527684450149536 0.1232803463935852
v 0.040181830525398254 0.3514997959136963 0.06493088603019714
v 0.03635599836707115 0.3413429856300354 0.05361216142773628
v 0.05454983562231064 0.32121798396110535 0.01788865588605404
v 0.054852791130542755 0.33627259731292725 0.02201075106859207
v 0.05334080755710602 0.3561252951622009 0.008675098419189453
v 0.030493343248963356 0.3597055971622467 -0.025559067726135254
v 0.02216939814388752 0.3594050109386444 -0.033314935863018036
v -0.0012818058021366596 0.36226412653923035 -0.03971913084387779
v -0.0017364434897899628 0.3775612711906433 -0.043972816318273544
v 0.011423444375395775 0.3766223192214966 -0.04187726974487305
v 0.010247433558106422 0.3608732521533966 -0.03754783421754837
v 0.026525046676397324 0.3414774537086487 0.07516714930534363
v 0.01718221604824066 0.33742907643318176 0.08067426085472107
v 0.017359035089612007 0.33058056235313416 0.07190237939357758
v 0.025933198630809784 0.3344825804233551 0.0646924301981926
v 0.004912407603114843 0.4173659384250641 0.1262606531381607
v 0.0036203900817781687 0.41637861728668213 0.12782372534275055
v 0.004084092564880848 0.41403448581695557 0.12510228157043457
v 0.0058222501538693905 0.4161970913410187 0.12428933382034302
v 0.011093868874013424 0.41743144392967224 0.12091889977455139
v 0.008897200226783752 0.4164488613605499 0.1210370808839798
v 0.009337199851870537 0.41443878412246704 0.12099459767341614
v 0.011427393183112144 0.4201425611972809 0.12532371282577515
v 0.011901474557816982 0.418735533952713 0.12265950441360474
v 0.006938846781849861 0.42103657126426697 0.1301577240228653
v 0.00965373869985342 0.4208187460899353 0.12847177684307098
v 0.006968723144382238 0.42141973972320557 0.13497492671012878
v 0.006414590869098902 0.4183950126171112 0.12485557049512863
v 0.006904921494424343 0.4171459674835205 0.1231999397277832
v 0.009996491484344006 0.41842180490493774 0.12141045928001404
v 0.008371521718800068 0.41814953088760376 0.12159629166126251
v 0.007176663260906935 0.4209333062171936 0.12811872363090515
v 0.008928067982196808 0.42067646980285645 0.12682053446769714
v 0.006866777781397104 0.44259005784988403 0.12640193104743958
v 0.0011660358868539333 0.44377124309539795 0.12909606099128723
v 0.0010758487042039633 0.43712103366851807 0.13495956361293793
v 0.0010663861175999045 0.4293045401573181 0.1402454376220703
v 0.0011295638978481293 0.42116865515708923 0.13805384933948517
v 0.009490220807492733 0.3282727301120758 0.0757422000169754
v 0.009546265006065369 0.3176348805427551 0.07067734748125076
v 0.0008962932042777538 0.5073466897010803 0.1046564057469368
v 0.000802774156909436 0.48927804827690125 0.11109451204538345
v 0.023549260571599007 0.38974428176879883 0.11176124960184097
v 0.025241050869226456 0.4708883464336395 0.1056334599852562
v 0.048173289746046066 0.4339308738708496 0.09741394966840744
v 0.027996249496936798 0.43568193912506104 0.1049175038933754
v 0.034168459475040436 0.43126964569091797 0.10477130860090256
v 0.034567125141620636 0.4389379918575287 0.10213271528482437
v 0.028758391737937927 0.4418189227581024 0.10260194540023804
v 0.016284409910440445 0.46782734990119934 0.10600555688142776
v 0.00739064859226346 0.46411609649658203 0.11144960671663284
v 0.011085097678005695 0.46224790811538696 0.10477300733327866
v 0.010525152087211609 0.4557577073574066 0.10468918085098267
v 0.007825377397239208 0.4552289545536041 0.11335600912570953
v 0.01195003092288971 0.44823503494262695 0.10939642041921616
v 0.013522841967642307 0.45062005519866943 0.10331087559461594
v 0.045505329966545105 0.4600975811481476 0.09593018889427185
v 0.04774866998195648 0.46140962839126587 0.09448563307523727
v 0.016850421205163002 0.4436150789260864 0.10628776997327805
v 0.02220776118338108 0.43963465094566345 0.10500141978263855
v 0.023249464109539986 0.4445025622844696 0.10228994488716125
v 0.018145114183425903 0.4471970200538635 0.10248888283967972
v 0.040952447801828384 0.43602460622787476 0.10049473494291306
v 0.05402936413884163 0.4582042098045349 0.08725278824567795
v 0.050154052674770355 0.44720035791397095 0.08916261792182922
v 0.06585410982370377 0.41724643111228943 0.000870776828378439
v 0.06216715648770332 0.4066573679447174 0.0075652762316167355
v 0.0678316205739975 0.39866888523101807 0.02624128945171833
v 0.06532492488622665 0.39494121074676514 0.02891850285232067
v 0.0607902817428112 0.3968547582626343 0.02483253926038742
v 0.06589440256357193 0.40063273906707764 0.02231421321630478
v 0.07736390829086304 0.44991540908813477 0.006895179860293865
v 0.07704714685678482 0.45658814907073975 0.0034539750777184963
v 0.07754485309123993 0.4580657482147217 0.010245541110634804
v 0.0767398476600647 0.45072534680366516 0.009467773139476776
v 0.0765078142285347 0.4543412923812866 0.01541097741574049
v 0.07658874243497849 0.4577194154262543 0.01765988953411579
v 0.07585132867097855 0.44990137219429016 0.01896011270582676
v 0.07588957995176315 0.44991108775138855 0.015728484839200974
v 0.07786253839731216 0.46807411313056946 0.018515609204769135
v 0.0757797583937645 0.4665338099002838 0.027948828414082527
v 0.07460932433605194 0.45516854524612427 0.02485094591975212
v 0.07009760290384293 0.45387229323387146 0.04712170362472534
v 0.07051555812358856 0.4424753189086914 0.03521021455526352
v 0.07206261157989502 0.4501206576824188 0.030595023185014725
v 0.07257755100727081 0.4618096351623535 0.03699468448758125
v 0.06629247963428497 0.400100976228714 0.03260469436645508
v 0.06679864972829819 0.40794336795806885 0.03571502864360809
v 0.06006497144699097 0.39995408058166504 0.016925599426031113
v -0.0004516331246122718 0.4858422875404358 -0.0805540457367897
v -0.0003221507649868727 0.514539361000061 -0.07110939174890518
v 0.06224970519542694 0.44359147548675537 -0.04200884699821472
v 0.05214472860097885 0.4478357136249542 -0.05724867805838585
v 0.06882885843515396 0.43949687480926514 -0.02739585191011429
v 0.0712728351354599 0.4371463358402252 -0.014567803591489792
v 0.03896726295351982 0.45253685116767883 -0.07026535272598267
v 0.021881509572267532 0.4539337158203125 -0.07856293022632599
v 0.07042945176362991 0.4368476867675781 0.04810573533177376
v 0.06928778439760208 0.43063169717788696 0.03681911155581474
v 0.058490391820669174 0.42493748664855957 -0.03924870491027832
v 0.048102475702762604 0.4275115728378296 -0.05406249314546585
v 0.0646924152970314 0.4233405590057373 -0.024870065972208977
v 0.06770497560501099 0.42455342411994934 -0.012425564229488373
v 0.03463156893849373 0.43078041076660156 -0.0664152279496193
v 0.015953071415424347 0.4074070453643799 -0.06415864080190659
v 0.018360396847128868 0.4290456771850586 -0.0733325183391571
v 0.07019645720720291 0.40953466296195984 0.025077704340219498
v 0.06844009459018707 0.40830907225608826 0.029239851981401443
v 0.06811211258172989 0.4019986391067505 0.028444163501262665
v 0.07127425819635391 0.403781533241272 0.026832852512598038
v 0.069038987159729 0.42163416743278503 0.04826194792985916
v 0.06857003271579742 0.41881459951400757 0.03644661232829094
v 0.0074372077360749245 0.44870495796203613 0.12064583599567413
v 0.0010463312501087785 0.45721960067749023 0.11794570833444595
v 0.0012467998312786222 0.45042508840560913 0.1235259622335434
v 0.000762255338486284 0.46498987078666687 0.11408507078886032
v 1.376243744743988e-05 0.5603329539299011 0.010416222736239433
v 0.00010551221203058958 0.5577554702758789 0.04399729520082474
v -0.00017366519023198634 0.5388334393501282 -0.051953818649053574
v -3.9981314330361784e-05 0.5549191236495972 -0.0235249325633049
v 0.005650967359542847 0.36750277876853943 0.12131285667419434
v 0.00821245089173317 0.3538563847541809 0.12163768708705902
v 0.007133064325898886 0.4070775508880615 0.12388157844543457
v 0.004169667139649391 0.40642619132995605 0.12439665198326111
v 0.004594309255480766 0.40246209502220154 0.12517808377742767
v 0.0076385438442230225 0.402943879365921 0.12462478876113892
v 0.019479138776659966 0.4645458161830902 0.10111849755048752
v 0.013359957374632359 0.39229705929756165 -0.05224032700061798
v 0.009998075664043427 0.34393221139907837 -0.036620981991291046
v 0.011023086495697498 0.3271644413471222 -0.038063302636146545
v 0.03513641655445099 0.315051794052124 -0.0390920490026474
v 0.023752015084028244 0.31305035948753357 -0.043205827474594116
v 0.003871228778734803 0.4102756977081299 0.12431680411100388
v 0.006537097040563822 0.4108430743217468 0.12339234352111816
v 0.006489204708486795 0.42026573419570923 0.12672236561775208
v 0.0124327028170228 0.39488503336906433 0.12147250026464462
v 0.0063991607166826725 0.41381457448005676 0.12316612154245377
v 0.0070467120967805386 0.415935754776001 0.12282294780015945
v 0.0020619789138436317 0.41346997022628784 0.12568612396717072
v 0.0022909650579094887 0.40995991230010986 0.12435753643512726
v 0.0292374175041914 0.44778355956077576 0.1009666845202446
v 0.029545936733484268 0.452332466840744 0.10036849230527878
v 0.004404966253787279 0.41819724440574646 0.13144543766975403
v 0.005146954674273729 0.419192373752594 0.12893284857273102
v 0.0010920155327767134 0.41730695962905884 0.13207688927650452
v 0.042421530932188034 0.3041495978832245 0.04017968475818634
v 0.05208121985197067 0.3072306513786316 0.026444803923368454
v 0.0028421441093087196 0.3986096680164337 0.1254580020904541
v 0.002947573084384203 0.39492249488830566 0.12405218929052353
v 5.023043922847137e-05 0.5460160374641418 0.07399605214595795
v -0.00182779086753726 0.40657174587249756 -0.06431619822978973
v -0.0007121674716472626 0.4265168011188507 -0.07387907058000565
v 0.07086344063282013 0.43510523438453674 0.028009559959173203
v 0.07243131101131439 0.43086129426956177 0.02319937013089657
v 0.07389986515045166 0.43755754828453064 0.020916279405355453
v 0.07255274802446365 0.4423317015171051 0.025666993111371994
v 0.009834031574428082 0.30705615878105164 0.06532134860754013
v 0.055649369955062866 0.30950236320495605 0.010853955522179604
v 0.011638542637228966 0.31302863359451294 -0.045238345861434937
v 0.047863371670246124 0.45433494448661804 0.09092880040407181
v 0.046579159796237946 0.4528866112232208 0.09195578843355179
v 0.022140149027109146 0.4619459807872772 0.0998566672205925
v -0.00041195115773007274 0.4548354744911194 -0.08109188824892044
v 0.014043050818145275 0.38700544834136963 0.11986559629440308
v 0.012381438165903091 0.3909992575645447 0.11896562576293945
v -0.0011194737162441015 0.3460117280483246 -0.03797241300344467
v 0.009442701004445553 0.33546119928359985 0.08367878943681717
v 0.0020932499319314957 0.4158549904823303 0.1285863071680069
v -0.001577853225171566 0.3916681706905365 -0.05359097942709923
v 0.07628439366817474 0.4433303773403168 0.01325569860637188
v 0.07789114862680435 0.4419633150100708 0.016247468069195747
v 0.07730216532945633 0.43892067670822144 0.015900922939181328
v 0.07568171620368958 0.43961453437805176 0.014531822875142097
v 0.07883640378713608 0.4454282522201538 0.020441297441720963
v 0.07984202355146408 0.44207343459129333 0.01844666711986065
v 0.08152390271425247 0.4446776509284973 0.01753946952521801
v 0.08023068308830261 0.44840461015701294 0.018757184967398643
v 0.07467024028301239 0.4473418891429901 0.022515762597322464
v 0.07662169635295868 0.4419349431991577 0.02117389813065529
v 0.08248279988765717 0.4464312791824341 0.01592056080698967
v 0.08241554349660873 0.4491686224937439 0.0170668326318264
v 0.07984889298677444 0.4507801830768585 0.015818525105714798
v 0.07651639729738235 0.45066821575164795 0.012611010111868382
v 0.08475199341773987 0.44977426528930664 0.013896258547902107
v 0.0812431275844574 0.4518781900405884 0.011830970644950867
v 0.08743356168270111 0.44887644052505493 0.009322663769125938
v 0.08299142122268677 0.4513525068759918 0.006938056088984013
v 0.08871971815824509 0.44547900557518005 0.004321328829973936
v 0.08338524401187897 0.4473552703857422 0.001942040165886283
v 0.06951792538166046 0.41589272022247314 0.029195230454206467
v 0.06988761574029922 0.4160324037075043 0.022768201306462288
v 0.08924579620361328 0.44009581208229065 0.0013703787699341774
v 0.08301417529582977 0.4407980442047119 -0.000305746216326952
v 0.08856817334890366 0.43313169479370117 2.3268630684469827e-05
v 0.08256637305021286 0.43347880244255066 -0.0012196707539260387
v 0.08675309270620346 0.42604121565818787 0.0007986840792000294
v 0.08176960051059723 0.42582789063453674 -0.0004452248103916645
v 0.085133396089077 0.4190961420536041 0.002832843689247966
v 0.08018524944782257 0.4178536832332611 0.0017961733974516392
v 0.08283619582653046 0.4125915765762329 0.0068395910784602165
v 0.07764407247304916 0.4091750681400299 0.006042776629328728
v 0.08413361012935638 0.44701167941093445 0.008237019181251526
v 0.08524177223443985 0.4436967074871063 0.004778927657753229
v 0.07545917481184006 0.44590482115745544 0.005607505328953266
v 0.08302170038223267 0.44800227880477905 0.012590566650032997
v 0.07529202848672867 0.43371066451072693 0.009449692443013191
v 0.07370731979608536 0.43603891134262085 0.009268194437026978
v 0.07467437535524368 0.43425971269607544 0.010195480659604073
v 0.07338233292102814 0.43290072679519653 0.007800409570336342
v 0.07135012000799179 0.42329204082489014 0.023533839732408524
v 0.07256782799959183 0.4230765104293823 0.019916249439120293
v 0.07304878532886505 0.428616464138031 0.019841134548187256
v 0.07097586989402771 0.4189670979976654 0.019643492996692657
v 0.07013555616140366 0.4203234612941742 0.01844264753162861
v 0.06987593322992325 0.42383843660354614 0.018524998798966408
v 0.0693800151348114 0.4282967448234558 0.01818094588816166
v 0.07059469819068909 0.41868606209754944 0.016910985112190247
v 0.07172565162181854 0.416899174451828 0.017752746120095253
v 0.0694800317287445 0.41996869444847107 0.016284555196762085
v 0.0691157802939415 0.42088422179222107 0.017195433378219604
v 0.06816583126783371 0.4229983389377594 0.016263093799352646
v 0.06889309734106064 0.426180899143219 0.013978483155369759
v 0.07016757875680923 0.4256255328655243 0.029093272984027863
v 0.07029549777507782 0.4208649694919586 0.007011627312749624
v 0.06735621392726898 0.4125746190547943 0.010846652090549469
v 0.07966282218694687 0.40803205966949463 0.012366648763418198
v 0.07605071365833282 0.4021742641925812 0.012548284605145454
v 0.0739094465970993 0.4002446234226227 0.024783506989479065
v 0.07547418028116226 0.3983592391014099 0.019328640773892403
v 0.07406464964151382 0.44049879908561707 0.004041442647576332
v 0.07377161085605621 0.4342864453792572 0.0029502674005925655
v 0.06566723436117172 0.4064065217971802 0.01709173433482647
v 0.07284559309482574 0.4277856945991516 0.003643353469669819
v 0.08119554817676544 0.41680851578712463 0.00773767102509737
v 0.07810632884502411 0.41369524598121643 0.011509424075484276
v 0.08360285311937332 0.42133063077926636 0.004669364541769028
v 0.07260654121637344 0.4134647846221924 0.01964591071009636
v 0.07382406294345856 0.40748247504234314 0.022087382152676582
v 0.07704455405473709 0.4066642224788666 0.017709560692310333
v 0.07500438392162323 0.4125972390174866 0.015556979924440384
v 0.07991184294223785 0.4201127886772156 0.009565161541104317
v 0.0762069821357727 0.41788384318351746 0.01175192091614008
v 0.07678578048944473 0.4230899214744568 0.009299244731664658
v 0.07337447255849838 0.42103874683380127 0.011203229427337646
v 0.07142074406147003 0.41921424865722656 0.014187857508659363
v 0.07320479303598404 0.416727215051651 0.014696486294269562
v 0.06961515545845032 0.4233691692352295 0.010523080825805664
v 0.07317370176315308 0.4265133738517761 0.008663519285619259
v 0.06915299594402313 0.4209476113319397 0.0140455923974514
v 0.0795891210436821 0.42576366662979126 0.008743628859519958
v 0.08187975734472275 0.4293060004711151 0.008076988160610199
v 0.07966915518045425 0.43198153376579285 0.010043295100331306
v 0.07658431679010391 0.42916515469551086 0.008770802058279514
v 0.08435305207967758 0.4270140528678894 0.00262677064165473
v 0.08415857702493668 0.42773592472076416 0.005779114086180925
v 0.08237682282924652 0.42347410321235657 0.007292508147656918
v 0.084939144551754 0.43299034237861633 0.004762160591781139
v 0.08511785417795181 0.4333997964859009 0.0019171172752976418
v 0.08314384520053864 0.43320146203041077 0.00699124438688159
v 0.0816599428653717 0.4343701899051666 0.00892990455031395
v 0.08447320759296417 0.44175833463668823 0.006708672735840082
v 0.0849836990237236 0.43786805868148804 0.005227723624557257
v 0.08576276153326035 0.43931764364242554 0.002591826720163226
v 0.08379443734884262 0.43679723143577576 0.0075060464441776276
v 0.08314073830842972 0.43988773226737976 0.008450920693576336
v 0.0817183256149292 0.43823692202568054 0.009466183371841908
v 0.08245715498924255 0.436541348695755 0.008420170284807682
v 0.0803898274898529 0.4461155831813812 0.014487944543361664
v 0.07911427319049835 0.4445754885673523 0.015878591686487198
v 0.08161456882953644 0.4459931552410126 0.011967085301876068
v 0.07943664491176605 0.4463765323162079 0.012568916194140911
v 0.08018528670072556 0.44387954473495483 0.011874165385961533
v 0.07802797108888626 0.44548338651657104 0.012828916311264038
v 0.0791797786951065 0.4419401288032532 0.012460200116038322
v 0.07717056572437286 0.43942710757255554 0.012555718421936035
v 0.02307283505797386 0.2749711573123932 0.05016658082604408
v 0.020808199420571327 0.28659823536872864 0.052452534437179565
v 0.010628726333379745 0.2841337323188782 0.05620816722512245
v 0.01155139971524477 0.27315494418144226 0.05218096822500229
v 0.08059532195329666 0.43995392322540283 0.011278420686721802
v 0.08172820508480072 0.44213584065437317 0.010097573511302471
v 0.08308765292167664 0.44470125436782837 0.00901606772094965
v 0.07812932133674622 0.43585100769996643 0.010709076188504696
v 0.07954119145870209 0.43475088477134705 0.010526180267333984
v 0.08054457604885101 0.43621018528938293 0.010319025255739689
v 0.07904181629419327 0.4377634525299072 0.011362722143530846
v 0.07328809797763824 0.43274039030075073 0.018830647692084312
v 0.07149778306484222 0.43102753162384033 0.015726936981081963
v 0.0718541145324707 0.4284166097640991 0.01217208057641983
v 0.05582202970981598 0.26207682490348816 0.030983570963144302
v 0.06881078332662582 0.26969918608665466 0.01822195015847683
v 0.06386110931634903 0.27728959918022156 0.016186388209462166
v 0.051848120987415314 0.2712228298187256 0.029128795489668846
v 0.06626436114311218 0.24183106422424316 0.04756167158484459
v 0.06852525472640991 0.2242707908153534 0.05575506016612053
v 0.08678086847066879 0.22915677726268768 0.04963820427656174
v 0.08604397624731064 0.24952752888202667 0.03264949098229408
v 0.08613916486501694 0.2113625854253769 0.061664607375860214
v 0.06878343224525452 0.20764629542827606 0.06488514691591263
v 0.08104252070188522 0.16289083659648895 0.08962370455265045
v 0.08315335214138031 0.17850647866725922 0.08108387887477875
v 0.06643538177013397 0.1767812967300415 0.08338266611099243
v 0.06490164995193481 0.16121003031730652 0.09162526577711105
v 0.09797711670398712 0.08696678280830383 0.10818871110677719
v 0.08755892515182495 0.08870846778154373 0.11238101869821548
v 0.08036600053310394 0.07325834035873413 0.11138956248760223
v 0.0917486771941185 0.07000669091939926 0.10569106042385101
v 0.14838539063930511 0.18678058683872223 0.05794517695903778
v 0.1576024740934372 0.17680495977401733 0.0542801134288311
v 0.1607780009508133 0.195919930934906 0.05026876926422119
v 0.14995579421520233 0.20540393888950348 0.05200837552547455
v 0.09513066709041595 0.2834194004535675 -0.012017774395644665
v 0.08769116550683975 0.28632521629333496 -0.01431240327656269
v 0.08389929682016373 0.2727099657058716 0.004771705716848373
v 0.09172312915325165 0.2689332365989685 0.009997578337788582
v 0.1364915817975998 0.10045745223760605 0.06739643961191177
v 0.13367968797683716 0.10933235287666321 0.07638829201459885
v 0.12895527482032776 0.0976116955280304 0.08154286444187164
v 0.13125784695148468 0.08862357586622238 0.07422522455453873
v 0.11047733575105667 0.008078877814114094 0.0776580274105072
v 0.09696835279464722 0.007106095552444458 0.08978170156478882
v 0.0948781669139862 -0.013185670599341393 0.09029905498027802
v 0.10902731865644455 -0.01248353160917759 0.07763917744159698
v 0.14209432899951935 0.03190631791949272 0.021093009039759636
v 0.1411285698413849 0.013226577080786228 0.022924790158867836
v 0.14128819108009338 0.013460255227982998 -0.0001900776696857065
v 0.14335930347442627 0.03007476218044758 -0.0015880028950050473
v 0.11023807525634766 0.16295509040355682 0.083078533411026
v 0.1131720319390297 0.17900630831718445 0.074952632188797
v 0.09884196519851685 0.17918729782104492 0.07827918976545334
v 0.09630263596773148 0.16347666084766388 0.0866176038980484
v 0.3370895981788635 0.2256155014038086 0.017649255692958832
v 0.3107464909553528 0.22539499402046204 0.017617637291550636
v 0.3115728497505188 0.21038004755973816 0.01751621626317501
v 0.3377685248851776 0.21032173931598663 0.01723635382950306
v 0.133904829621315 -0.0832097977399826 0.033882368355989456
v 0.13533055782318115 -0.10109709948301315 0.036931127309799194
v 0.1364966332912445 -0.0963762179017067 0.014273160137236118
v 0.13415247201919556 -0.07912629097700119 0.01298450492322445
v 0.19953125715255737 0.25492063164711 0.026499755680561066
v 0.1992582529783249 0.27147817611694336 0.009808337315917015
v 0.18627215921878815 0.27596524357795715 0.009489152580499649
v 0.18597055971622467 0.2601415812969208 0.027871832251548767
v 0.1473585069179535 0.14933252334594727 0.062209632247686386
v 0.15244103968143463 0.16197410225868225 0.058486975729465485
v 0.145718052983284 0.17102961242198944 0.06381668150424957
v 0.14118817448616028 0.15640592575073242 0.06887097656726837
v 0.14995236694812775 0.06059952825307846 -0.005907310638576746
v 0.15321050584316254 0.07705406844615936 -0.008549638092517853
v 0.15158134698867798 0.07909484952688217 0.0070434389635920525
v 0.1486620157957077 0.06271561235189438 0.012224357575178146
v 0.145667165517807 0.04725686088204384 0.016666876152157784
v 0.14678281545639038 0.045160215348005295 -0.0035868107806891203
v 0.13294106721878052 0.15993961691856384 0.07413744926452637
v 0.13598667085170746 0.17698895931243896 0.06796020269393921
v 0.12565331161022186 0.1785031408071518 0.0714331790804863
v 0.12242882698774338 0.16186487674713135 0.0790366530418396
v 0.07222852855920792 0.059421151876449585 0.10830148309469223
v 0.08588238060474396 0.05545639619231224 0.10168728977441788
v 0.12774014472961426 -0.10657744854688644 0.0590238943696022
v 0.12708675861358643 -0.087659552693367 0.05507269129157066
v 0.11517277359962463 -0.09252258390188217 0.0737818256020546
v 0.1151483952999115 -0.11239933967590332 0.07818064093589783
v 0.08256952464580536 0.025840073823928833 0.0970187857747078
v 0.09678811579942703 0.025787265971302986 0.08838866651058197
v 0.0959770604968071 0.041881661862134933 0.09036936610937119
v 0.08273664861917496 0.04252688214182854 0.0975952297449112
v 0.09888604283332825 -0.11753366142511368 0.09411792457103729
v 0.09972662478685379 -0.096671923995018 0.08917245268821716
v 0.08278484642505646 -0.09883028268814087 0.10121989995241165
v 0.08253981918096542 -0.1210072711110115 0.10615582764148712
v 0.08491393178701401 0.1946076899766922 0.07184527814388275
v 0.06776484847068787 0.1920647770166397 0.07436910271644592
v 0.11485852301120758 0.08689827471971512 0.09621822834014893
v 0.10724730044603348 0.08641217648983002 0.10252171009778976
v 0.10198955982923508 0.06950867176055908 0.09941817075014114
v 0.1106802448630333 0.0707390084862709 0.09299615770578384
v 0.1612878143787384 0.14711466431617737 0.03519527241587639
v 0.1712384819984436 0.15815851092338562 0.03203682228922844
v 0.17201769351959229 0.18130575120449066 0.044496167451143265
v 0.16328056156635284 0.16278044879436493 0.047079022973775864
v 0.14005587995052338 -0.11356412619352341 0.016114912927150726
v 0.1377921849489212 -0.11865470558404922 0.03968886658549309
v 0.09997837990522385 -0.13774624466896057 0.09591992944478989
v 0.0833732858300209 -0.14266279339790344 0.10809452831745148
v 0.2089535892009735 0.15268492698669434 -0.024066410958766937
v 0.205760195851326 0.1549147516489029 -0.013088244944810867
v 0.19495287537574768 0.14142853021621704 -0.01024057436734438
v 0.19933182001113892 0.1394752413034439 -0.021362800151109695
v 0.05204125493764877 0.09013455361127853 0.11563315987586975
v 0.05971480906009674 0.07052625715732574 0.11320482939481735
v 0.07106665521860123 0.08300227671861649 0.11502080410718918
v 0.06595005095005035 0.09889984875917435 0.11538907885551453
v 0.10760495066642761 0.05642383173108101 0.0871811956167221
v 0.09779950976371765 0.055019352585077286 0.09442047774791718
v 0.10749298334121704 0.04361604526638985 0.08212253451347351
v 0.03733621537685394 0.08059477061033249 0.1121383085846901
v 0.04655924066901207 0.055209822952747345 0.10864432156085968
v 0.05017578974366188 0.1891321986913681 0.07710237056016922
v 0.049114495515823364 0.17435520887374878 0.08539532870054245
v 0.05072643235325813 0.20445062220096588 0.06956224888563156
v 0.04987384378910065 0.22005285322666168 0.06198049709200859
v 0.03217627853155136 0.21696653962135315 0.06684671342372894
v 0.03278537094593048 0.20131266117095947 0.07325851172208786
v 0.04788459837436676 0.23595762252807617 0.05618982017040253
v 0.030482985079288483 0.23223285377025604 0.061409637331962585
v 0.04036705940961838 0.2569701671600342 0.04117316007614136
v 0.03740334138274193 0.2670809328556061 0.03929607570171356
v 0.15590761601924896 0.15009258687496185 0.050031889230012894
v 0.14955034852027893 0.13899366557598114 0.05285482108592987
v 0.11612000316381454 -0.13173545897006989 0.08073743432760239
v 0.1081104576587677 0.2151511162519455 -0.09392353892326355
v 0.12487377971410751 0.22150050103664398 -0.08697199076414108
v 0.12395571172237396 0.20426052808761597 -0.09017239511013031
v 0.10759381949901581 0.1972646415233612 -0.09775795787572861
v 0.10352568328380585 0.27010494470596313 0.011298255994915962
v 0.10372604429721832 0.28406843543052673 -0.011251132003962994
v 0.18013659119606018 0.16008205711841583 -0.059603624045848846
v 0.18059872090816498 0.14982713758945465 -0.05484180897474289
v 0.17040307819843292 0.14047273993492126 -0.057746391743421555
v 0.16909159719944 0.15269340574741364 -0.06234123185276985
v 0.20871469378471375 0.15649142861366272 -0.04118747264146805
v 0.20645008981227875 0.1627824604511261 -0.04691228270530701
v 0.22072218358516693 0.17125406861305237 -0.05034395679831505
v 0.22269828617572784 0.16500242054462433 -0.04413209110498428
v 0.13238142430782318 -0.09237546473741531 -0.006834879517555237
v 0.12902891635894775 -0.07527127116918564 -0.0075753615237772465
v 0.1238783448934555 0.042584072798490524 -0.05786823481321335
v 0.13173691928386688 0.05922206863760948 -0.056821491569280624
v 0.13962045311927795 0.05173693224787712 -0.04064837470650673
v 0.13365548849105835 0.035527121275663376 -0.04093054682016373
v 0.015351233072578907 0.18076035380363464 -0.09311211109161377
v 0.033638760447502136 0.18500040471553802 -0.09820917248725891
v 0.03389544412493706 0.1702716052532196 -0.10033591091632843
v 0.015360148623585701 0.16645486652851105 -0.09493433684110641
v 0.0708397626876831 0.21476465463638306 -0.09912693500518799
v 0.05069977045059204 0.2060857117176056 -0.10015492141246796
v 0.04956962168216705 0.2202100306749344 -0.09636646509170532
v 0.07020637392997742 0.22994369268417358 -0.09459380805492401
v 0.0896700993180275 0.20706723630428314 -0.09971433877944946
v 0.08961978554725647 0.18932120501995087 -0.10336308181285858
v 0.14874523878097534 0.06280220299959183 -0.02325395867228508
v 0.15265308320522308 0.07846479117870331 -0.024050144478678703
v 0.16186940670013428 0.10067667067050934 -0.026044342666864395
v 0.16810692846775055 0.10843946039676666 -0.026674814522266388
v 0.1675638109445572 0.10879172384738922 -0.014476027339696884
v 0.16168147325515747 0.10081587731838226 -0.013096923008561134
v 0.08097612112760544 0.29136550426483154 -0.016191912814974785
v 0.08730416744947433 0.29308703541755676 -0.03516153246164322
v 0.07895327359437943 0.2967170476913452 -0.03707607463002205
v 0.045713938772678375 0.2695174217224121 -0.07564972341060638
v 0.056072816252708435 0.27470341324806213 -0.0719066858291626
v 0.05811717361211777 0.26867881417274475 -0.0756836086511612
v 0.04555435851216316 0.2628076374530792 -0.07955025881528854
v 0.03892609104514122 0.10273882001638412 -0.10034360736608505
v 0.04150094836950302 0.0819169208407402 -0.0957999974489212
v 0.018618488684296608 0.08181776851415634 -0.09433817118406296
v 0.017687246203422546 0.10179540514945984 -0.09843146800994873
v 0.1755245327949524 0.11821180582046509 -0.03758877515792847
v 0.17367269098758698 0.12298528105020523 -0.045751798897981644
v 0.18443436920642853 0.13246026635169983 -0.0445423424243927
v 0.18660441040992737 0.12673714756965637 -0.037663135677576065
v 0.16537880897521973 0.11523884534835815 -0.0467788465321064
v 0.16714660823345184 0.11082213371992111 -0.037361666560173035
v 0.16079944372177124 0.10276201367378235 -0.037567175924777985
v 0.1586260050535202 0.10730850696563721 -0.04822617769241333
v 0.1392189860343933 0.0744001492857933 -0.054593779146671295
v 0.14686107635498047 0.08841047435998917 -0.0517578125
v 0.15081951022148132 0.08276516199111938 -0.03833338990807533
v 0.14517842233181 0.06781884282827377 -0.039374157786369324
v 0.01941501721739769 0.01389283686876297 -0.07890444248914719
v 0.019245300441980362 0.03703192621469498 -0.08510899543762207
v 0.03967497497797012 0.035557009279727936 -0.0867028534412384
v 0.03884784132242203 0.011775833554565907 -0.0815356969833374
v 0.21345175802707672 0.1712048053741455 0.002042590407654643
v 0.23027224838733673 0.17576053738594055 -0.002583753317594528
v 0.22639493644237518 0.18199220299720764 0.00889162439852953
v 0.21173535287380219 0.1778506189584732 0.012919255532324314
v 0.22616229951381683 0.19237899780273438 -0.062458623200654984
v 0.2245241403579712 0.1988409012556076 -0.06416042894124985
v 0.23582585155963898 0.20399633049964905 -0.06503812968730927
v 0.23700426518917084 0.1976839005947113 -0.06412369012832642
v 0.25374603271484375 0.17362691462039948 -0.01572924479842186
v 0.27424654364585876 0.1741245836019516 -0.017577573657035828
v 0.27003955841064453 0.17959117889404297 -0.006727805361151695
v 0.2485782355070114 0.1782265305519104 -0.005212905816733837
v 0.11258447915315628 0.28659147024154663 -0.03637855872511864
v 0.10372679680585861 0.2891010046005249 -0.035355228930711746
v 0.11253038048744202 0.2855347990989685 -0.010675355792045593
v 0.23964202404022217 0.16592848300933838 -0.03158749267458916
v 0.23851174116134644 0.16689027845859528 -0.04032464697957039
v 0.255630224943161 0.17020824551582336 -0.04444782808423042
v 0.2567623555660248 0.16850252449512482 -0.03497736155986786
v 0.3371337652206421 0.2405470609664917 0.0105381328612566
v 0.31093257665634155 0.2401275634765625 0.010180244222283363
v 0.29888156056404114 0.17203612625598907 -0.02949589118361473
v 0.2768055498600006 0.17047886550426483 -0.027816757559776306
v 0.2774742841720581 0.16991651058197021 -0.03802293539047241
v 0.300321489572525 0.17277492582798004 -0.040960561484098434
v 0.12813593447208405 0.019018027931451797 -0.04012608528137207
v 0.11666776984930038 0.02541998215019703 -0.056746963411569595
v 0.10953792929649353 -0.08671130985021591 -0.042301833629608154
v 0.1055869460105896 -0.06832180917263031 -0.04171653836965561
v 0.1187545508146286 -0.0713043212890625 -0.026379704475402832
v 0.12300939857959747 -0.08892026543617249 -0.02632882073521614
v 0.13589812815189362 -0.10931958258152008 -0.006590322591364384
v 0.1132204458117485 -0.1056770384311676 -0.04261695221066475
v 0.12685167789459229 -0.10706134140491486 -0.026324572041630745
v 0.06398419290781021 0.30446669459342957 -0.03170248866081238
v 0.07116203755140305 0.30096009373664856 -0.035633668303489685
v 0.06064081937074661 0.29712527990341187 -0.05105302855372429
v 0.054953332990407944 0.3035898208618164 -0.04539072513580322
v 0.16285283863544464 -0.21717844903469086 -0.012973777018487453
v 0.16734935343265533 -0.22047023475170135 0.015653593465685844
v 0.17006716132164001 -0.24509204924106598 0.007704027928411961
v 0.16315793991088867 -0.24417303502559662 -0.01948343776166439
v 0.029968133196234703 0.2839198112487793 -0.06534571945667267
v 0.027180617675185204 0.29382678866386414 -0.05830961465835571
v 0.04172052443027496 0.2984723448753357 -0.053692009299993515
v 0.04644635692238808 0.2903251051902771 -0.059912167489528656
v 0.1604647934436798 -0.19280368089675903 -0.009110316634178162
v 0.16330145299434662 -0.19651570916175842 0.018167909234762192
v 0.06702999025583267 0.29907462000846863 -0.014328226447105408
v 0.07405679672956467 0.2950839698314667 -0.016146928071975708
v 0.06503493338823318 0.2908558249473572 0.0017015684861689806
v 0.07167435437440872 0.285070538520813 0.0002347184781683609
v 0.05887467414140701 0.2856843173503876 0.017321038991212845
v 0.1658906489610672 -0.22634701430797577 0.04055493324995041
v 0.17144201695919037 -0.2527521252632141 0.03633712977170944
v 0.04964440315961838 0.3093225657939911 -0.03842757269740105
v 0.03830187767744064 0.3058016002178192 -0.046915940940380096
v 0.02539561316370964 0.30283981561660767 -0.050933387130498886
v 0.01215270534157753 0.3015863597393036 -0.052949853241443634
v -0.0018959952285513282 0.3016655147075653 -0.053462084382772446
v -0.0009724170668050647 0.3127470016479492 -0.04646206647157669
v 0.14167872071266174 -0.12962979078292847 0.018300993368029594
v 0.13920606672763824 -0.126249298453331 -0.005425247363746166
v 0.11662344634532928 -0.3472815752029419 -0.08582500368356705
v 0.11855749785900116 -0.3637017011642456 -0.07541673630475998
v 0.0874878466129303 -0.3619023263454437 -0.08411625027656555
v 0.08998820185661316 -0.35099607706069946 -0.09303060919046402
v 0.02416341006755829 -0.33374229073524475 -0.09658142179250717
v 0.05856902897357941 -0.3458177149295807 -0.09825379401445389
v 0.05459289997816086 -0.35491544008255005 -0.08651606738567352
v 0.021437859162688255 -0.3412006199359894 -0.08294941484928131
v 0.031766682863235474 -0.22414454817771912 -0.10821758955717087
v 0.03197333961725235 -0.20259644091129303 -0.10141187161207199
v 0.05935922637581825 -0.20223213732242584 -0.10078150779008865
v 0.060083743184804916 -0.22387175261974335 -0.10861402750015259
v 0.13060808181762695 -0.12397381663322449 -0.026213426142930984
v 0.11724438518285751 -0.12323593348264694 -0.042929843068122864
v 0.1379881054162979 -0.13454975187778473 0.04135484620928764
v 0.17398189008235931 -0.39760395884513855 0.047891855239868164
v 0.172617107629776 -0.4352976083755493 0.04565552994608879
v 0.1758396327495575 -0.42744967341423035 0.009037000127136707
v 0.18090644478797913 -0.38875848054885864 0.009289193898439407
v 0.14400506019592285 -0.4179104268550873 -0.047525882720947266
v 0.11386293172836304 -0.41365811228752136 -0.06149625405669212
v 0.11671730130910873 -0.38626450300216675 -0.06760681420564651
v 0.14751596748828888 -0.38618990778923035 -0.05254940688610077
v 0.06643437594175339 -0.1465865671634674 0.11909796297550201
v 0.06529529392719269 -0.167438805103302 0.11689789593219757
v 0.08300966769456863 -0.16214387118816376 0.10695508867502213
v 0.01474853791296482 -0.15731385350227356 0.1351318657398224
v 0.013340553268790245 -0.1774677187204361 0.13178181648254395
v 0.03035460039973259 -0.17478224635124207 0.12945134937763214
v 0.03289894759654999 -0.15360166132450104 0.13316626846790314
v 0.02033308893442154 -0.28073540329933167 0.12238252907991409
v 0.023648865520954132 -0.25739800930023193 0.12066013365983963
v 0.00992298498749733 -0.2596683204174042 0.12415313720703125
v 0.008485337719321251 -0.28176698088645935 0.12476305663585663
v 0.15760275721549988 -0.23329044878482819 0.06296586245298386
v 0.15083231031894684 -0.21236082911491394 0.0650823712348938
v 0.1332654505968094 -0.21933095157146454 0.08173476159572601
v 0.1389264166355133 -0.24024075269699097 0.08130785077810287
v 0.050279419869184494 -0.36443474888801575 -0.07090675085783005
v 0.020550835877656937 -0.3467908501625061 -0.06464924663305283
v 0.1567278355360031 -0.4027954638004303 0.0830467939376831
v 0.1562434732913971 -0.4410686492919922 0.07974815368652344
v 0.1287364810705185 -0.4450426697731018 0.10611144453287125
v 0.13021770119667053 -0.40857675671577454 0.10837781429290771
v 0.09844023734331131 -0.40968209505081177 0.11722251027822495
v 0.09623422473669052 -0.442428320646286 0.11446816474199295
v 0.008672652766108513 -0.3501412868499756 0.07053491473197937
v 0.009557954967021942 -0.3609279990196228 0.06964670121669769
v 0.023456068709492683 -0.34777167439460754 0.09135875850915909
v 0.01718730665743351 -0.3337399363517761 0.09691102057695389
v 0.02749234065413475 -0.308183878660202 -0.1096666008234024
v 0.05836745351552963 -0.3141382932662964 -0.11168424040079117
v 0.058608680963516235 -0.3308265805244446 -0.1069384291768074
v 0.026527659967541695 -0.32399746775627136 -0.10331688821315765
v 0.10038785636425018 -0.12380758672952652 -0.055369943380355835
v 0.09657025337219238 -0.10534042119979858 -0.05432741343975067
v 0.07849626243114471 -0.10526547580957413 -0.06193169951438904
v 0.07591579109430313 -0.08413152396678925 -0.060653287917375565
v 0.09355393797159195 -0.08560371398925781 -0.053545571863651276
v 0.08368238061666489 0.04402906820178032 -0.08024431765079498
v 0.0925617590546608 0.0624941885471344 -0.0837075412273407
v 0.11004969477653503 0.050880398601293564 -0.07204601168632507
v 0.10190372914075851 0.0339469313621521 -0.06995175033807755
v 0.051595401018857956 0.1912713199853897 -0.10339882969856262
v 0.05250519886612892 0.1758316308259964 -0.10582044720649719
v 0.0788068100810051 -0.4017485976219177 -0.06663243472576141
v 0.08258497714996338 -0.43813836574554443 -0.06037231907248497
v 0.049166884273290634 -0.42866671085357666 -0.055119894444942474
v 0.0380534753203392 -0.38346776366233826 -0.05839842930436134
v 0.1404004991054535 -0.4506324827671051 -0.04362812638282776
v 0.1663942188024521 -0.42065438628196716 -0.023758724331855774
v 0.1599702686071396 -0.4558989405632019 -0.022696811705827713
v 0.16870346665382385 -0.4705272614955902 0.04399508237838745
v 0.17109186947345734 -0.4631339907646179 0.008666298352181911
v 0.12547950446605682 -0.4791751503944397 0.10325108468532562
v 0.09322880208492279 -0.4750889837741852 0.1101003885269165
v 0.018786106258630753 -0.4286690950393677 0.06933459639549255
v 0.018720107153058052 -0.45386916399002075 0.06095973402261734
v 0.036993324756622314 -0.46101632714271545 0.08295518904924393
v 0.038426801562309265 -0.43365395069122314 0.08994004130363464
v 0.05548680201172829 -0.28094539046287537 0.10803070664405823
v 0.06581082195043564 -0.3078159987926483 0.10972300171852112
v 0.09286561608314514 -0.2890336811542511 0.10475512593984604
v 0.08809245377779007 -0.2630079388618469 0.10084156692028046
v 0.03434954956173897 -0.1288171261548996 0.13296616077423096
v 0.01953388750553131 -0.13308104872703552 0.13516487181186676
v 0.06594794243574142 -0.1231904849410057 0.11726690828800201
v 0.04964487999677658 -0.12558390200138092 0.12706027925014496
v 0.04931632801890373 -0.15046875178813934 0.12793278694152832
v 0.03868664801120758 -0.03314981237053871 0.12107066065073013
v 0.03560991957783699 -0.054737359285354614 0.12386263161897659
v 0.05390879511833191 -0.055154651403427124 0.11657962948083878
v 0.05779726058244705 -0.03405499830842018 0.11388412117958069
v 0.061990104615688324 -0.012135709635913372 0.1115490272641182
v 0.042249374091625214 -0.011191101744771004 0.11807776987552643
v 0.045510973781347275 0.031212667003273964 0.10754204541444778
v 0.06531542539596558 0.028059139847755432 0.10364900529384613
v 0.06623272597789764 0.04578493908047676 0.1041007786989212
v 0.03241823613643646 0.1856430470943451 0.0796986073255539
v 0.03188498690724373 0.17039914429187775 0.08651727437973022
v 0.16380318999290466 -0.25846847891807556 0.061175163835287094
v 0.010976839810609818 -0.3928767740726471 -0.03073137253522873
v 0.021386438980698586 -0.4279475510120392 -0.03624223172664642
v 0.007049729581922293 -0.4336487352848053 -0.009835137985646725
v 0.001206855638884008 -0.4051363468170166 -0.0021642460487782955
v 0.1598747968673706 -0.20419098436832428 0.043202366679906845
v 0.12930820882320404 -0.124968521296978 0.06174540892243385
v 0.12935829162597656 -0.14149056375026703 0.06257083266973495
v 0.13400663435459137 0.03711450845003128 0.04578585922718048
v 0.13452468812465668 0.013504059053957462 0.04481704905629158
v 0.0794462189078331 0.09230513870716095 0.11414597928524017
v 0.07866160571575165 0.10411159694194794 0.1132337749004364
v 0.171022430062294 -0.38471725583076477 -0.02663436345756054
v 0.12117515504360199 -0.5109624266624451 0.0981457456946373
v 0.08954738080501556 -0.507547914981842 0.1035531535744667
v 0.08505254238843918 -0.5385413765907288 0.09659513086080551
v 0.11607317626476288 -0.541436493396759 0.09241214394569397
v 0.011734860949218273 -0.4769660234451294 0.02928270399570465
v 0.016992837190628052 -0.5086011290550232 0.02061707153916359
v 0.02330036088824272 -0.5128671526908875 0.04341975226998329
v 0.020214447751641273 -0.4826517105102539 0.051771245896816254
v 0.02183063142001629 -0.5403443574905396 0.014546681195497513
v 0.02472667396068573 -0.5712145566940308 0.00820080190896988
v 0.026589881628751755 -0.5769743919372559 0.029434742406010628
v 0.025721129029989243 -0.5455297231674194 0.037033386528491974
v 0.15257132053375244 -0.4783291816711426 0.07824259996414185
v 0.15670910477638245 -0.5357771515846252 0.042661868035793304
v 0.16249768435955048 -0.5047729015350342 0.04384995251893997
v 0.14704209566116333 -0.5105645656585693 0.075679711997509
v 0.1420731097459793 -0.5413086414337158 0.07218144088983536
v 0.1130169928073883 -0.4466470777988434 -0.055329568684101105
v 0.006363612599670887 -0.4233887195587158 0.04789072275161743
v 0.008252734318375587 -0.44762468338012695 0.03878520429134369
v 0.025038287043571472 -0.5031014680862427 -0.021139053627848625
v 0.015818055719137192 -0.4685255289077759 -0.0161949023604393
v 0.03145197406411171 -0.4669751226902008 -0.03906999155879021
v 0.04037241265177727 -0.5022464394569397 -0.04100630432367325
v 0.1366528570652008 -0.5133440494537354 -0.038803234696388245
v 0.13823693990707397 -0.48264679312705994 -0.04036998376250267
v 0.15658734738826752 -0.48809194564819336 -0.018934449180960655
v 0.1529121845960617 -0.5190834403038025 -0.017330266535282135
v 0.16505874693393707 -0.4958883225917816 0.0108830900862813
v 0.15934331715106964 -0.5272401571273804 0.011263327673077583
v 0.1452103853225708 -0.5959679484367371 0.03977648541331291
v 0.15109267830848694 -0.5664384365081787 0.04109632968902588
v 0.13595062494277954 -0.5715360045433044 0.06899501383304596
v 0.12917518615722656 -0.6005792021751404 0.06562119722366333
v 0.14948973059654236 -0.5874891877174377 0.010080182924866676
v 0.1542852371931076 -0.5574210286140442 0.01068221777677536
v 0.14627458155155182 -0.5787293910980225 -0.015527116134762764
v 0.1497664451599121 -0.5490856766700745 -0.01646941713988781
v 0.13309499621391296 -0.572120189666748 -0.03500955179333687
v 0.13543054461479187 -0.5426443219184875 -0.037296295166015625
v 0.11515666544437408 -0.567375898361206 -0.04812299460172653
v 0.11506600677967072 -0.5383688807487488 -0.050287917256355286
v 0.09187867492437363 -0.5351483821868896 -0.05560005083680153
v 0.09468032419681549 -0.5645961165428162 -0.05331020802259445
v 0.07382004708051682 -0.5628508925437927 -0.05066986754536629
v 0.06872640550136566 -0.5333530306816101 -0.0526643730700016
v 0.038695648312568665 -0.5649239420890808 -0.028537636622786522
v 0.032823290675878525 -0.5349858403205872 -0.0247366800904274
v 0.04760710150003433 -0.5336188673973083 -0.04228326678276062
v 0.0539780892431736 -0.5632991194725037 -0.042786333709955215
v 0.05741317570209503 -0.6816279292106628 -0.04397028684616089
v 0.05187494680285454 -0.6506470441818237 -0.041218820959329605
v 0.06886083632707596 -0.6488779783248901 -0.04662322252988815
v 0.07336978614330292 -0.6798054575920105 -0.04796748235821724
v 0.08888678252696991 -0.6782261729240417 -0.0518571101129055
v 0.08503483980894089 -0.6484624147415161 -0.049143996089696884
v 0.10086525231599808 -0.6489787101745605 -0.05051986128091812
v 0.104979008436203 -0.6782134771347046 -0.05248463898897171
v 0.12968528270721436 -0.656175434589386 -0.031256455928087234
v 0.13319404423236847 -0.684820294380188 -0.03332899883389473
v 0.12024061381816864 -0.679954469203949 -0.046704236418008804
v 0.1166292354464531 -0.6511276364326477 -0.04482461139559746
v 0.14408938586711884 -0.6629734635353088 -0.014842649921774864
v 0.14529529213905334 -0.6911028027534485 -0.01589498110115528
v 0.14476218819618225 -0.6707556843757629 0.00831780768930912
v 0.14240898191928864 -0.6984548568725586 0.007143502123653889
v 0.13098782300949097 -0.6777635812759399 0.03358582779765129
v 0.13012833893299103 -0.704461395740509 0.03203307092189789
v 0.031216613948345184 -0.6651523113250732 0.00267153512686491
v 0.030094798654317856 -0.6594040989875793 -0.014384767040610313
v 0.035148605704307556 -0.6894073486328125 -0.020643044263124466
v 0.03479376807808876 -0.6955585479736328 -0.002741411095485091
v 0.05387932434678078 -0.6765264272689819 0.042865149676799774
v 0.05771992728114128 -0.7042726278305054 0.032801803201436996
v 0.0694693997502327 -0.7065361142158508 0.05589297413825989
v 0.06831468641757965 -0.679706871509552 0.06569021195173264
v 0.13963238894939423 -0.623690128326416 0.03814828023314476
v 0.14529770612716675 -0.6154702305793762 0.009690681472420692
v 0.14304926991462708 -0.607049822807312 -0.014903769828379154
v 0.13020430505275726 -0.6001776456832886 -0.03242303058505058
v 0.04329945892095566 -0.5933493971824646 -0.03314622864127159
v 0.05931677669286728 -0.5914934873580933 -0.04427308961749077
v 0.027667256072163582 -0.6071522831916809 0.02122320793569088
v 0.026250015944242477 -0.6011514663696289 0.0011141281574964523
v 0.09525454789400101 -0.6559377908706665 0.07452763617038727
v 0.11920460313558578 -0.655668318271637 0.06062143296003342
v 0.12291618436574936 -0.628197193145752 0.06233213096857071
v 0.09832704812288284 -0.628609836101532 0.07644287496805191
v 0.1446879655122757 -0.6432022452354431 0.008764239028096199
v 0.14235298335552216 -0.6348240971565247 -0.014609887264668941
v 0.12892071902751923 -0.627967357635498 -0.03073311783373356
v 0.09863383322954178 -0.6208446025848389 -0.04967065528035164
v 0.11530039459466934 -0.62293940782547 -0.04390159621834755
v 0.08170716464519501 -0.6198950409889221 -0.048818279057741165
v 0.047511935234069824 -0.6216564178466797 -0.037763480097055435
v 0.06411245465278625 -0.6198767423629761 -0.045991912484169006
v 0.03026966005563736 -0.6366373300552368 0.011831832118332386
v 0.028138417750597 -0.630398154258728 -0.006845387630164623
v 0.09429622441530228 -0.7081353068351746 0.06523815542459488
v 0.11817214637994766 -0.7077713012695312 0.05520538240671158
v 0.11812493950128555 -0.6822559237480164 0.05884659290313721
v 0.09393231570720673 -0.6828724145889282 0.07274162769317627
v 0.09474526345729828 -0.7305201292037964 0.052774567157030106
v 0.07384715229272842 -0.7295530438423157 0.04376700893044472
v 0.10920070856809616 -0.707763135433197 -0.056094691157341
v 0.09326435625553131 -0.7080967426300049 -0.056322094053030014
v 0.12413626164197922 -0.7095764875411987 -0.05012419819831848
v 0.14125104248523712 -0.7263681888580322 0.0076506249606609344
v 0.14595940709114075 -0.7188527584075928 -0.017852988094091415
v 0.12894514203071594 -0.7317438125610352 0.031295496970415115
v 0.1149003654718399 -0.7306671142578125 0.04825247824192047
v 0.04959370195865631 -0.7488822340965271 -0.027644425630569458
v 0.04814472049474716 -0.752427339553833 -0.011565536260604858
v 0.04154334217309952 -0.7233096957206726 -0.007464480586349964
v 0.0434105284512043 -0.7190077900886536 -0.023538514971733093
v 0.0667717456817627 -0.7435616850852966 -0.0525331050157547
v 0.06410669535398483 -0.7128075361251831 -0.04442209005355835
v 0.07835347950458527 -0.7102192044258118 -0.050816383212804794
v 0.08025144040584564 -0.7403285503387451 -0.06253408640623093
v 0.11422625184059143 -0.7380248308181763 -0.0648074820637703
v 0.09685482084751129 -0.7380306720733643 -0.06686568260192871
v 0.13046853244304657 -0.7388664484024048 -0.05741026625037193
v 0.14744332432746887 -0.7485107183456421 -0.01930670440196991
v 0.14424531161785126 -0.7421345114707947 -0.04261693358421326
v 0.13821421563625336 -0.7130597829818726 -0.037391796708106995
v 0.14252962172031403 -0.7553524374961853 0.009347781538963318
v 0.12387526035308838 -0.7924808859825134 0.026665955781936646
v 0.1450095772743225 -0.7863196134567261 0.008499874733388424
v 0.12228614091873169 -0.761260986328125 0.030463755130767822
v 0.10044915229082108 -0.8942477703094482 0.015265092253684998
v 0.10047604888677597 -0.9304192066192627 0.00948033481836319
v 0.12132247537374496 -0.9280394911766052 0.008866393938660622
v 0.12394339591264725 -0.8921647071838379 0.014596977271139622
v 0.04983802139759064 -0.7805504202842712 -0.03409475088119507
v 0.050789423286914825 -0.7826825976371765 -0.015995752066373825
v 0.08152031153440475 -0.7719792723655701 -0.07282698154449463
v 0.0656268522143364 -0.7752698063850403 -0.06278883665800095
v 0.15550720691680908 -0.8117188215255737 -0.025166068226099014
v 0.15246470272541046 -0.8067915439605713 -0.0509333461523056
v 0.14911842346191406 -0.773625910282135 -0.04624252766370773
v 0.15205733478069305 -0.7793846726417542 -0.020924516022205353
v 0.048808496445417404 -0.8843324780464172 -0.02775568701326847
v 0.04624040424823761 -0.8494912981987 -0.024147719144821167
v 0.0460689440369606 -0.8476187586784363 -0.0443388856947422
v 0.04832650348544121 -0.8827950358390808 -0.04646052420139313
v 0.08029322326183319 -0.8055654168128967 -0.08029340952634811
v 0.0804518461227417 -0.8406963348388672 -0.08442721515893936
v 0.06374266743659973 -0.8432770371437073 -0.07460179924964905
v 0.06358586996793747 -0.8087632060050964 -0.070058673620224
v 0.15179258584976196 -0.8835671544075012 -0.03032054379582405
v 0.15003252029418945 -0.8802927732467651 -0.053911466151475906
v 0.15300743281841278 -0.8422015309333801 -0.054011471569538116
v 0.1552247554063797 -0.8465631604194641 -0.028386689722537994
v 0.12557466328144073 -0.8237724304199219 0.023746706545352936
v 0.1262226700782776 -0.8573384284973145 0.01916545256972313
v 0.14659954607486725 -0.8518226146697998 0.0001775575801730156
v 0.14729703962802887 -0.8182872533798218 0.004371638875454664
v 0.10011601448059082 -0.8254406452178955 0.0238228477537632
v 0.10085494071245193 -0.8587729930877686 0.020239122211933136
v 0.06180959939956665 -0.9588121771812439 -0.046198032796382904
v 0.06150834262371063 -0.9626486301422119 -0.031411901116371155
v 0.055105991661548615 -0.9228345155715942 -0.029614441096782684
v 0.055257391184568405 -0.9198805093765259 -0.04632953926920891
v 0.08259685337543488 -0.8774800896644592 -0.08406557142734528
v 0.08540951460599899 -0.9160112738609314 -0.07947924733161926
v 0.07069379091262817 -0.9171875715255737 -0.0717577338218689
v 0.06597588956356049 -0.8794058561325073 -0.07531466335058212
v 0.14185604453086853 -0.9623732566833496 -0.03281240910291672
v 0.13879382610321045 -0.9602373838424683 -0.05258703976869583
v 0.14479240775108337 -0.920193076133728 -0.05340549722313881
v 0.14693063497543335 -0.9224023222923279 -0.03212669864296913
v 0.11873674392700195 -0.9667689204216003 0.0024338404182344675
v 0.13605131208896637 -0.9646973609924316 -0.011226290836930275
v 0.14053033292293549 -0.9248851537704468 -0.006912925746291876
v 0.10001059621572495 -0.968726634979248 0.003581901080906391
v 0.09909376502037048 -1.007070779800415 0.00016811350360512733
v 0.11518285423517227 -1.005341649055481 -0.0005236565484665334
v 0.06635110080242157 -0.996991753578186 -0.04598249867558479
v 0.06759419292211533 -0.9999521970748901 -0.03210091590881348
v 0.07573561370372772 -0.9938796758651733 -0.0656781867146492
v 0.07464522868394852 -0.9560904502868652 -0.06788086146116257
v 0.0870082899928093 -0.9545048475265503 -0.07525662332773209
v 0.08690130710601807 -0.991978645324707 -0.07283655554056168
v 0.11835286766290665 -0.9578409790992737 -0.07477246224880219
v 0.11556526273488998 -0.9949256181716919 -0.07149633020162582
v 0.10119975358247757 -0.9924367070198059 -0.07508115470409393
v 0.10262510925531387 -0.9553158283233643 -0.0778813436627388
v 0.1325523853302002 -0.9968864321708679 -0.05112598091363907
v 0.1252255141735077 -0.9958412051200867 -0.06352582573890686
v 0.1306125819683075 -0.9589775800704956 -0.06680101901292801
v 0.1365099549293518 -0.9988458156585693 -0.033175598829984665
v 0.13104727864265442 -1.00254225730896 -0.012668894603848457
v -0.0008218433358706534 -0.36481669545173645 -0.006750813685357571
v 0.005392563994973898 -0.37018057703971863 -0.01873064413666725
v -0.001969604752957821 -0.3869233727455139 0.008565622381865978
v -0.004269885364919901 -0.3784037232398987 0.020259717479348183
v 0.03729987144470215 -0.5227441787719727 0.06714151054620743
v 0.03733189031481743 -0.4905017912387848 0.07533825188875198
v 0.03563683480024338 -0.5849180817604065 0.05128786340355873
v 0.0369553416967392 -0.554883599281311 0.060209643095731735
v 0.03687677159905434 -0.6144652962684631 0.042287178337574005
v 0.04152108356356621 -0.6727297306060791 0.022227711975574493
v 0.039503976702690125 -0.6434260606765747 0.03230658546090126
v 0.043757714331150055 -0.7007433772087097 0.01386322546750307
v 0.04949958249926567 -0.7283390164375305 0.008967697620391846
v 0.055414728820323944 -0.7569084763526917 0.006105619482696056
v 0.059471484273672104 -0.8172336220741272 -0.001449907198548317
v 0.0599629282951355 -0.7858819961547852 0.001480049453675747
v 0.048403963446617126 -0.8154714107513428 -0.02006528340280056
v 0.0598139725625515 -0.887575626373291 -0.00779362116008997
v 0.05843920633196831 -0.8512840867042542 -0.004225465003401041
v 0.06949254870414734 -0.9664039611816406 -0.016267526894807816
v 0.06379587948322296 -0.9267439842224121 -0.011853693053126335
v 0.07526956498622894 -1.00359308719635 -0.018233487382531166
v 0.07000015676021576 -0.3811401426792145 0.11180263012647629
v 0.07097090780735016 -0.35627275705337524 0.11220967769622803
v 0.045445967465639114 -0.36645665764808655 0.10321436077356339
v 0.04362395033240318 -0.38534605503082275 0.09952181577682495
v 0.000811555830296129 -0.3572843372821808 0.0413818396627903
v -0.0010027794633060694 -0.3622872233390808 0.04039258137345314
v 0.0029106014408171177 -0.3639148473739624 0.0540582574903965
v 0.003952817991375923 -0.35739952325820923 0.05389656871557236
v 0.13509619235992432 -0.6508151888847351 0.036024030297994614
v 0.1150694489479065 -0.5952287316322327 -0.04536215215921402
v 0.07804431766271591 -0.5913572311401367 -0.04906192794442177
v 0.09665434807538986 -0.5927503108978271 -0.05056999251246452
v 0.04978908598423004 -0.6502794027328491 0.0550294890999794
v 0.06976104527711868 -0.653389573097229 0.07049903273582458
v 0.0714903175830841 -0.6262694001197815 0.07603400945663452
v 0.05128428339958191 -0.621619462966919 0.06226145476102829
v 0.09853692352771759 -0.7965731024742126 0.02767752856016159
v 0.07676002383232117 -0.7915052771568298 0.01687495782971382
v 0.07867227494716644 -0.8220073580741882 0.011893164366483688
v 0.09776517003774643 -0.7705421447753906 0.03335763141512871
v 0.13658037781715393 -0.7699565887451172 -0.06435279548168182
v 0.11932406574487686 -0.7688878774642944 -0.07390078902244568
v 0.10096770524978638 -0.8028778433799744 -0.08433027565479279
v 0.10017753392457962 -0.7695497870445251 -0.07645291835069656
v 0.12202709913253784 -0.8019080758094788 -0.08176343888044357
v 0.054750483483076096 -0.5638440251350403 0.07977905124425888
v 0.052112169563770294 -0.5925499796867371 0.07114418596029282
v 0.07558804750442505 -0.5978204607963562 0.08232291042804718
v 0.08008541166782379 -0.568679928779602 0.08988974243402481
v 0.10348775237798691 -0.04978219047188759 -0.04244563728570938
v 0.11599177122116089 -0.053692542016506195 -0.027603942900896072
v 0.1252427101135254 0.06717279553413391 0.0721367672085762
v 0.11667128652334213 0.06032950431108475 0.07977387309074402
v 0.11850351095199585 0.047240249812603 0.07267618179321289
v 0.1285661906003952 0.05417802184820175 0.0616745688021183
v 0.13586363196372986 0.06502123177051544 0.0528433695435524
v 0.13253705203533173 0.07704740017652512 0.065031498670578
v 0.14074435830116272 0.0778450071811676 0.04510022699832916
v 0.13802817463874817 0.08919274806976318 0.057388756424188614
v 0.16129937767982483 0.13756150007247925 0.021433237940073013
v 0.17192861437797546 0.14552582800388336 0.018548164516687393
v 0.02454373612999916 0.030249444767832756 0.11023014783859253
v 0.02356996014714241 0.009892224334180355 0.11603442579507828
v 0.044617943465709686 0.009943008422851562 0.11338061094284058
v 0.047537870705127716 -0.17180755734443665 0.12457175552845001
v 0.05986015498638153 -0.2494087666273117 0.10835295170545578
v 0.03962120786309242 -0.2541738450527191 0.1147746741771698
v 0.034651175141334534 -0.28100258111953735 0.11736509203910828
v 0.004706589505076408 -0.33723321557044983 0.0955045074224472
v -0.0005116441170684993 -0.3456520438194275 0.07882563024759293
v -0.00025287200696766376 -0.3540995419025421 0.05662509426474571
v -0.0007365017663687468 -0.3560068905353546 0.04339569807052612
v 0.05821852758526802 0.007651256397366524 -0.07885711640119553
v 0.06010429561138153 0.03145746514201164 -0.08362102508544922
v 0.015010815113782883 0.1942150741815567 -0.09079324454069138
v 0.03280597925186157 0.19877101480960846 -0.09546371549367905
v 0.030259428545832634 0.22495780885219574 -0.0892798975110054
v 0.013790044002234936 0.21977978944778442 -0.08555229753255844
v 0.012902414426207542 0.23171274363994598 -0.0827065110206604
v 0.028612559661269188 0.23684489727020264 -0.08590559661388397
v 0.01267110276967287 0.29081496596336365 -0.06056198477745056
v 0.013586428016424179 0.2795748710632324 -0.06691473722457886
v -0.0028704223223030567 -0.35786765813827515 0.02468319609761238
v -0.0037204893305897713 -0.35996532440185547 0.017120826989412308
v -0.002850024262443185 -0.3671422004699707 0.037755370140075684
v 0.019764913246035576 -0.4061567187309265 0.07710609585046768
v 0.021711133420467377 -0.3885445296764374 0.08330726623535156
v 0.006629615090787411 -0.3894071877002716 0.06455892324447632
v 0.00595410680398345 -0.40394800901412964 0.05713031068444252
v 0.18228885531425476 -0.3510126769542694 0.013001146726310253
v 0.17492811381816864 -0.35923027992248535 0.05128694698214531
v 0.08392717689275742 -0.3790901303291321 -0.07406646013259888
v 0.34889426827430725 0.1807013303041458 -0.043255098164081573
v 0.3240926265716553 0.1763947308063507 -0.04270993545651436
v 0.32564577460289 0.1831360012292862 -0.053776420652866364
v 0.3503776490688324 0.1879435032606125 -0.053102944046258926
v 0.06198964640498161 0.1051807701587677 -0.1009557843208313
v 0.06994035840034485 0.07963518798351288 -0.09342557936906815
v 0.07741880416870117 0.27935290336608887 0.0016009352402761579
v 0.13521763682365417 0.2868928015232086 -0.005389207974076271
v 0.1230558305978775 0.28626495599746704 -0.008792105130851269
v 0.1256479024887085 0.27516233921051025 0.014396936632692814
v 0.13632220029830933 0.2767864167690277 0.018164601176977158
v 0.13816650211811066 0.24168331921100616 -0.07448586821556091
v 0.1256030648946762 0.23886160552501678 -0.0808960497379303
v 0.12536942958831787 0.2556995451450348 -0.07079732418060303
v 0.13685569167137146 0.25668981671333313 -0.06420224905014038
v 0.0592726431787014 -0.247405007481575 -0.11466074734926224
v 0.030539000406861305 -0.24717867374420166 -0.11376865208148956
v 0.037509821355342865 -0.0587855689227581 -0.06970937550067902
v 0.03736095130443573 -0.03631623834371567 -0.07310453057289124
v 0.0555868074297905 -0.039639465510845184 -0.07038387656211853
v 0.05619615688920021 -0.06126026809215546 -0.06668831408023834
v 0.09275221079587936 0.09349215030670166 -0.09325885772705078
v 0.10669244080781937 0.07824809104204178 -0.08313830941915512
v 0.033227719366550446 0.1044151708483696 0.11106546968221664
v 0.04875974357128143 0.11067565530538559 0.11256808787584305
v 0.0476430281996727 0.12821298837661743 0.1066066324710846
v 0.031335264444351196 0.12404485046863556 0.1058979332447052
v 0.2914413809776306 0.20249560475349426 -0.06584954261779785
v 0.29934191703796387 0.1887970119714737 -0.0615830160677433
v 0.2753294110298157 0.18250834941864014 -0.05816885083913803
v 0.2691969573497772 0.19092732667922974 -0.06293290108442307
v 0.14869116246700287 -0.3576372265815735 -0.06071299687027931
v 0.17342692613601685 -0.34185582399368286 -0.031435705721378326
v 0.13075409829616547 -0.020159883424639702 -0.016556495800614357
v 0.1278134286403656 -0.03940768912434578 -0.013141576200723648
v 0.11722917854785919 -0.034764036536216736 -0.03140002861618996
v 0.12028615176677704 -0.015719128772616386 -0.03549903631210327
v 0.14027756452560425 0.03152190148830414 -0.022031351923942566
v 0.13658545911312103 0.015360934659838676 -0.02116752788424492
v 0.14459213614463806 0.047065671533346176 -0.022832201793789864
v 0.20931926369667053 0.1528356671333313 -0.034117475152015686
v 0.19938170909881592 0.13974887132644653 -0.03120778128504753
v 0.19746863842010498 0.14339257776737213 -0.038693785667419434
v 0.041028812527656555 -0.40804415941238403 0.09536854922771454
v 0.042764101177453995 -0.3295014500617981 0.10673902928829193
v 0.03510996326804161 -0.31338420510292053 0.11002284288406372
v -0.0013155661290511489 -0.35319605469703674 0.027169475331902504
v -0.0010588904842734337 -0.3530770540237427 0.028280671685934067
v 0.0547751858830452 0.2957746088504791 0.021126503124833107
v 0.05925259366631508 0.2989856004714966 0.005382780451327562
v 0.25644800066947937 0.1698128879070282 -0.025417529046535492
v 0.23838254809379578 0.1673728972673416 -0.022359633818268776
v 0.1757698953151703 0.11591821908950806 -0.0161755308508873
v 0.18746310472488403 0.1246185451745987 -0.01878230646252632
v 0.18306323885917664 0.12803933024406433 -0.006676247343420982
v 0.17190897464752197 0.11968062072992325 -0.003519330872222781
v 0.17673692107200623 0.11562786996364594 -0.027581114321947098
v 0.18825379014015198 0.12437330186367035 -0.029024064540863037
v 0.13832877576351166 0.1934095174074173 0.06036335602402687
v 0.1386745572090149 0.21085648238658905 0.05294649302959442
v 0.12719129025936127 0.21348898112773895 0.05433766916394234
v 0.12691743671894073 0.19627264142036438 0.06320010125637054
v 0.11485213041305542 0.1961308866739273 0.06585457921028137
v 0.11531096696853638 0.21403560042381287 0.05601242557168007
v 0.10174807906150818 0.21334455907344818 0.058241166174411774
v 0.10071898251771927 0.19570311903953552 0.068837970495224
v 0.07520858198404312 0.2627094089984894 0.024238869547843933
v 0.061022453010082245 0.2549394369125366 0.03918261080980301
v 0.044207118451595306 0.24848757684230804 0.048698410391807556
v 0.028422333300113678 0.24430441856384277 0.055495649576187134
v 0.013777530752122402 0.26759299635887146 -0.0722765326499939
v 0.03379049152135849 0.27267807722091675 -0.07306835800409317
v 0.028983984142541885 0.2596566379070282 -0.07874519377946854
v 0.012712882831692696 0.25517937541007996 -0.07635296881198883
v -0.0019782630261033773 0.2526029646396637 -0.07424700260162354
v -0.0023156979586929083 0.264860063791275 -0.0704956203699112
v 0.04845301806926727 0.28178587555885315 0.030891817063093185
v 0.0353286936879158 0.2781282663345337 0.042224589735269547
v 0.024559257552027702 0.26370295882225037 0.04826616868376732
v 0.3388872444629669 0.25138649344444275 -0.0022633227054029703
v 0.31341132521629333 0.250974178314209 -0.0031655258499085903
v 0.057166937738657 0.3096643388271332 -0.02542228251695633
v 0.0603182427585125 0.30487605929374695 -0.01003207080066204
v 0.34081926941871643 0.2564757764339447 -0.018635790795087814
v 0.31497570872306824 0.25637075304985046 -0.01925075799226761
v 0.11670861393213272 0.25326406955718994 0.0305638425052166
v 0.12770982086658478 0.25646141171455383 0.031715620309114456
v 0.1146693229675293 0.27256080508232117 0.012294718995690346
v 0.04538075625896454 0.29278019070625305 0.03506399318575859
v 0.03323549032211304 0.2893373668193817 0.04615621641278267
v 0.18087002635002136 -0.31277528405189514 0.020404815673828125
v 0.17247739434242249 -0.3206177055835724 0.05423317104578018
v 0.13314402103424072 -0.06538095325231552 0.03128636255860329
v 0.127497136592865 -0.0692526325583458 0.051553770899772644
v -8.400618389714509e-05 -0.03357601538300514 0.12369650602340698
v -0.0009073029505088925 -0.05445012077689171 0.1262494921684265
v 0.0173148475587368 -0.054995618760585785 0.12691272795200348
v 0.019356954842805862 -0.03300323709845543 0.12405885756015778
v 0.002606694120913744 0.028339385986328125 0.10881294310092926
v 0.0018698165658861399 0.00841351319104433 0.11503036320209503
v 0.010084226727485657 0.2955697178840637 0.06044325605034828
v 0.03337815776467323 -0.10194885730743408 0.12910780310630798
v 0.033859942108392715 -0.0770784243941307 0.12620875239372253
v 0.0159975104033947 -0.07889597862958908 0.12877297401428223
v 0.01525513082742691 -0.10658533126115799 0.1310749053955078
v 0.007615572772920132 -0.13434746861457825 0.13516150414943695
v 0.006140098907053471 -0.1478298455476761 0.1361093819141388
v 0.01608702912926674 -0.29914307594299316 0.12179592251777649
v 0.007142626214772463 -0.29908862709999084 0.12318162620067596
v 0.2454300969839096 0.22708317637443542 0.021444231271743774
v 0.24552638828754425 0.24511659145355225 0.01583564095199108
v 0.22798338532447815 0.2477782815694809 0.02006814256310463
v 0.22893205285072327 0.22807341814041138 0.024923842400312424
v 0.06631424278020859 -0.09900208562612534 0.1126708909869194
v 0.049785248935222626 -0.09969628602266312 0.12287070602178574
v 0.15393707156181335 0.1376979798078537 0.03734366595745087
v 0.15353327989578247 0.12831148505210876 0.023559246212244034
v 0.024243412539362907 0.051907993853092194 0.1074715182185173
v 0.06376217305660248 0.11557465046644211 0.11211515963077545
v 0.0633034035563469 0.13117824494838715 0.10624003410339355
v 0.07795322686433792 0.11847496032714844 0.1095452830195427
v 0.07826119661331177 0.1329624056816101 0.10409694164991379
v -0.0014634095132350922 -0.34499192237854004 0.01102145854383707
v -0.00193573790602386 -0.3554264008998871 0.022852474823594093
v 0.22969606518745422 0.23480571806430817 -0.06111924722790718
v 0.23193776607513428 0.22709687054157257 -0.06340976804494858
v 0.21913136541843414 0.22269560396671295 -0.06472883373498917
v 0.21709130704402924 0.23186218738555908 -0.06273039430379868
v 0.00016763771418482065 -0.41561996936798096 0.025554563850164413
v -0.0014512952184304595 -0.3985876739025116 0.035068102180957794
v 0.015498124994337559 -0.3513788878917694 -0.04385130852460861
v 0.0013317452976480126 -0.35014858841896057 -0.029490241780877113
v -0.0016511500580236316 -0.34630095958709717 -0.029771190136671066
v -0.001395400962792337 -0.3363364040851593 -0.04502398148179054
v 0.062459368258714676 -0.4693835377693176 0.10138767957687378
v 0.06504932045936584 -0.4381216764450073 0.10744155198335648
v 0.0602266862988472 -0.5007905960083008 0.09425442665815353
v 0.05778951942920685 -0.5327150225639343 0.0873415395617485
v 0.062493015080690384 -0.7306060791015625 0.024818139150738716
v 0.07301747053861618 -0.7601310014724731 0.023460697382688522
v 0.0793694481253624 -0.8556536436080933 0.008191220462322235
v 0.07996228337287903 -0.8914241194725037 0.0042710877023637295
v 0.08154340833425522 -0.929578423500061 -0.0008273744024336338
v 0.08595425635576248 -1.0065382719039917 -0.007119009271264076
v 0.083887480199337 -0.9691964983940125 -0.005098418798297644
v 0.34328627586364746 0.2540300488471985 -0.03432055562734604
v 0.3465396463871002 0.246890589594841 -0.04716838151216507
v 0.31941351294517517 0.24644429981708527 -0.049638763070106506
v 0.3157048523426056 0.2544286549091339 -0.03630317375063896
v 0.29658612608909607 0.175404354929924 -0.018842393532395363
v 0.3195364773273468 0.1771710366010666 -0.01975429058074951
v 0.3172290325164795 0.18232186138629913 -0.008993559516966343
v 0.29338347911834717 0.1812373399734497 -0.008219309151172638
v 0.3436576724052429 0.17829227447509766 -0.02062639407813549
v 0.3218170702457428 0.17449378967285156 -0.03094376064836979
v 0.3463255763053894 0.17728038132190704 -0.032082974910736084
v 0.35049527883529663 0.1987832933664322 -0.06035756319761276
v 0.32576489448547363 0.19406381249427795 -0.0615377202630043
v 0.32305657863616943 0.20787638425827026 -0.06513484567403793
v 0.3499227464199066 0.21172738075256348 -0.0637461245059967
v 0.3485015630722046 0.23652061820030212 -0.056468550115823746
v 0.3497772514820099 0.22457896173000336 -0.062209755182266235
v 0.3231908679008484 0.2226354479789734 -0.06386300921440125
v 0.3226510286331177 0.23555642366409302 -0.058334458619356155
v 0.33839333057403564 0.19760823249816895 0.011349016800522804
v 0.3129352331161499 0.1978386789560318 0.011391691863536835
v 0.314642071723938 0.18904760479927063 0.0016996830236166716
v 0.33957406878471375 0.1885327398777008 0.0020021884702146053
v 0.2458914965391159 0.2592834234237671 0.002813244005665183
v 0.22784484922885895 0.2636844217777252 0.006701678968966007
v 0.1819724142551422 0.16803686320781708 0.0255877822637558
v 0.19405975937843323 0.17454391717910767 0.01828080043196678
v 0.1968778371810913 0.18745271861553192 0.028879709541797638
v 0.1841508150100708 0.18434025347232819 0.03523555025458336
v 0.2860148251056671 0.2401173859834671 0.01108916848897934
v 0.288481742143631 0.25170785188674927 -0.0027982641477137804
v 0.26564669609069824 0.25461938977241516 -0.00037863338366150856
v 0.26434698700904846 0.24188311398029327 0.013030501082539558
v 0.2879191040992737 0.19725286960601807 0.011758220382034779
v 0.26395756006240845 0.19562788307666779 0.013572952710092068
v 0.26612892746925354 0.18641239404678345 0.004145699553191662
v 0.2899912893772125 0.18846789002418518 0.002204218879342079
v 0.2768036127090454 0.1735173463821411 -0.048562776297330856
v 0.3006008267402649 0.17777161300182343 -0.05248987302184105
v 0.22874344885349274 0.20831765234470367 0.024057427421212196
v 0.24489831924438477 0.20908954739570618 0.02127866819500923
v 0.14866036176681519 0.1272934079170227 0.04003076255321503
v 0.1640012562274933 0.11254039406776428 -0.0015247688861563802
v 0.1584070920944214 0.10396400839090347 0.0003736238577403128
v 0.11818773299455643 0.07386304438114166 0.0865260511636734
v 0.12091037631034851 0.08786358684301376 0.08990567922592163
v 0.1478123813867569 0.0843413770198822 0.022832460701465607
v 0.1447572112083435 0.0685587003827095 0.029549231752753258
v 0.12510521709918976 0.08873913437128067 0.08459293842315674
v 0.12493941932916641 0.07938991487026215 0.08037281781435013
v 0.08194836974143982 0.007557570468634367 0.09980297088623047
v 0.025922877714037895 0.25350669026374817 0.04934059455990791
v 0.2628246545791626 0.2093491107225418 0.019119810312986374
v 0.2634083926677704 0.22590845823287964 0.019264565780758858
v 0.25141724944114685 0.18412326276302338 -0.059200409799814224
v 0.25427335500717163 0.17653843760490417 -0.05310487747192383
v 0.23651517927646637 0.17121443152427673 -0.048408206552267075
v 0.2350965440273285 0.17845478653907776 -0.05488394945859909
v 0.12690623104572296 0.11671125143766403 -0.08500801771879196
v 0.13423965871334076 0.10518413037061691 -0.0753801167011261
v 0.1203741654753685 0.09218192845582962 -0.07987070828676224
v 0.11045094579458237 0.10501109063625336 -0.0901569128036499
v 0.23160211741924286 0.2494526207447052 -0.052588365972042084
v 0.2176455408334732 0.24981142580509186 -0.05310891196131706
v 0.2194090187549591 0.2584446966648102 -0.043629467487335205
v 0.235377699136734 0.2564569115638733 -0.04409832879900932
v 0.22245298326015472 0.2659303843975067 -0.030172286555171013
v 0.2264271378517151 0.2700725793838501 -0.012427636422216892
v 0.24483661353588104 0.26538509130477905 -0.014915578067302704
v 0.24047349393367767 0.2625245749950409 -0.03162863850593567
v 0.17349247634410858 -0.2740097939968109 -0.0002677589363884181
v 0.16478469967842102 -0.2706184685230255 -0.027531690895557404
v 0.1000850647687912 -0.156239315867424 0.0950494036078453
v 0.11626920104026794 -0.1494881808757782 0.08050311356782913
v 0.08542156964540482 -0.23867522180080414 0.10166007280349731
v 0.00852885004132986 -0.37001150846481323 0.06988145411014557
v 0.023808812722563744 -0.36198264360427856 0.09060364216566086
v 0.003413196885958314 -0.4413245916366577 0.015610497444868088
v 0.17460468411445618 -0.2785187363624573 0.02709469012916088
v 0.017985621467232704 -0.5052895545959473 -0.00011830311268568039
v 0.010296749882400036 -0.47246021032333374 0.0072729215025901794
v 0.06360185891389847 -0.5028365850448608 -0.05344003438949585
v 0.05698777735233307 -0.46881717443466187 -0.05412919819355011
v 0.0857982411980629 -0.47353240847587585 -0.05844996124505997
v 0.08893676847219467 -0.5053501129150391 -0.05735713988542557
v 0.11397702991962433 -0.47838425636291504 -0.0532684326171875
v 0.11429261416196823 -0.5089808106422424 -0.051933471113443375
v 0.1035272479057312 -0.6005502939224243 0.08039342612028122
v 0.10140644013881683 -0.8389525413513184 -0.08839277923107147
v 0.12164252996444702 -0.877259373664856 -0.08339586853981018
v 0.10208563506603241 -0.8769672513008118 -0.08712086826562881
v 0.12247756123542786 -0.8379349708557129 -0.08525045216083527
v 0.14008241891860962 -0.8033126592636108 -0.07034734636545181
v 0.14050576090812683 -0.8391072750091553 -0.07310538738965988
v 0.14389263093471527 -0.8873005509376526 -0.002584365662187338
v 0.10285486280918121 -0.9159398674964905 -0.08248399198055267
v 0.12029263377189636 -0.9176046252250671 -0.07872110605239868
v 0.13869217038154602 -0.8779414892196655 -0.07178941369056702
v 0.13519224524497986 -0.9183506965637207 -0.06901831924915314
v -0.0014141876017674804 -0.3869156539440155 0.044109899550676346
v -0.001235981355421245 -0.3331984281539917 -0.0602569580078125
v 0.1532134860754013 -0.33300405740737915 0.0873696506023407
v 0.15593987703323364 -0.3662881553173065 0.08450145274400711
v 0.06970275193452835 -0.33240216970443726 0.11102905869483948
v 0.09659221768379211 -0.317943811416626 0.1097121611237526
v 0.1017858013510704 -0.07688389718532562 0.08501936495304108
v 0.08503708988428116 -0.07802378386259079 0.09688352048397064
v 0.10736534744501114 -0.03447321057319641 0.07940217107534409
v 0.1046873927116394 -0.056404199451208115 0.08194366097450256
v 0.11863584071397781 -0.05313986912369728 0.06681950390338898
v 0.12071782350540161 -0.032180093228816986 0.06421533972024918
v 0.13722634315490723 -0.026792842894792557 0.02672879584133625
v 0.1345524936914444 -0.04645345360040665 0.029056286439299583
v 0.13401445746421814 -0.04318651929497719 0.007709252182394266
v 0.13647350668907166 -0.02383466623723507 0.004550122190266848
v 0.12678074836730957 -0.05795352905988693 -0.009806947782635689
v 0.1328914612531662 -0.06189141795039177 0.010544955730438232
v 0.07430462539196014 -0.020696090534329414 -0.06828144192695618
v 0.07632022351026535 0.002221104223281145 -0.07255811244249344
v 0.09253401309251785 -0.00371840363368392 -0.06329513341188431
v 0.09023033827543259 -0.02524917759001255 -0.058529891073703766
v 0.025303788483142853 -0.30319690704345703 0.11685477197170258
v 0.0007087039994075894 -0.3708595037460327 0.053788185119628906
v 0.0677528977394104 -0.40842559933662415 0.11095757782459259
v 0.09939859807491302 -0.37707605957984924 0.11734326183795929
v 0.13014492392539978 -0.3737089931964874 0.1085643619298935
v 0.235209658741951 0.1708996742963791 -0.012604299001395702
v 0.16114738583564758 0.1318412721157074 -0.06122234836220741
v 0.15913483500480652 0.1440352201461792 -0.06661011278629303
v 0.2647741436958313 0.2607526481151581 -0.017872532829642296
v 0.2600237727165222 0.2589815557003021 -0.03459753468632698
v 0.24400106072425842 0.19385969638824463 0.01640654169023037
v 0.21316613256931305 0.25062310695648193 0.024014104157686234
v 0.1995255947113037 0.23196575045585632 0.034500602632761
v 0.21410997211933136 0.22925880551338196 0.029680408537387848
v 0.11513679474592209 -0.24982085824012756 0.09227728098630905
v 0.1201874315738678 -0.2768927216529846 0.09661014378070831
v 0.1445237398147583 -0.26661673188209534 0.08220885694026947
v -0.001643238589167595 -0.35235095024108887 -0.013531413860619068
v -0.0013300887076184154 -0.34592533111572266 -0.020234450697898865
v 0.04579309746623039 -0.34828028082847595 0.10558902472257614
v 0.028239000588655472 -0.5677089095115662 -0.011483563110232353
v 0.023763198405504227 -0.5372108221054077 -0.005450809374451637
v 0.03155030310153961 -0.5966724157333374 -0.017810676246881485
v 0.03493678569793701 -0.6251882314682007 -0.023912642151117325
v 0.03797208145260811 -0.6544168591499329 -0.030189160257577896
v 0.04353593289852142 -0.6837093234062195 -0.03578125685453415
v 0.052187707275152206 -0.7145324349403381 -0.0362996980547905
v 0.05702967196702957 -0.7462720274925232 -0.040924906730651855
v 0.047473661601543427 -0.8135359287261963 -0.03988049924373627
v 0.055195532739162445 -0.7777913808822632 -0.04962434247136116
v 0.05308196693658829 -0.8110703229904175 -0.05635795742273331
v 0.052617449313402176 -0.8455684185028076 -0.06083601713180542
v 0.06097814440727234 -0.9184449911117554 -0.06049099937081337
v 0.054770976305007935 -0.881069004535675 -0.06251209229230881
v 0.06645721942186356 -0.9567630887031555 -0.05813842639327049
v 0.06934327632188797 -0.9950565695762634 -0.05689305439591408
v -0.0022569329012185335 -0.35044875741004944 0.009156923741102219
v -0.0021399983670562506 -0.3518703877925873 -0.001142564113251865
v 0.10457329452037811 0.24989430606365204 0.02979474700987339
v 0.16591677069664001 0.12789005041122437 0.008850857615470886
v 0.1764841377735138 0.13513097167015076 0.005750356707721949
v 0.22722379863262177 0.1923193335533142 0.019800592213869095
v -0.0005048706661909819 -0.32763245701789856 -0.07525360584259033
v -0.000618350924924016 -0.3203541040420532 -0.08898130804300308
v 0.2979215383529663 0.2326154261827469 -0.06020602583885193
v 0.2935381829738617 0.2446657419204712 -0.05282403528690338
v 0.24420806765556335 0.18426728248596191 0.006339168641716242
v 0.18366937339305878 0.15607796609401703 0.013666337355971336
v 0.19466394186019897 0.16616980731487274 0.008477711118757725
v 0.5484374165534973 0.25379472970962524 -0.018658965826034546
v 0.5687966346740723 0.2498369663953781 -0.0191170834004879
v 0.5681697726249695 0.25443482398986816 -0.029911570250988007
v 0.5473101735115051 0.2577604353427887 -0.030532926321029663
v 0.5484433770179749 0.24474751949310303 -0.00984084140509367
v 0.5684462785720825 0.24077409505844116 -0.011512046679854393
v 0.545596182346344 0.18969954550266266 -0.027733244001865387
v 0.5664215087890625 0.19153526425361633 -0.03261779621243477
v 0.5659317374229431 0.1983301043510437 -0.021683642640709877
v 0.5450023412704468 0.19760946929454803 -0.016784125939011574
v 0.5870776176452637 0.22689014673233032 -0.010140216909348965
v 0.5675058960914612 0.22971227765083313 -0.007657175417989492
v 0.566281795501709 0.2180861532688141 -0.008716028183698654
v 0.5862072110176086 0.2164313644170761 -0.012372415512800217
v 0.5451534390449524 0.19022810459136963 -0.05550172179937363
v 0.524717390537262 0.1865239143371582 -0.05110397934913635
v 0.5233665704727173 0.19491027295589447 -0.06194427236914635
v 0.5438628196716309 0.19913454353809357 -0.06479281932115555
v 0.4591124653816223 0.1923702359199524 -0.004222140181809664
v 0.44172871112823486 0.19454911351203918 0.0010103423846885562
v 0.44432196021080017 0.18419964611530304 -0.007830132730305195
v 0.4616061747074127 0.18244723975658417 -0.013914404436945915
v 0.5062714219093323 0.2615976631641388 -0.01757161319255829
v 0.5275315046310425 0.2577156722545624 -0.018004972487688065
v 0.5259045958518982 0.2605350613594055 -0.03096366859972477
v 0.5039574503898621 0.26251304149627686 -0.03139554336667061
v 0.5033568739891052 0.2260003238916397 0.0013741322327405214
v 0.4801405966281891 0.22921788692474365 0.0027624950744211674
v 0.47875621914863586 0.214487224817276 0.0003202343941666186
v 0.5015418529510498 0.21126241981983185 -0.0017322271596640348
v 0.48175305128097534 0.2628510892391205 -0.03222279250621796
v 0.484108030796051 0.26505526900291443 -0.018206406384706497
v 0.5459554195404053 0.22016271948814392 -0.004605979658663273
v 0.5251681208610535 0.22288139164447784 -0.0009930026717483997
v 0.5234774351119995 0.20926529169082642 -0.004803101997822523
v 0.5447407364845276 0.20802848041057587 -0.009257394820451736
v 0.5857104063034058 0.19795610010623932 -0.05943525210022926
v 0.5655379891395569 0.1942044496536255 -0.05824802443385124
v 0.564326286315918 0.20310373604297638 -0.06619679182767868
v 0.5847712159156799 0.2066825032234192 -0.06625484675168991
v 0.5858957767486572 0.20730578899383545 -0.017931753769516945
v 0.5655672550201416 0.20760487020015717 -0.014019966125488281
v 0.5862477421760559 0.19922803342342377 -0.025821730494499207
v 0.5870006084442139 0.24765269458293915 -0.05119222030043602
v 0.5654234886169434 0.24862653017044067 -0.05377689376473427
v 0.5667927265167236 0.2537267208099365 -0.04197856783866882
v 0.5878783464431763 0.2516467571258545 -0.04017491266131401
v 0.5023536086082458 0.1883164495229721 -0.016006801277399063
v 0.5240781903266907 0.18837155401706696 -0.021849455311894417
v 0.5233618021011353 0.19734592735767365 -0.011677853763103485
v 0.5014098882675171 0.19829602539539337 -0.007332014385610819
v 0.5065178275108337 0.25325673818588257 -0.006192625500261784
v 0.527743935585022 0.24886706471443176 -0.007920535281300545
v 0.54369056224823 0.24877575039863586 -0.05602573603391647
v 0.5216447710990906 0.2478906363248825 -0.0574660487473011
v 0.5235524773597717 0.2563953101634979 -0.04436012730002403
v 0.5453537106513977 0.25541040301322937 -0.04332331568002701
v 0.4991312623023987 0.23179323971271515 -0.06659220159053802
v 0.5206226110458374 0.23534445464611053 -0.06658313423395157
v 0.5205436944961548 0.2207517772912979 -0.06944947689771652
v 0.4993906617164612 0.21654528379440308 -0.06821392476558685
v 0.4820185899734497 0.1820242553949356 -0.02174670808017254
v 0.480163037776947 0.18998366594314575 -0.010221424512565136
v 0.5039680600166321 0.18334852159023285 -0.04513254389166832
v 0.4832594096660614 0.1802588552236557 -0.03772544488310814
v 0.4824128746986389 0.18656061589717865 -0.0521395206451416
v 0.5027781128883362 0.19093658030033112 -0.057683397084474564
v 0.44167202711105347 0.2489052414894104 0.002056779572740197
v 0.4599025249481201 0.2474416345357895 0.0024635063018649817
v 0.4616008698940277 0.2599214017391205 -0.006126765161752701
v 0.4426056146621704 0.2607298195362091 -0.007953112944960594
v 0.4614863693714142 0.26579588651657104 -0.019936885684728622
v 0.44206345081329346 0.2648826539516449 -0.022747308015823364
v 0.4132958948612213 0.25338053703308105 -0.04049654304981232
v 0.4254034757614136 0.25550949573516846 -0.03888419270515442
v 0.4233476519584656 0.24357880651950836 -0.04727070406079292
v 0.4121026396751404 0.24219749867916107 -0.04896170273423195
v 0.45865505933761597 0.22095094621181488 -0.0673212856054306
v 0.4783191978931427 0.2270141988992691 -0.06711474061012268
v 0.47881263494491577 0.211116224527359 -0.0664638951420784
v 0.45886924862861633 0.20499368011951447 -0.0640973150730133
v 0.44402894377708435 0.18706977367401123 -0.05185516178607941
v 0.4606088101863861 0.19204497337341309 -0.05680297315120697
v 0.4631865918636322 0.18231625854969025 -0.04549429193139076
v 0.4470789432525635 0.17906610667705536 -0.03888072818517685
v 0.38859015703201294 0.1824616938829422 -0.03485015407204628
v 0.40467798709869385 0.18252818286418915 -0.03652443364262581
v 0.40385720133781433 0.18000493943691254 -0.024076223373413086
v 0.3874066472053528 0.18096332252025604 -0.023218687623739243
v 0.399286150932312 0.18907883763313293 -0.00014761461352463812
v 0.39838531613349915 0.19830191135406494 0.008642005734145641
v 0.3822723627090454 0.19793497025966644 0.009906786493957043
v 0.3832229971885681 0.1891791820526123 0.0005752471042796969
v 0.3871278464794159 0.25175705552101135 -0.002057326026260853
v 0.4011533260345459 0.2514377236366272 -0.0012376517988741398
v 0.4015249013900757 0.25964751839637756 -0.015607020817697048
v 0.3876863718032837 0.258115291595459 -0.01786593720316887
v 0.4425877034664154 0.21496066451072693 -0.06702987849712372
v 0.4400732219219208 0.19838257133960724 -0.061809346079826355
v 0.41416117548942566 0.18801158666610718 -0.0015176432207226753
v 0.4287446439266205 0.18603526055812836 -0.004170742817223072
v 0.4263879954814911 0.19601301848888397 0.004510627593845129
v 0.41242480278015137 0.19764664769172668 0.006837704684585333
v 0.41052788496017456 0.2232181429862976 0.00974170584231615
v 0.4244858920574188 0.22151415050029755 0.007574769202619791
v 0.4249509572982788 0.235573410987854 0.005822980310767889
v 0.41238489747047424 0.23677325248718262 0.0067404028959572315
v 0.413043737411499 0.2508062422275543 -0.0001973059115698561
v 0.42620259523391724 0.24998103082180023 0.0010821104515343904
v 0.42681410908699036 0.2607048749923706 -0.010315935127437115
v 0.4134792387485504 0.2603188455104828 -0.01274689007550478
v 0.4324955940246582 0.21244364976882935 -0.06572099030017853
v 0.42374086380004883 0.20949749648571014 -0.06406642496585846
v 0.42171868681907654 0.22175227105617523 -0.06154319643974304
v 0.43041712045669556 0.22541095316410065 -0.06178824603557587
v 0.4328296184539795 0.17765669524669647 -0.03253939375281334
v 0.4309076964855194 0.1841571033000946 -0.0453639030456543
v 0.4395599365234375 0.2198868840932846 0.004607082810252905
v 0.425184428691864 0.20840497314929962 0.008472507819533348
v 0.4402344226837158 0.2065606266260147 0.0049786013551056385
v 0.4265950918197632 0.2631366550922394 -0.02535160258412361
v 0.38981959223747253 0.18701866269111633 -0.04491708427667618
v 0.3728015720844269 0.1844773292541504 -0.04390620440244675
v 0.37349194288253784 0.19144821166992188 -0.05277996510267258
v 0.39026132225990295 0.19344736635684967 -0.053628187626600266
v 0.3714333474636078 0.1803489476442337 -0.03341510891914368
v 0.36920759081840515 0.18023058772087097 -0.022051729261875153
v 0.3631053864955902 0.19773168861865997 0.010949417017400265
v 0.36427757143974304 0.18898941576480865 0.0014579695416614413
v 0.3626019358634949 0.2104325294494629 0.016143720597028732
v 0.3821992874145508 0.21066586673259735 0.014820537529885769
v 0.3822566866874695 0.22463253140449524 0.014326545409858227
v 0.3620736002922058 0.22473955154418945 0.01651994325220585
v 0.3642009496688843 0.2515318691730499 -0.0020224377512931824
v 0.36596357822418213 0.25669199228286743 -0.018120352178812027
v 0.38850805163383484 0.2551455795764923 -0.03175058215856552
v 0.3687688112258911 0.2535313367843628 -0.032985441386699677
v 0.4018229842185974 0.18290844559669495 -0.011321619153022766
v 0.416709840297699 0.1810086965560913 -0.013315700925886631
v 0.542406439781189 0.23770727217197418 -0.06569705158472061
v 0.564279317855835 0.2392181009054184 -0.06357690691947937
v 0.5633723735809326 0.22686395049095154 -0.068455770611763
v 0.5418782830238342 0.22422988712787628 -0.069581538438797
v 0.5633701086044312 0.21452271938323975 -0.06938823312520981
v 0.584173321723938 0.217490553855896 -0.06821897625923157
v 0.5268918871879578 0.23675157129764557 -0.0019775156397372484
v 0.5475454330444336 0.23314456641674042 -0.004846723284572363
v 0.5880345702171326 0.23748981952667236 -0.012233725748956203
v 0.4399993419647217 0.2339065968990326 0.004866549279540777
v 0.4575723707675934 0.23199759423732758 0.0037184504326432943
v 0.41190406680107117 0.23127588629722595 -0.056552015244960785
v 0.40194639563560486 0.2296416312456131 -0.05775640904903412
v 0.40147680044174194 0.24036964774131775 -0.05045181140303612
v 0.44138962030410767 0.23106855154037476 -0.060870807617902756
v 0.4377104640007019 0.24376146495342255 -0.0477973110973835
v 0.45837509632110596 0.25006234645843506 -0.045691221952438354
v 0.45832595229148865 0.2377091646194458 -0.05949600785970688
v 0.4143132269382477 0.20706656575202942 -0.06198649853467941
v 0.4036107361316681 0.20503497123718262 -0.06078856438398361
v 0.40287044644355774 0.21752126514911652 -0.061533406376838684
v 0.4130968153476715 0.21950122714042664 -0.06140251085162163
v 0.3843880891799927 0.23897163569927216 0.008807644248008728
v 0.39948976039886475 0.2378007024526596 0.007384806871414185
v 0.372670441865921 0.23733003437519073 -0.05448232218623161
v 0.37188488245010376 0.2462216019630432 -0.045099277049303055
v 0.3892894983291626 0.24782754480838776 -0.042788852006196976
v 0.38929423689842224 0.2387177050113678 -0.051921211183071136
v 0.40187984704971313 0.25050508975982666 -0.041606396436691284
v 0.37291035056114197 0.22613286972045898 -0.06063142418861389
v 0.38955584168434143 0.2279941588640213 -0.058835119009017944
v 0.3626747131347656 0.23971600830554962 0.010898899286985397
v 0.3901093900203705 0.20339274406433105 -0.06012772023677826
v 0.3733336329460144 0.20156362652778625 -0.05991436541080475
v 0.3732660412788391 0.213911771774292 -0.06262758374214172
v 0.3900739848613739 0.21578764915466309 -0.06176166236400604
v 0.5424324870109558 0.21110346913337708 -0.06925095617771149
v 0.5216034054756165 0.20709513127803802 -0.06775058805942535
v 0.44703054428100586 0.17746254801750183 -0.02246856316924095
v 0.46368008852005005 0.17746838927268982 -0.02949553355574608
v 0.4315811097621918 0.1787448525428772 -0.01708645187318325
v 0.5457829833030701 0.1867351233959198 -0.041885532438755035
v 0.5663204789161682 0.18982194364070892 -0.046061161905527115
v 0.5035385489463806 0.18225885927677155 -0.029317066073417664
v 0.5248904228210449 0.18423564732074738 -0.036131352186203
v 0.4997016489505768 0.24598178267478943 -0.058084432035684586
v 0.41722166538238525 0.18897667527198792 -0.050052035599946976
v 0.4278920292854309 0.1912524253129959 -0.055300358682870865
v 0.4184351861476898 0.1823136806488037 -0.040415555238723755
v 0.36602872610092163 0.18338970839977264 -0.009770995937287807
v 0.3853004276752472 0.1836128681898117 -0.010899697430431843
v 0.4315222501754761 0.20232298970222473 -0.06467064470052719
v 0.34139081835746765 0.18270769715309143 -0.00932469591498375
v 0.44022318720817566 0.25803226232528687 -0.03688937425613403
v 0.4019427001476288 0.25834086537361145 -0.030043555423617363
v 0.41376250982284546 0.2608458995819092 -0.027727076783776283
v 0.588580846786499 0.25161099433898926 -0.028681622818112373
v 0.5052242875099182 0.24040886759757996 0.00026486124261282384
v 0.4567050039768219 0.21747399866580963 0.0020817997865378857
v 0.4575037956237793 0.20421995222568512 0.0006270537851378322
v 0.4047727882862091 0.1879684031009674 -0.046630699187517166
v 0.40437349677085876 0.19443966448307037 -0.05518428981304169
v 0.4154207706451416 0.19606953859329224 -0.057756077498197556
v 0.3978785276412964 0.2107418030500412 0.013234310783445835
v 0.3971448540687561 0.22438570857048035 0.012028585188090801
v 0.5863649845123291 0.19349892437458038 -0.04867790266871452
v 0.41167449951171875 0.20995980501174927 0.011330143548548222
v 0.4596392512321472 0.26085320115089417 -0.033889442682266235
v 0.014505719766020775 0.2072119414806366 -0.08828280866146088
v -0.001236260519362986 0.19229646027088165 -0.08831262588500977
v -0.0012290896847844124 0.20492522418498993 -0.08578134328126907
v 0.14050067961215973 0.05390828847885132 0.03654627874493599
v 0.10926923900842667 0.02772318571805954 0.07801550626754761
v 0.12139426171779633 0.031174086034297943 0.06488368660211563
v 0.15820665657520294 0.12023823708295822 0.010850767605006695
v 0.15319913625717163 0.11053872108459473 0.013731759041547775
v 0.19964206218719482 0.158951997756958 -0.0023668333888053894
v 0.18870222568511963 0.1468839943408966 0.0016696240054443479
v 0.1439448595046997 0.09185314178466797 0.03756386414170265
v 0.07564841955900192 0.4519115388393402 -0.0014185775071382523
v 0.07362961769104004 0.44494524598121643 -0.003877734299749136
v 0.07785109430551529 0.4648563265800476 -0.001359301619231701
v 0.006503007374703884 -0.11977771669626236 0.13169333338737488
v -0.004390579182654619 -0.14991815388202667 0.13480013608932495
v -0.004338160157203674 -0.16347306966781616 0.13377749919891357
v 0.0757022574543953 0.4370300769805908 0.011296309530735016
v 0.0735895112156868 0.4307467043399811 0.007300076074898243
v 0.07770853489637375 0.4336315393447876 0.010189224034547806
v 0.07573282718658447 0.4390746057033539 0.013232773169875145
v 0.07537280023097992 0.43808406591415405 0.012912663631141186
v 0.07867829501628876 0.46767982840538025 0.008602919988334179
v 0.07136541604995728 0.4367651045322418 -0.004207171034067869
v 0.06920364499092102 0.4275378882884979 -0.0026987213641405106
v 0.07677076011896133 0.45472800731658936 0.013126016594469547
v 0.0436936654150486 -0.12809298932552338 -0.07044528424739838
v 0.04808914288878441 -0.14520591497421265 -0.07625745236873627
v 0.024803373962640762 -0.14662255346775055 -0.0783553496003151
v 0.022148696705698967 -0.13001884520053864 -0.0720488578081131
v -2.3846774638514034e-05 -0.16147354245185852 -0.08618326485157013
v -0.0005374255706556141 -0.14641231298446655 -0.07884976267814636
v 0.027697334066033363 -0.163584366440773 -0.08576364070177078
v 0.13764815032482147 -0.1957935094833374 -0.0586324967443943
v 0.13386203348636627 -0.17413005232810974 -0.054511383175849915
v 0.1473325937986374 -0.17248322069644928 -0.03221316635608673
v 0.15179012715816498 -0.1931881606578827 -0.03557085618376732
v 0.14905157685279846 -0.15608476102352142 -0.005538953468203545
v 0.1555279940366745 -0.17314191162586212 -0.006780918687582016
v 0.14076000452041626 -0.15454190969467163 -0.029079953208565712
v 0.15071578323841095 -0.15982438623905182 0.019869105890393257
v 0.1571594923734665 -0.1771080195903778 0.01932082511484623
v 0.14627620577812195 -0.1665164828300476 0.04308782517910004
v 0.15299026668071747 -0.1848938912153244 0.0433422289788723
v 0.1436019092798233 -0.1932578980922699 0.06438998132944107
v 0.12767814099788666 -0.20122674107551575 0.08188603073358536
v 0.11050262302160263 -0.22746065258979797 0.09306364506483078
v 0.1065775603055954 -0.20908205211162567 0.09494136273860931
v 0.08411426842212677 -0.21687600016593933 0.10402494668960571
v 0.0619688555598259 -0.2241026610136032 0.1109774261713028
v 0.04253450036048889 -0.2296033501625061 0.11684218049049377
v 0.025729943066835403 -0.2340671718120575 0.1215553879737854
v 0.010803015902638435 -0.23635819554328918 0.12483233213424683
v -0.0026709367521107197 -0.237647145986557 0.125308096408844
v -0.0021059359423816204 -0.26106753945350647 0.12494824081659317
v 0.10245199501514435 0.2311585247516632 0.04583694413304329
v 0.07857130467891693 0.2872852385044098 -0.05415517836809158
v 0.09493186324834824 0.2908411920070648 -0.03406623378396034
v 0.08698558062314987 0.2838202714920044 -0.054477278143167496
v 0.10946657508611679 0.23328103125095367 -0.08808572590351105
v 0.09065371751785278 0.22452035546302795 -0.0950687825679779
v 0.09094209223985672 0.24090488255023956 -0.08849988877773285
v 0.10985004901885986 0.25136467814445496 -0.07889644056558609
v 0.06937503814697266 0.2770250737667084 -0.06728379428386688
v 0.06496239453554153 0.28019601106643677 -0.0660143792629242
v 0.07491400092840195 0.2723158895969391 -0.06987812370061874
v 0.06126156449317932 0.26195400953292847 -0.08008360862731934
v 0.04412024840712547 0.25434932112693787 -0.08326377719640732
v 0.13497288525104523 0.284390389919281 -0.030021319165825844
v 0.14765051007270813 0.28426393866539 -0.025413427501916885
v 0.14577749371528625 0.2720337510108948 -0.04512438550591469
v 0.1359972357749939 0.272709459066391 -0.050627678632736206
v 0.13882805407047272 0.22618627548217773 -0.08067958056926727
v 0.14900986850261688 0.22863607108592987 -0.07546892762184143
v 0.15006233751773834 0.2140032798051834 -0.07854778319597244
v 0.138849139213562 0.21034611761569977 -0.08357197046279907
v 0.1835901290178299 0.2796517312526703 -0.012652433477342129
v 0.19665345549583435 0.27687305212020874 -0.011466984637081623
v 0.19270022213459015 0.271737664937973 -0.030811825767159462
v 0.18003936111927032 0.2729046642780304 -0.03264666348695755
v 0.14722082018852234 0.24273431301116943 -0.06871974468231201
v 0.08361229300498962 0.11187126487493515 -0.10146895796060562
v 0.10261046141386032 0.1202998086810112 -0.0979093462228775
v 0.11936753243207932 0.12915340065956116 -0.09273848682641983
v 0.15677864849567413 0.15683507919311523 -0.07098443061113358
v 0.14952397346496582 0.13491863012313843 -0.07194674015045166
v 0.14668703079223633 0.14849473536014557 -0.07657597959041595
v 0.16727063059806824 0.1651570349931717 -0.067459337413311
v 0.17614489793777466 0.17050701379776 -0.06382251530885696
v 0.18552933633327484 0.23587821424007416 0.03795642405748367
v 0.1855739951133728 0.20830751955509186 0.041616421192884445
v 0.19888179004192352 0.20749753713607788 0.03531338647007942
v 0.1988474726676941 0.17925554513931274 -0.05753639340400696
v 0.20135240256786346 0.17380842566490173 -0.054752834141254425
v 0.1896243542432785 0.16546498239040375 -0.05431433394551277
v 0.18713802099227905 0.17227356135845184 -0.057370319962501526
v 0.12264913320541382 0.28471019864082336 -0.03387631103396416
v 0.1913328915834427 0.260780394077301 -0.04536173492670059
v 0.18991896510124207 0.24988293647766113 -0.05538937449455261
v 0.17725451290607452 0.2480199635028839 -0.05661125108599663
v 0.17856431007385254 0.26038917899131775 -0.04689864441752434
v 0.19021360576152802 0.2378198802471161 -0.06214297190308571
v 0.19093579053878784 0.22557443380355835 -0.0661521926522255
v 0.17930293083190918 0.22278445959091187 -0.06804624199867249
v 0.17850442230701447 0.23541134595870972 -0.06406055390834808
v 0.1981467753648758 0.18621566891670227 -0.06065157428383827
v 0.18448083102703094 0.17962612211704254 -0.06072857975959778
v 0.21273572742938995 0.26749491691589355 0.008998829871416092
v 0.1610204130411148 0.28550124168395996 0.004615618847310543
v 0.14824482798576355 0.28719615936279297 -0.0003746201691683382
v 0.1478630006313324 0.275836706161499 0.023007309064269066
v 0.15957289934158325 0.2717408835887909 0.026425017043948174
v 0.2168276607990265 0.16550451517105103 -0.008333430625498295
v 0.22124217450618744 0.16222253441810608 -0.018959442153573036
v 0.22347350418567657 0.16028887033462524 -0.02887864038348198
v 0.19472092390060425 0.14985619485378265 -0.045538369566202164
v 0.224153071641922 0.1608980894088745 -0.03710450977087021
v 0.2113800048828125 0.1892377734184265 0.02344372123479843
v 0.21350540220737457 0.20747576653957367 0.028636865317821503
v 0.14785200357437134 0.25348010659217834 0.037646327167749405
v 0.15918397903442383 0.24796165525913239 0.03935723379254341
v 0.21060575544834137 0.27356791496276855 -0.011540600098669529
v 0.20668627321720123 0.26893916726112366 -0.030459105968475342
v 0.22863805294036865 0.18765777349472046 -0.0607997328042984
v 0.2161407470703125 0.18048468232154846 -0.05720469728112221
v 0.21343368291854858 0.18513330817222595 -0.05963180586695671
v 0.1822359412908554 0.1405521184206009 -0.050394222140312195
v 0.19165880978107452 0.15831652283668518 -0.05056023597717285
v 0.15986789762973785 0.28354302048683167 -0.02046072483062744
v 0.20367562770843506 0.24934767186641693 -0.05475539714097977
v 0.2043227106332779 0.25966259837150574 -0.04470068961381912
v 0.1679707169532776 0.23270352184772491 -0.06662213802337646
v 0.15829142928123474 0.23038558661937714 -0.07060442119836807
v 0.15647296607494354 0.24422432482242584 -0.06356614828109741
v 0.1662966012954712 0.24584849178791046 -0.059371571987867355
v 0.20593617856502533 0.21797920763492584 -0.06622336059808731
v 0.2039649337530136 0.22885924577713013 -0.06467850506305695
v 0.15969125926494598 0.2163059115409851 -0.07424268871545792
v 0.16921809315681458 0.21930524706840515 -0.07075237482786179
v 0.21154193580150604 0.19145606458187103 -0.06206176429986954
v 0.13792280852794647 0.2569619119167328 0.0345236137509346
v 0.12794585525989532 0.23412758111953735 0.044054362922906876
v 0.1388683170080185 0.23377378284931183 0.04458142817020416
v 0.14900659024715424 0.22893904149532318 0.045843884348869324
v 0.16047538816928864 0.22164760529994965 0.04647253081202507
v 0.1733614057302475 0.21307016909122467 0.04541240260004997
v 0.11657193303108215 0.23251375555992126 0.04446149989962578
v 0.42482176423072815 0.19884459674358368 -0.06161690130829811
v 0.23263612389564514 0.18428169190883636 -0.058949168771505356
v 0.2407684326171875 0.1941925287246704 -0.06339793652296066
v 0.24617595970630646 0.18984419107437134 -0.061961982399225235
v 0.29726606607437134 0.21931082010269165 -0.064777672290802
v 0.003863670863211155 0.38145458698272705 0.12361607700586319
v 0.004295911639928818 0.37564441561698914 0.1209663525223732
v 0.002554945182055235 0.4058200716972351 0.12435358762741089
v 0.0027198228053748608 0.40212497115135193 0.1250849813222885
v 0.4212965667247772 0.23306213319301605 -0.055121805518865585
v 0.4291597306728363 0.23440295457839966 -0.05458927899599075
v 0.47837331891059875 0.2425551414489746 -0.05859825387597084
v 0.4796067178249359 0.25436583161354065 -0.045381780713796616
v 0.5014656186103821 0.25612854957580566 -0.0450010783970356
v 0.4841003715991974 0.25739139318466187 -0.005349102430045605
v 0.4823746681213379 0.24429555237293243 0.0019282832508906722
v 0.47895002365112305 0.20100277662277222 -0.0035031421575695276
v 0.4803595542907715 0.19761285185813904 -0.0612821951508522
v 0.6282591223716736 0.24100734293460846 -0.015906650573015213
v 0.6482301354408264 0.2378643900156021 -0.014961011707782745
v 0.649170458316803 0.24465340375900269 -0.022924713790416718
v 0.6287713050842285 0.246586412191391 -0.025190185755491257
v 0.6677419543266296 0.23522040247917175 -0.012557238340377808
v 0.6471356153488159 0.22861602902412415 -0.012208335101604462
v 0.6661220788955688 0.22536632418632507 -0.011488452553749084
v 0.6457006335258484 0.2195693850517273 -0.014568029902875423
v 0.6643417477607727 0.21699389815330505 -0.015042927116155624
v 0.6630420684814453 0.210164412856102 -0.021331600844860077
v 0.6447452902793884 0.2117704600095749 -0.019897958263754845
v 0.6449612975120544 0.205910786986351 -0.02640351466834545
v 0.6631393432617188 0.20552067458629608 -0.028301913291215897
v 0.6259037256240845 0.20118628442287445 -0.031987886875867844
v 0.6261390447616577 0.19854849576950073 -0.04161900654435158
v 0.6455661654472351 0.20133894681930542 -0.0431804396212101
v 0.6454473733901978 0.20234017074108124 -0.03435595706105232
v 0.6637871265411377 0.21064089238643646 -0.058423962444067
v 0.6452713012695312 0.20786242187023163 -0.05962560325860977
v 0.6452036499977112 0.2160395234823227 -0.06280744820833206
v 0.6639195084571838 0.21808546781539917 -0.06090252846479416
v 0.6265382766723633 0.2328307032585144 -0.06183134764432907
v 0.6468356251716614 0.2351396232843399 -0.06040174886584282
v 0.6458362936973572 0.22559089958667755 -0.06253063678741455
v 0.6254273056983948 0.22278882563114166 -0.06462299823760986
v 0.6656019687652588 0.23744525015354156 -0.06056203693151474
v 0.6480467319488525 0.24189409613609314 -0.053946442902088165
v 0.666797399520874 0.2442573606967926 -0.053234122693538666
v 0.6076871752738953 0.23463907837867737 -0.012058407068252563
v 0.6084227561950684 0.24377597868442535 -0.01762867160141468
v 0.5885770916938782 0.24636340141296387 -0.018803440034389496
v 0.6254785656929016 0.21311533451080322 -0.017385536804795265
v 0.6261783242225647 0.2217629998922348 -0.012850310653448105
v 0.6065986752510071 0.2243727445602417 -0.011631600558757782
v 0.6058293581008911 0.2148328274488449 -0.01508768554776907
v 0.586439847946167 0.1937909573316574 -0.03661224618554115
v 0.6064754128456116 0.19634178280830383 -0.03945218771696091
v 0.6059920191764832 0.2001572549343109 -0.02927435375750065
v 0.625481367111206 0.20625737309455872 -0.023832865059375763
v 0.6056486368179321 0.2067548632621765 -0.02117180824279785
v 0.6260222792625427 0.1995442658662796 -0.051787860691547394
v 0.6454175710678101 0.2028697431087494 -0.052388787269592285
v 0.6289634108543396 0.24758674204349518 -0.03597760573029518
v 0.6493273973464966 0.24623779952526093 -0.03372606635093689
v 0.6491060853004456 0.24508263170719147 -0.044316366314888
v 0.628683865070343 0.24568210542201996 -0.046321187168359756
v 0.6062983870506287 0.19673940539360046 -0.05043882504105568
v 0.6085417866706848 0.24959206581115723 -0.03807448595762253
v 0.6081060767173767 0.24665763974189758 -0.048670556396245956
v 0.6277428269386292 0.24101626873016357 -0.05563829839229584
v 0.6070840954780579 0.24036391079425812 -0.058031998574733734
v 0.6685245037078857 0.24621790647506714 -0.03144966810941696
v 0.6687606573104858 0.24313580989837646 -0.02026979811489582
v 0.6087373495101929 0.249353289604187 -0.027041779831051826
v 0.6256183981895447 0.20456063747406006 -0.06030918285250664
v 0.6057435274124146 0.20137906074523926 -0.06010233238339424
v 0.6050925254821777 0.2099178433418274 -0.06577210873365402
v 0.6251958608627319 0.21305924654006958 -0.06469573080539703
v 0.5847211480140686 0.22884024679660797 -0.06632135808467865
v 0.6058487296104431 0.2306496798992157 -0.06397083401679993
v 0.6049604415893555 0.22009339928627014 -0.06646277010440826
v 0.6645981669425964 0.22746515274047852 -0.0618588924407959
v 0.5858765244483948 0.2397862821817398 -0.060805793851614
v 0.7472817301750183 0.20269973576068878 -0.02526007406413555
v 0.7521044015884399 0.20131729543209076 -0.016188375651836395
v 0.743002712726593 0.19787199795246124 -0.014272930100560188
v 0.7378675937652588 0.19987227022647858 -0.023981397971510887
v 0.7224900722503662 0.19021816551685333 -0.007223484572023153
v 0.7307695150375366 0.19127599895000458 0.002154675545170903
v 0.7239386439323425 0.1950332522392273 0.008298319764435291
v 0.7142502069473267 0.1940578818321228 2.8284499421715736e-05
v 0.7556374669075012 0.2029833346605301 -0.007691794075071812
v 0.7470657825469971 0.19833491742610931 -0.005939812399446964
v 0.7545905113220215 0.2080339938402176 -0.0016181492246687412
v 0.7633016109466553 0.20762746036052704 -0.00870787724852562
v 0.7627899646759033 0.21466365456581116 -0.005167081952095032
v 0.7704399824142456 0.2179531455039978 -0.007404668722301722
v 0.7688384652137756 0.22646956145763397 -0.011008214205503464
v 0.757385790348053 0.22528447210788727 -0.00709552550688386
v 0.7510155439376831 0.23598206043243408 -0.030491890385746956
v 0.7650474905967712 0.23385822772979736 -0.030714303255081177
v 0.7623588442802429 0.23426088690757751 -0.04113120958209038
v 0.7481229305267334 0.2360718548297882 -0.0405559279024601
v 0.7531676888465881 0.2291528433561325 -0.058718953281641006
v 0.7400935888290405 0.23145274817943573 -0.05665126070380211
v 0.744446873664856 0.23385542631149292 -0.04858116805553436
v 0.7587988376617432 0.23149052262306213 -0.049807287752628326
v 0.7409937977790833 0.20575758814811707 -0.039260488003492355
v 0.7430106401443481 0.20491112768650055 -0.033566899597644806
v 0.7335767149925232 0.20298194885253906 -0.033264752477407455
v 0.7310720086097717 0.20427313446998596 -0.03943831846117973
v 0.7517033815383911 0.2120095044374466 0.008580012246966362
v 0.7530887126922607 0.20825345814228058 0.006882240064442158
v 0.7536467909812927 0.21534724533557892 -3.777944948524237e-05
v 0.7479774355888367 0.21916066110134125 0.001547629595734179
v 0.7056983113288879 0.19759485125541687 -0.04997574910521507
v 0.7053735256195068 0.19809983670711517 -0.042681049555540085
v 0.6950266361236572 0.20035487413406372 -0.039857711642980576
v 0.6943691372871399 0.20003528892993927 -0.04793374240398407
v 0.6996003985404968 0.19651566445827484 -0.014755303040146828
v 0.6960761547088623 0.2079351842403412 -0.007256986573338509
v 0.6895456314086914 0.2094096839427948 -0.012193214148283005
v 0.6945536732673645 0.20037247240543365 -0.021795619279146194
v 0.706020712852478 0.19454574584960938 -0.007847200147807598
v 0.7116824388504028 0.20460011065006256 0.004084997810423374
v 0.7027395367622375 0.20594260096549988 -0.0019194146152585745
v 0.7220779061317444 0.20372959971427917 0.01156245544552803
v 0.6928645372390747 0.20277966558933258 -0.05744088068604469
v 0.7007951736450195 0.20044443011283875 -0.06136126071214676
v 0.8184553980827332 0.20972086489200592 -0.011674711480736732
v 0.8128297328948975 0.21007871627807617 -0.011493945494294167
v 0.8134554624557495 0.20849668979644775 -0.016443317756056786
v 0.819222092628479 0.20844027400016785 -0.01655091531574726
v 0.6991881728172302 0.21800589561462402 -0.06913445144891739
v 0.6927430033683777 0.21729062497615814 -0.06659585982561111
v 0.6940671801567078 0.22628280520439148 -0.06571636348962784
v 0.701019287109375 0.22678323090076447 -0.0662318766117096
v 0.7076608538627625 0.21851059794425964 -0.07222814857959747
v 0.7100868225097656 0.22730426490306854 -0.06723622977733612
v 0.8210030198097229 0.2223169207572937 -0.010433351621031761
v 0.815081775188446 0.22340014576911926 -0.011088704690337181
v 0.8139804005622864 0.2190864533185959 -0.008763817138969898
v 0.8197063207626343 0.2179379165172577 -0.008450821042060852
v 0.7564170956611633 0.2042597234249115 -0.024950925260782242
v 0.7607613801956177 0.20350123941898346 -0.01630372926592827
v 0.7783909440040588 0.20525184273719788 -0.019337186589837074
v 0.7771708965301514 0.20715363323688507 -0.0134417824447155
v 0.7691394686698914 0.20528513193130493 -0.014861004427075386
v 0.7671434283256531 0.20487824082374573 -0.024056529626250267
v 0.7594998478889465 0.20661264657974243 -0.04298900067806244
v 0.7639265656471252 0.20608556270599365 -0.03617304936051369
v 0.7534728646278381 0.2063627690076828 -0.03602050617337227
v 0.7493724226951599 0.20679119229316711 -0.043039243668317795
v 0.7456395626068115 0.20438992977142334 -0.05413774400949478
v 0.7451866269111633 0.2024168074131012 -0.05991590768098831
v 0.7536405324935913 0.20304559171199799 -0.06106116250157356
v 0.755378782749176 0.20489825308322906 -0.05470794439315796
v 0.7755314707756042 0.20646733045578003 -0.050034958869218826
v 0.7740290760993958 0.20624412596225739 -0.05535067617893219
v 0.7828428745269775 0.20894081890583038 -0.05577833577990532
v 0.784741222858429 0.20871500670909882 -0.050782639533281326
v 0.6862767934799194 0.21765369176864624 -0.06461365520954132
v 0.6871306896209717 0.22690288722515106 -0.06488226354122162
v 0.7436333298683167 0.22220467031002045 -0.07494095712900162
v 0.7525225877761841 0.2209646850824356 -0.07839447259902954
v 0.7482144832611084 0.21381491422653198 -0.08416417986154556
v 0.739084005355835 0.21510449051856995 -0.08058518916368484
v 0.7041951417922974 0.23380544781684875 -0.059794407337903976
v 0.6968203186988831 0.23438186943531036 -0.05995985120534897
v 0.822306215763092 0.22461578249931335 -0.015150519087910652
v 0.8163749575614929 0.22593219578266144 -0.01574019528925419
v 0.7245334982872009 0.2135268598794937 0.010281065478920937
v 0.7136554718017578 0.21589307487010956 0.0023732194676995277
v 0.7044550776481628 0.21790455281734467 -0.0038716206327080727
v 0.6974073648452759 0.21957772970199585 -0.007865332067012787
v 0.6906785368919373 0.22118574380874634 -0.009472044184803963
v 0.7720813751220703 0.20525851845741272 -0.028842458501458168
v 0.7506817579269409 0.20546966791152954 -0.0320160798728466
v 0.7391389012336731 0.20578768849372864 -0.04339363053441048
v 0.7331631779670715 0.19853746891021729 -0.07059086859226227
v 0.7360068559646606 0.19951793551445007 -0.06368996202945709
v 0.72907555103302 0.1985175609588623 -0.060955584049224854
v 0.7251678705215454 0.19831782579421997 -0.07015810161828995
v 0.7378034591674805 0.20663896203041077 -0.08155465871095657
v 0.7469354867935181 0.20600102841854095 -0.08382125198841095
v 0.7482948899269104 0.20118755102157593 -0.07925724238157272
v 0.7398290634155273 0.20103709399700165 -0.0774906724691391
v 0.7494603395462036 0.21495456993579865 0.012323287315666676
v 0.741962730884552 0.2200283259153366 0.005311116110533476
v 0.6989596486091614 0.2084251046180725 -0.0678311139345169
v 0.6921662092208862 0.20900176465511322 -0.0639607161283493
v 0.6858419179916382 0.21039223670959473 -0.06059620529413223
v 0.7179673910140991 0.20077133178710938 -0.04167158901691437
v 0.7196874618530273 0.200297012925148 -0.037703923881053925
v 0.7066766023635864 0.19623218476772308 -0.03263487294316292
v 0.7054362893104553 0.1978820413351059 -0.03815917298197746
v 0.7274036407470703 0.1944522261619568 -0.02201400324702263
v 0.7335307598114014 0.192823588848114 -0.011934224516153336
v 0.7151858806610107 0.1911468654870987 -0.017201179638504982
v 0.6948096752166748 0.20011353492736816 -0.032516635954380035
v 0.6866127848625183 0.20346850156784058 -0.030304865911602974
v 0.6866924166679382 0.20327076315879822 -0.038488324731588364
v 0.6863781213760376 0.20363463461399078 -0.046881768852472305
v 0.6859227418899536 0.2056857794523239 -0.05497531592845917
v 0.6773155331611633 0.2049376368522644 -0.02967519871890545
v 0.6775556802749634 0.2040693163871765 -0.03772899508476257
v 0.6775649785995483 0.20497578382492065 -0.04627518355846405
v 0.6775861382484436 0.20727872848510742 -0.05374610424041748
v 0.6790615320205688 0.2377615123987198 -0.06029863655567169
v 0.6887528300285339 0.2358105629682541 -0.06013987958431244
v 0.6780732274055481 0.2276725471019745 -0.06347183883190155
v 0.6793371438980103 0.21353991329669952 -0.013706478290259838
v 0.6778918504714966 0.2084464132785797 -0.021967357024550438
v 0.6871488690376282 0.20556169748306274 -0.021560722962021828
v 0.6815763711929321 0.2227974385023117 -0.0103595070540905
v 0.7369264364242554 0.19325655698776245 0.008869622834026814
v 0.743204653263092 0.19565841555595398 0.0038929397705942392
v 0.7477639317512512 0.19615495204925537 0.009483102709054947
v 0.7428906559944153 0.1942290961742401 0.014273401349782944
v 0.770221471786499 0.2107079029083252 -0.009098249487578869
v 0.7774925827980042 0.21247322857379913 -0.009454518556594849
v 0.7781703472137451 0.21941541135311127 -0.008826066739857197
v 0.7091382145881653 0.1993313729763031 -0.06574659049510956
v 0.7135501503944397 0.19754301011562347 -0.05555609613656998
v 0.7807326316833496 0.2056734412908554 -0.024738561362028122
v 0.8079832196235657 0.22417408227920532 -0.011684478260576725
v 0.7959750890731812 0.22495624423027039 -0.012100598774850368
v 0.7945713996887207 0.21954777836799622 -0.009583943523466587
v 0.8070076107978821 0.21956126391887665 -0.009129073470830917
v 0.7896855473518372 0.209946408867836 -0.028144780546426773
v 0.7973392009735107 0.21197190880775452 -0.02653183788061142
v 0.7949947714805603 0.20834843814373016 -0.02233641780912876
v 0.7872372269630432 0.2073792666196823 -0.02308563143014908
v 0.7716726660728455 0.205020010471344 -0.06162172555923462
v 0.7789836525917053 0.20712368190288544 -0.061866942793130875
v 0.7787129878997803 0.2287117838859558 -0.03107769973576069
v 0.7667728066444397 0.23284827172756195 -0.020013907924294472
v 0.7780010104179382 0.2310335636138916 -0.020548224449157715
v 0.7570492029190063 0.20608599483966827 -0.049152739346027374
v 0.7649336457252502 0.2052103728055954 -0.05510741472244263
v 0.7664475440979004 0.2058834433555603 -0.049695320427417755
v 0.7754380106925964 0.2057168185710907 -0.03126697987318039
v 0.7716880440711975 0.20599249005317688 -0.03607127442955971
v 0.7793048024177551 0.2068854570388794 -0.0350111722946167
v 0.7817513942718506 0.20668698847293854 -0.02936810813844204
v 0.7267162203788757 0.2056550234556198 -0.07895918190479279
v 0.7282518744468689 0.21700944006443024 -0.07767299562692642
v 0.813040018081665 0.21419791877269745 -0.008896593935787678
v 0.8187348246574402 0.21347491443157196 -0.008971596136689186
v 0.6776476502418518 0.21832603216171265 -0.062022268772125244
v 0.6775432825088501 0.21150407195091248 -0.05892093852162361
v 0.7470400929450989 0.20605255663394928 -0.048489052802324295
v 0.7536273002624512 0.23319384455680847 -0.019257860258221626
v 0.7371841669082642 0.20483481884002686 -0.04777238890528679
v 0.7694809436798096 0.2208019644021988 -0.06847946345806122
v 0.7772848606109619 0.2209824174642563 -0.06925459206104279
v 0.776512861251831 0.21478012204170227 -0.07075007259845734
v 0.7689832448959351 0.21452872455120087 -0.07207547128200531
v 0.8089182376861572 0.2138010710477829 -0.02534290961921215
v 0.8160809874534607 0.21465912461280823 -0.024774057790637016
v 0.8148577213287354 0.2104586809873581 -0.02140413410961628
v 0.8073663115501404 0.2095777541399002 -0.021534040570259094
v 0.7851231098175049 0.2069534957408905 -0.01815064251422882
v 0.7933616042137146 0.20732951164245605 -0.01734391786158085
v 0.7925852537155151 0.2093694657087326 -0.012550894170999527
v 0.7839770913124084 0.2087377905845642 -0.013017957098782063
v 0.784439742565155 0.21362599730491638 -0.010067401453852654
v 0.7932819724082947 0.21415872871875763 -0.009967993944883347
v 0.8101881742477417 0.2200668454170227 -0.026159288361668587
v 0.7991514801979065 0.2189214825630188 -0.0271871630102396
v 0.7980655431747437 0.2256210297346115 -0.023932604119181633
v 0.8100191950798035 0.22544081509113312 -0.022363796830177307
v 0.7272186875343323 0.23385263979434967 -0.054609254002571106
v 0.7362701296806335 0.22835077345371246 -0.06504365801811218
v 0.7239453792572021 0.23074695467948914 -0.062446482479572296
v 0.7651267051696777 0.22738942503929138 -0.06074274703860283
v 0.7595824599266052 0.22162079811096191 -0.0693390816450119
v 0.7484128475189209 0.22579453885555267 -0.06745357811450958
v 0.7325294017791748 0.2244357317686081 -0.07174203544855118
v 0.7881971597671509 0.21896310150623322 -0.03372769057750702
v 0.7870258092880249 0.2246159017086029 -0.03523056581616402
v 0.7881088852882385 0.22444388270378113 -0.027186131104826927
v 0.7350653409957886 0.20239198207855225 -0.05413835123181343
v 0.805957019329071 0.2143739014863968 -0.00923200510442257
v 0.7025529742240906 0.23771268129348755 -0.018296292051672935
v 0.7108645439147949 0.2357769012451172 -0.01778082177042961
v 0.7124828696250916 0.24140432476997375 -0.03058966062963009
v 0.7030034065246582 0.24270781874656677 -0.02930731512606144
v 0.8060556054115295 0.20802435278892517 -0.016437405720353127
v 0.805623471736908 0.20958967506885529 -0.011619055643677711
v 0.7707051038742065 0.20505724847316742 -0.0681823268532753
v 0.7716687321662903 0.2074066400527954 -0.07323919981718063
v 0.7772157788276672 0.20929446816444397 -0.07126674801111221
v 0.7772383689880371 0.20742957293987274 -0.06718984991312027
v 0.7208365797996521 0.22670024633407593 -0.06909261643886566
v 0.7585170865058899 0.21996042132377625 -0.08164171129465103
v 0.7555636763572693 0.21246080100536346 -0.08691274374723434
v 0.7128443121910095 0.23286975920200348 -0.060669444501399994
v 0.706905722618103 0.23837904632091522 -0.05106014758348465
v 0.7156960368156433 0.2363554835319519 -0.05265835300087929
v 0.7735852599143982 0.22749727964401245 -0.05048208683729172
v 0.7308121919631958 0.23602621257305145 -0.04727710783481598
v 0.7187684774398804 0.2384614795446396 -0.045291878283023834
v 0.7090582251548767 0.240797221660614 -0.04236035421490669
v 0.7012342214584351 0.24262635409832 -0.04088849574327469
v 0.6994161009788513 0.2398100197315216 -0.05038825422525406
v 0.8091381788253784 0.22685042023658752 -0.01653001643717289
v 0.8171908259391785 0.2248937040567398 -0.021457824856042862
v 0.6805067658424377 0.24350851774215698 -0.05131298303604126
v 0.6907541751861572 0.24147504568099976 -0.05036097764968872
v 0.6819858551025391 0.24563270807266235 -0.04098403453826904
v 0.6925700306892395 0.2442067265510559 -0.04050568491220474
v 0.7240785956382751 0.23938703536987305 -0.028485966846346855
v 0.7218525409698486 0.23988908529281616 -0.03716025501489639
v 0.7373497486114502 0.23761479556560516 -0.030011000111699104
v 0.7342340350151062 0.2378431260585785 -0.03949306532740593
v 0.7753502726554871 0.23199130594730377 -0.04135863482952118
v 0.8315193057060242 0.2194819301366806 -0.02270307019352913
v 0.830804705619812 0.21516020596027374 -0.023749446496367455
v 0.8224377036094666 0.2149067521095276 -0.024457138031721115
v 0.8234524726867676 0.21988876163959503 -0.023671487346291542
v 0.8171098828315735 0.22017134726047516 -0.02485284022986889
v 0.8232803344726562 0.22398968040943146 -0.02051212266087532
v 0.7399671077728271 0.2339664250612259 -0.018452556803822517
v 0.786844789981842 0.20940834283828735 -0.034332308918237686
v 0.7245655655860901 0.23271411657333374 -0.014985035173594952
v 0.7344277501106262 0.22682440280914307 -0.0029595810920000076
v 0.744864284992218 0.22841835021972656 -0.006428753491491079
v 0.7175824642181396 0.2256636917591095 -0.0030033187940716743
v 0.7075801491737366 0.2282811552286148 -0.008198562078177929
v 0.6929695010185242 0.23097416758537292 -0.011544461362063885
v 0.699738085269928 0.22980205714702606 -0.010905837640166283
v 0.6833608150482178 0.23251257836818695 -0.011701967567205429
v 0.728072464466095 0.22180168330669403 0.004783589392900467
v 0.8267489671707153 0.20813316106796265 -0.017301753163337708
v 0.8260172605514526 0.2087775021791458 -0.012136594392359257
v 0.6947421431541443 0.23899295926094055 -0.018320361152291298
v 0.6843441724777222 0.24086421728134155 -0.01875162124633789
v 0.7392999529838562 0.19362108409404755 -0.003016998991370201
v 0.7275599837303162 0.2031979262828827 -0.046567268669605255
v 0.7255269885063171 0.20082877576351166 -0.0512525737285614
v 0.7218395471572876 0.197790265083313 -0.05848223716020584
v 0.7174530029296875 0.19853360950946808 -0.06858818978071213
v 0.6835765242576599 0.24577565491199493 -0.029658934101462364
v 0.6637216210365295 0.20339766144752502 -0.03615271672606468
v 0.6637149453163147 0.20405052602291107 -0.044804759323596954
v 0.6678033471107483 0.24625305831432343 -0.04258027672767639
v 0.8264912366867065 0.21215888857841492 -0.009189603850245476
v 0.7863644957542419 0.21523787081241608 -0.05477892607450485
v 0.7879551649093628 0.21448254585266113 -0.05270203575491905
v 0.7314664721488953 0.19585789740085602 0.014067520387470722
v 0.7392851710319519 0.1967211663722992 0.018735267221927643
v 0.7424699068069458 0.20925064384937286 0.021131843328475952
v 0.7334132790565491 0.21133309602737427 0.016635915264487267
v 0.730536162853241 0.2029663771390915 0.0172985028475523
v 0.7395962476730347 0.20234926044940948 0.02120533026754856
v 0.7170915603637695 0.20028215646743774 -0.04484417662024498
v 0.716137707233429 0.19912327826023102 -0.0493631586432457
v 0.7175687551498413 0.21835356950759888 -0.07498615235090256
v 0.716251790523529 0.2073020190000534 -0.07613683491945267
v 0.7854950428009033 0.21970118582248688 -0.009662294760346413
v 0.786361575126648 0.2253878116607666 -0.012878069654107094
v 0.7783274054527283 0.22648131847381592 -0.012454262003302574
v 0.7968161702156067 0.227833554148674 -0.017902281135320663
v 0.7915684580802917 0.21701599657535553 -0.02904418483376503
v 0.7896724939346313 0.2145731896162033 -0.03293683007359505
v 0.7228235006332397 0.19802017509937286 -0.03116516023874283
v 0.7101116180419922 0.19365713000297546 -0.025799483060836792
v 0.7516137957572937 0.20209990441799164 0.00587502121925354
v 0.7486305236816406 0.20044639706611633 0.0006303079426288605
v 0.7683386206626892 0.20612068474292755 -0.04294255003333092
v 0.7856063842773438 0.2267439067363739 -0.048242293298244476
v 0.7855926752090454 0.22988858819007874 -0.041314899921417236
v 0.7766061425209045 0.2067267894744873 -0.042670171707868576
v 0.827816903591156 0.21634507179260254 -0.008463287726044655
v 0.8291123509407043 0.2206985056400299 -0.010287601500749588
v 0.7869407534599304 0.22886191308498383 -0.0195249542593956
v 0.7628363370895386 0.20370827615261078 -0.06167037785053253
v 0.7873607873916626 0.22101785242557526 -0.05141831189393997
v 0.7806279063224792 0.22341176867485046 -0.05465041100978851
v 0.7535680532455444 0.20584726333618164 -0.08536034822463989
v 0.6945314407348633 0.2441786229610443 -0.0289787445217371
v 0.8206591010093689 0.2103235125541687 -0.02169451117515564
v 0.8284143209457397 0.21028904616832733 -0.022042276337742805
v 0.8309985995292664 0.22247426211833954 -0.019809160381555557
v 0.8299269676208496 0.22317147254943848 -0.014978047460317612
v 0.7071648836135864 0.20808087289333344 -0.07227742671966553
v 0.7292301058769226 0.20422589778900146 -0.04309067502617836
v 0.6636669039726257 0.20618882775306702 -0.0527176558971405
v 0.7370773553848267 0.21818505227565765 0.011876783333718777
v 0.7461209893226624 0.2146083116531372 0.01760956645011902
v 0.7842583060264587 0.20808343589305878 -0.04270871728658676
v 0.7635524868965149 0.21865707635879517 -0.07529115676879883
v 0.7844523787498474 0.22444073855876923 -0.057512518018484116
v 0.7802494764328003 0.22610928118228912 -0.06371822953224182
v 0.7735520601272583 0.22641442716121674 -0.062403056770563126
v 0.787450909614563 0.21974486112594604 -0.05598850175738335
v 0.8367729783058167 0.22239232063293457 -0.01476040668785572
v 0.8376016020774841 0.22176001965999603 -0.01950189098715782
v 0.8362350463867188 0.21994046866893768 -0.010019213892519474
v 0.8342875838279724 0.21556077897548676 -0.008664645254611969
v 0.832400381565094 0.21168974041938782 -0.009500574320554733
v 0.837877631187439 0.21892030537128448 -0.022314701229333878
v 0.8368356823921204 0.21495777368545532 -0.023267801851034164
v 0.8340769410133362 0.21040676534175873 -0.021685322746634483
v 0.8433535099029541 0.21816182136535645 -0.022307686507701874
v 0.8442827463150024 0.22081424295902252 -0.019351808354258537
v 0.8489438891410828 0.2170446217060089 -0.009378899820148945
v 0.8505562543869019 0.2190757840871811 -0.011317042633891106
v 0.846989631652832 0.21983662247657776 -0.011675633490085602
v 0.8436359167098999 0.219264954328537 -0.010005246847867966
v 0.8537455797195435 0.2158375382423401 -0.010071747936308384
v 0.8550471067428589 0.2183789759874344 -0.01169134397059679
v 0.8508960604667664 0.22067120671272278 -0.014800235629081726
v 0.8464648127555847 0.2210337072610855 -0.01449438277631998
v 0.8557643890380859 0.22019140422344208 -0.015253311954438686
v 0.8553706407546997 0.21950840950012207 -0.018960818648338318
v 0.8506754636764526 0.21985433995723724 -0.01841292344033718
v 0.8470176458358765 0.22055627405643463 -0.01748593896627426
v 0.8427687883377075 0.22168400883674622 -0.014540526084601879
v 0.8579122424125671 0.21545173227787018 -0.011999553069472313
v 0.8603180646896362 0.21616502106189728 -0.01611015945672989
v 0.8596913814544678 0.21913257241249084 -0.015627479180693626
v 0.8581697344779968 0.21791966259479523 -0.012442346662282944
v 0.8404537439346313 0.21499019861221313 -0.008844578638672829
v 0.8469507098197937 0.21378977596759796 -0.00942277256399393
v 0.8524122834205627 0.2126876711845398 -0.010543557815253735
v 0.856734037399292 0.2124883085489273 -0.012817954644560814
v 0.8460114002227783 0.21041806042194366 -0.010708061046898365
v 0.8516910672187805 0.21019361913204193 -0.012228095903992653
v 0.8552505970001221 0.2103869915008545 -0.0143217658624053
v 0.8458265662193298 0.20818305015563965 -0.013584285974502563
v 0.8515456318855286 0.20886431634426117 -0.014753691852092743
v 0.8382565379142761 0.21122585237026215 -0.009855294600129128
v 0.837285041809082 0.2084895819425583 -0.012721979059278965
v 0.8541532158851624 0.20958107709884644 -0.015662802383303642
v 0.8590196371078491 0.2134314924478531 -0.01692771166563034
v 0.8497647047042847 0.21892018616199493 -0.021018944680690765
v 0.8547679781913757 0.21784555912017822 -0.021324455738067627
v 0.8490282297134399 0.21681742370128632 -0.02263062074780464
v 0.8541125059127808 0.21573399007320404 -0.022507453337311745
v 0.8587596416473389 0.21916930377483368 -0.01899697259068489
v 0.8588648438453674 0.21709778904914856 -0.020311005413532257
v 0.8315231800079346 0.2086433470249176 -0.012452496215701103
v 0.832233726978302 0.2083602398633957 -0.017607849091291428
v 0.8378567099571228 0.20814673602581024 -0.017536040395498276
v 0.8461189866065979 0.2078336775302887 -0.018211286514997482
v 0.8395668864250183 0.21044138073921204 -0.02150009572505951
v 0.8423048853874207 0.21447865664958954 -0.023112118244171143
v 0.8482991456985474 0.21395213901996613 -0.023003343492746353
v 0.8469281196594238 0.2103833705186844 -0.021892478689551353
v 0.8531405329704285 0.21311043202877045 -0.022452380508184433
v 0.8522613644599915 0.21057456731796265 -0.021281572058796883
v 0.8518460392951965 0.2089119255542755 -0.0183116402477026
v 0.8562157154083252 0.212306410074234 -0.02088557556271553
v 0.8577607274055481 0.21460796892642975 -0.020976591855287552
v 0.8568701148033142 0.21136505901813507 -0.017638782039284706
v 0.8547447919845581 0.21000170707702637 -0.01808931678533554
v 0.8547661304473877 0.21082967519760132 -0.020289387553930283
v 0.8253254294395447 0.21155937016010284 -0.04341895505785942
v 0.8179787993431091 0.21207362413406372 -0.04208885878324509
v 0.8176006078720093 0.21118241548538208 -0.04676245152950287
v 0.8251416683197021 0.2108699381351471 -0.04824984818696976
v 0.8259422183036804 0.22400596737861633 -0.04002773389220238
v 0.8191215395927429 0.22507841885089874 -0.039434924721717834
v 0.8189061880111694 0.21974784135818481 -0.038001228123903275
v 0.8257883191108704 0.21850065886974335 -0.03897231072187424
v 0.8255022764205933 0.22671042382717133 -0.04553105682134628
v 0.818738579750061 0.2280312031507492 -0.044994328171014786
v 0.8110348582267761 0.2257743775844574 -0.03837250545620918
v 0.7972891330718994 0.22506290674209595 -0.036977678537368774
v 0.7972506880760193 0.21916066110134125 -0.036041490733623505
v 0.8108782768249512 0.2201741337776184 -0.037168629467487335
v 0.7960516214370728 0.21477457880973816 -0.05252628028392792
v 0.794460654258728 0.21109813451766968 -0.04921906813979149
v 0.8184700608253479 0.21520593762397766 -0.03944789618253708
v 0.8256402015686035 0.2141881138086319 -0.04038968309760094
v 0.8097984790802002 0.21562808752059937 -0.05367455631494522
v 0.8184801340103149 0.21604321897029877 -0.05472319573163986
v 0.8179073929786682 0.21255333721637726 -0.05146075040102005
v 0.809127151966095 0.21200323104858398 -0.05032159388065338
v 0.7942110300064087 0.209781214594841 -0.04339370131492615
v 0.7952464818954468 0.2106550633907318 -0.037756018340587616
v 0.7966188788414001 0.21440424025058746 -0.03592747449874878
v 0.8104985952377319 0.2211441993713379 -0.05408848449587822
v 0.797214925289154 0.22107186913490295 -0.05254295468330383
v 0.7969889640808105 0.22690360248088837 -0.048956409096717834
v 0.8108174800872803 0.22636926174163818 -0.05063343048095703
v 0.8102442026138306 0.21527951955795288 -0.038038402795791626
v 0.8087678551673889 0.2107994109392166 -0.04512621462345123
v 0.8094542026519775 0.2116854190826416 -0.040376126766204834
v 0.8106340765953064 0.2286939173936844 -0.04416891187429428
v 0.8188586831092834 0.22561907768249512 -0.05143839120864868
v 0.8355034589767456 0.2202521711587906 -0.05544024705886841
v 0.8356090188026428 0.21602077782154083 -0.05654928460717201
v 0.8258981108665466 0.21593131124973297 -0.055794090032577515
v 0.8261750340461731 0.22057510912418365 -0.05519241839647293
v 0.8189751505851746 0.22081243991851807 -0.05468197911977768
v 0.8257519602775574 0.22485323250293732 -0.05162902921438217
v 0.8356701135635376 0.21044623851776123 -0.05027486011385918
v 0.8355797529220581 0.21077294647693634 -0.04520123824477196
v 0.8357731699943542 0.21309581398963928 -0.042004864662885666
v 0.7969494462013245 0.22962051630020142 -0.0424368716776371
v 0.8356379866600037 0.2170601338148117 -0.040734462440013885
v 0.8354442119598389 0.22245311737060547 -0.04137367010116577
v 0.8254376649856567 0.21228007972240448 -0.05292116105556488
v 0.8354138135910034 0.2120768129825592 -0.054540734738111496
v 0.8349847197532654 0.22382189333438873 -0.05212048441171646
v 0.8346301913261414 0.22542929649353027 -0.046472541987895966
v 0.8426706790924072 0.2241302728652954 -0.047690410166978836
v 0.8426587581634521 0.22276481986045837 -0.052857689559459686
v 0.8435063362121582 0.22160300612449646 -0.04272889345884323
v 0.8429090976715088 0.21659120917320251 -0.04192718118429184
v 0.8422725200653076 0.21296082437038422 -0.04318084567785263
v 0.8428777456283569 0.21989646553993225 -0.05572371929883957
v 0.8424955010414124 0.2162705510854721 -0.056802473962306976
v 0.8416450023651123 0.2123769372701645 -0.05514069274067879
v 0.8498437404632568 0.21942274272441864 -0.05657302588224411
v 0.8508471250534058 0.22210250794887543 -0.05406864732503891
v 0.8630282282829285 0.21832256019115448 -0.04644966870546341
v 0.8637158274650574 0.22114810347557068 -0.04784224554896355
v 0.8586060404777527 0.22138100862503052 -0.04702106863260269
v 0.8575432896614075 0.21939373016357422 -0.044882144778966904
v 0.8549209833145142 0.22211724519729614 -0.046893320977687836
v 0.8517260551452637 0.2212781310081482 -0.04446498304605484
v 0.8585699796676636 0.2228720784187317 -0.05060353875160217
v 0.8541839122772217 0.2228853851556778 -0.04981934651732445
v 0.8641343116760254 0.22334910929203033 -0.051641806960105896
v 0.8631777763366699 0.22237727046012878 -0.05522339046001434
v 0.8576744794845581 0.22197403013706207 -0.05379076302051544
v 0.8540422916412354 0.2221747785806656 -0.05273335799574852
v 0.8677835464477539 0.2185310274362564 -0.048936404287815094
v 0.867523193359375 0.2211027592420578 -0.04897863417863846
v 0.849889874458313 0.22349445521831512 -0.04906095191836357
v 0.8492110967636108 0.21663491427898407 -0.04331783577799797
v 0.8562228083610535 0.21586927771568298 -0.04462788999080658
v 0.8625522255897522 0.21531669795513153 -0.046705033630132675
v 0.8670637607574463 0.2155665159225464 -0.04963259771466255
v 0.8553411960601807 0.21232002973556519 -0.04587271064519882
v 0.8617739081382751 0.2125832885503769 -0.04801545664668083
v 0.865428626537323 0.21341219544410706 -0.050833504647016525
v 0.8547467589378357 0.2100033462047577 -0.04904862493276596
v 0.8610910177230835 0.21102632582187653 -0.05079805478453636
v 0.8476726412773132 0.21279409527778625 -0.044360000640153885
v 0.8467687368392944 0.2105252742767334 -0.047368332743644714
v 0.8639904856681824 0.21233679354190826 -0.052055343985557556
v 0.8686845302581787 0.21699362993240356 -0.053608108311891556
v 0.8699025511741638 0.22003497183322906 -0.05306272208690643
v 0.8692045211791992 0.2232576459646225 -0.052370987832546234
v 0.8569318652153015 0.22056612372398376 -0.05568255856633186
v 0.8627623319625854 0.22029049694538116 -0.056645989418029785
v 0.8565306067466736 0.21894367039203644 -0.057610880583524704
v 0.8624762296676636 0.2185678333044052 -0.05805685371160507
v 0.8674324750900269 0.2226363718509674 -0.055813856422901154
v 0.8676015138626099 0.22055558860301971 -0.056547313928604126
v 0.8417292237281799 0.21081584692001343 -0.04637088626623154
v 0.8414725065231323 0.21056468784809113 -0.05098355561494827
v 0.8464955687522888 0.21021582186222076 -0.05189478024840355
v 0.8544274568557739 0.21005482971668243 -0.05365975573658943
v 0.8468290567398071 0.21235984563827515 -0.055911071598529816
v 0.8486436605453491 0.21626035869121552 -0.057538144290447235
v 0.8555416464805603 0.2162119597196579 -0.05827087163925171
v 0.8545429706573486 0.21268236637115479 -0.05719849094748497
v 0.8614380955696106 0.21618187427520752 -0.058228690177202225
v 0.8605833649635315 0.21339283883571625 -0.05735732242465019
v 0.860621988773346 0.21115325391292572 -0.054605741053819656
v 0.8652981519699097 0.21572904288768768 -0.05713183432817459
v 0.8669019937515259 0.21805578470230103 -0.0571492463350296
v 0.8665686845779419 0.2145686149597168 -0.05418173596262932
v 0.8641881346702576 0.21277660131454468 -0.054571546614170074
v 0.8636492490768433 0.21389801800251007 -0.056706007570028305
v 0.8133549094200134 0.2114085555076599 -0.06628963351249695
v 0.8076326251029968 0.21198508143424988 -0.06472112238407135
v 0.8059180974960327 0.2096720039844513 -0.06879088282585144
v 0.811840832233429 0.20901258289813995 -0.07050436735153198
v 0.8141306042671204 0.2226230502128601 -0.06668419390916824
v 0.8075817227363586 0.22389785945415497 -0.06444467604160309
v 0.8087457418441772 0.2201131135225296 -0.06262417882680893
v 0.814729630947113 0.2194594293832779 -0.0647866502404213
v 0.8129308223724365 0.22381389141082764 -0.07125271111726761
v 0.8058114647865295 0.22510409355163574 -0.06964433938264847
v 0.8009387850761414 0.22435443103313446 -0.062389012426137924
v 0.7913458347320557 0.22442151606082916 -0.05983944982290268
v 0.7929545044898987 0.21938422322273254 -0.05812433734536171
v 0.8025517463684082 0.22000254690647125 -0.06044995039701462
v 0.8087198734283447 0.21588686108589172 -0.06284572929143906
v 0.8145550489425659 0.2154606431722641 -0.0647008866071701
v 0.796894371509552 0.21143722534179688 -0.07455941289663315
v 0.8041806817054749 0.2120400369167328 -0.07634700834751129
v 0.8046880960464478 0.20983296632766724 -0.07321339845657349
v 0.7974432110786438 0.2094297707080841 -0.07121805101633072
v 0.7870680689811707 0.20867106318473816 -0.06373917311429977
v 0.7897602915763855 0.2106354534626007 -0.059642575681209564
v 0.7920525670051575 0.2144482433795929 -0.05822434648871422
v 0.7969573140144348 0.2163214534521103 -0.07613670825958252
v 0.7855933308601379 0.2155732959508896 -0.07286091148853302
v 0.7864465713500977 0.22186288237571716 -0.07130485028028488
v 0.7972794771194458 0.22230519354343414 -0.07374035567045212
v 0.80258709192276 0.21540509164333344 -0.06086418032646179
v 0.7990198731422424 0.20901906490325928 -0.06679654121398926
v 0.8011607527732849 0.21137399971485138 -0.06270560622215271
v 0.7985916137695312 0.2255096733570099 -0.06787519156932831
v 0.8044542670249939 0.22198417782783508 -0.07505592703819275
v 0.8210088014602661 0.21678069233894348 -0.08067283034324646
v 0.820698082447052 0.21260948479175568 -0.08076615631580353
v 0.8105822801589966 0.21199636161327362 -0.07834514230489731
v 0.8108561038970947 0.21660372614860535 -0.07889974117279053
v 0.8040618300437927 0.21649187803268433 -0.07765065133571625
v 0.8117119669914246 0.22139227390289307 -0.07626456767320633
v 0.8210182189941406 0.2086615264415741 -0.07325588911771774
v 0.8221933245658875 0.21039478480815887 -0.06897696852684021
v 0.823189377784729 0.21427211165428162 -0.0673445463180542
v 0.7886543869972229 0.22594600915908813 -0.06551210582256317
v 0.7851465940475464 0.21044893562793732 -0.07155575603246689
v 0.8236634135246277 0.21781548857688904 -0.06743372976779938
v 0.8235177993774414 0.2209031730890274 -0.06910108774900436
v 0.8107602596282959 0.20941680669784546 -0.07513739168643951
v 0.820268452167511 0.20947599411010742 -0.07790730148553848
v 0.8215566277503967 0.22070293128490448 -0.07798800617456436
v 0.8223398923873901 0.22266210615634918 -0.07334600389003754
v 0.8291967511177063 0.2218696027994156 -0.07487606257200241
v 0.8282914161682129 0.22038927674293518 -0.07959015667438507
v 0.8305678963661194 0.2202780544757843 -0.07061080634593964
v 0.8302296996116638 0.2168939858675003 -0.06923132389783859
v 0.8291878700256348 0.21353648602962494 -0.06921137124300003
v 0.8277727365493774 0.21661344170570374 -0.08200713247060776
v 0.8273572325706482 0.21300281584262848 -0.08194608986377716
v 0.8261204957962036 0.20980562269687653 -0.0792178362607956
v 0.8327701091766357 0.21625477075576782 -0.08339476585388184
v 0.834438681602478 0.2195822149515152 -0.08091026544570923
v 0.8475003838539124 0.21722593903541565 -0.07443021237850189
v 0.8475703001022339 0.21886907517910004 -0.0760507732629776
v 0.8429349660873413 0.21877457201480865 -0.07494465261697769
v 0.842775821685791 0.2177901566028595 -0.07293108850717545
v 0.8394946455955505 0.21965904533863068 -0.07440152764320374
v 0.8369709253311157 0.21958033740520477 -0.0723087340593338
v 0.8423436284065247 0.22050489485263824 -0.07821086049079895
v 0.8382093906402588 0.22064606845378876 -0.07705351710319519
v 0.8469680547714233 0.22038587927818298 -0.07960230112075806
v 0.8452129364013672 0.218947634100914 -0.08300215005874634
v 0.840659499168396 0.21897298097610474 -0.0814303383231163
v 0.8375189900398254 0.21989406645298004 -0.07998332381248474
v 0.8511611223220825 0.21725985407829285 -0.07689138501882553
v 0.8505780100822449 0.21898308396339417 -0.07746470719575882
v 0.8345980048179626 0.22102493047714233 -0.07615742832422256
v 0.8354937434196472 0.21627119183540344 -0.07057541608810425
v 0.8416682481765747 0.21517464518547058 -0.07196541875600815
v 0.8468794822692871 0.2145746946334839 -0.07387452572584152
v 0.8502219915390015 0.21432165801525116 -0.07673712074756622
v 0.8402942419052124 0.21210239827632904 -0.07247292250394821
v 0.8455607891082764 0.21187825500965118 -0.07455279678106308
v 0.8484005331993103 0.21184849739074707 -0.07710442692041397
v 0.8388621211051941 0.2095009982585907 -0.07413052767515182
v 0.8443201184272766 0.20986507833003998 -0.076179638504982
v 0.8340253829956055 0.21288615465164185 -0.07080497592687607
v 0.8322567939758301 0.21011729538440704 -0.07243063300848007
v 0.8467860817909241 0.21062920987606049 -0.07774605602025986
v 0.8507232069969177 0.21448080241680145 -0.08128025382757187
v 0.8517833948135376 0.2177012860774994 -0.08121763169765472
v 0.8509132266044617 0.2202395349740982 -0.08081874996423721
v 0.839242696762085 0.21774061024188995 -0.0834873765707016
v 0.8441849946975708 0.21715147793293 -0.08462361246347427
v 0.838171124458313 0.2153562605381012 -0.08444502204656601
v 0.8435381650924683 0.21497823297977448 -0.0851919949054718
v 0.848668098449707 0.21920520067214966 -0.08346953988075256
v 0.848601758480072 0.21747493743896484 -0.0843280479311943
v 0.8277117609977722 0.21050791442394257 -0.07081979513168335
v 0.8263570070266724 0.2090223878622055 -0.07465729117393494
v 0.8309980034828186 0.20891666412353516 -0.07582858204841614
v 0.8378831744194031 0.20856422185897827 -0.07780960202217102
v 0.8305982351303101 0.209889218211174 -0.08016142249107361
v 0.8317928910255432 0.21286888420581818 -0.08276644349098206
v 0.8374984264373779 0.2125042974948883 -0.08391354978084564
v 0.837005078792572 0.20987923443317413 -0.08164838701486588
v 0.8428695201873779 0.21247509121894836 -0.08454030752182007
v 0.8426004648208618 0.21026678383350372 -0.08266839385032654
v 0.8433007597923279 0.20920179784297943 -0.07939533144235611
v 0.8465898633003235 0.21248924732208252 -0.08377441018819809
v 0.8477191925048828 0.2149686962366104 -0.08449938148260117
v 0.8487251400947571 0.2120760679244995 -0.08073544502258301
v 0.846565842628479 0.21048858761787415 -0.08019957691431046
v 0.8455003499984741 0.21087850630283356 -0.08259911090135574
v 0.785377025604248 0.20890234410762787 -0.06801702082157135
v 0.7882773280143738 0.2067568302154541 -0.09055832028388977
v 0.7841374278068542 0.2072920799255371 -0.08780262619256973
v 0.7821750044822693 0.20545274019241333 -0.09051498770713806
v 0.7862162590026855 0.20483557879924774 -0.09325417876243591
v 0.7888643145561218 0.21671909093856812 -0.09301304817199707
v 0.7841688394546509 0.2177751213312149 -0.08995071798563004
v 0.7856360673904419 0.21466690301895142 -0.08707974851131439
v 0.7902159690856934 0.21392887830734253 -0.09019743651151657
v 0.7862252593040466 0.21681208908557892 -0.09748820215463638
v 0.7812790870666504 0.21787595748901367 -0.0947219580411911
v 0.7785738110542297 0.2179696410894394 -0.0862966775894165
v 0.7697471976280212 0.21838416159152985 -0.08018700778484344
v 0.7724990844726562 0.21419812738895416 -0.07813550531864166
v 0.7803043127059937 0.21459127962589264 -0.08350198715925217
v 0.7588554620742798 0.2059430480003357 -0.08646983653306961
v 0.7650138735771179 0.20588622987270355 -0.0892874076962471
v 0.7671455144882202 0.20426246523857117 -0.08608292788267136
v 0.7602689862251282 0.2034769356250763 -0.08277806639671326
v 0.7855344414710999 0.2106827348470688 -0.08645565807819366
v 0.7898093461990356 0.2101566344499588 -0.08959698677062988
v 0.7735207080841064 0.20627637207508087 -0.09401263296604156
v 0.7785384058952332 0.20646975934505463 -0.09715280681848526
v 0.7802753448486328 0.20514702796936035 -0.0938788577914238
v 0.775570809841156 0.20472532510757446 -0.09085026383399963
v 0.763408899307251 0.20300012826919556 -0.07888004183769226
v 0.7695595026016235 0.20440848171710968 -0.08276483416557312
v 0.7715297937393188 0.2063017636537552 -0.07966073602437973
v 0.7670457363128662 0.20415861904621124 -0.07523051649332047
v 0.7728878855705261 0.20932640135288239 -0.07835472375154495
v 0.7723949551582336 0.2098541557788849 -0.09583757817745209
v 0.7636796832084656 0.20938463509082794 -0.09092582017183304
v 0.7631447315216064 0.214495450258255 -0.09043314307928085
v 0.7729986906051636 0.21464911103248596 -0.09520832449197769
v 0.7805352807044983 0.21050190925598145 -0.08325227349996567
v 0.7775923609733582 0.20510269701480865 -0.08758991956710815
v 0.7793868184089661 0.20718254148960114 -0.08465663343667984
v 0.7754138112068176 0.21837440133094788 -0.09093452990055084
v 0.7788234949111938 0.2143763303756714 -0.09836065024137497
v 0.7883089780807495 0.2085345983505249 -0.10551849752664566
v 0.7884429693222046 0.20552924275398254 -0.10393644124269485
v 0.7827462553977966 0.20598015189170837 -0.10018293559551239
v 0.7822562456130981 0.20939849317073822 -0.10210217535495758
v 0.7777507305145264 0.2099263072013855 -0.09916666150093079
v 0.7835968732833862 0.21365110576152802 -0.10119615495204926
v 0.7915422320365906 0.20409773290157318 -0.09688813984394073
v 0.793956995010376 0.20599009096622467 -0.09426270425319672
v 0.7953605651855469 0.20919764041900635 -0.09329421818256378
v 0.7657644748687744 0.21955469250679016 -0.08533830940723419
v 0.7960097193717957 0.21253515779972076 -0.09399091452360153
v 0.7949864268302917 0.21519875526428223 -0.09652019292116165
v 0.7843012809753418 0.20457236468791962 -0.09675023704767227
v 0.7897132635116577 0.20400764048099518 -0.10054171830415726
v 0.7897060513496399 0.21242140233516693 -0.10454121977090836
v 0.7922520637512207 0.21535487473011017 -0.10072822123765945
v 0.7972313165664673 0.2147301733493805 -0.10350530594587326
v 0.7947803139686584 0.21185584366321564 -0.10732949525117874
v 0.7997062802314758 0.214279443025589 -0.09920600801706314
v 0.8002152442932129 0.21175186336040497 -0.09661949425935745
v 0.7991434335708618 0.2085425853729248 -0.09601867198944092
v 0.7931005954742432 0.20785413682460785 -0.10800646245479584
v 0.7929980158805847 0.20539778470993042 -0.10617518424987793
v 0.793714702129364 0.20420683920383453 -0.10286474972963333
v 0.7976869940757751 0.20756404101848602 -0.11018217355012894
v 0.799976646900177 0.2112884372472763 -0.10968277603387833
v 0.8124138712882996 0.21057726442813873 -0.10454051941633224
v 0.8117390871047974 0.21191544830799103 -0.10607562959194183
v 0.8086527585983276 0.21220199763774872 -0.1047566831111908
v 0.8088540434837341 0.21146994829177856 -0.10258514434099197
v 0.8056252002716064 0.21310539543628693 -0.1040244996547699
v 0.8041966557502747 0.21316149830818176 -0.101634182035923
v 0.8070387244224548 0.21304118633270264 -0.10784158855676651
v 0.8038318157196045 0.2133137732744217 -0.10648070275783539
v 0.8105746507644653 0.21282273530960083 -0.10965596139431
v 0.808754563331604 0.21045365929603577 -0.1127186268568039
v 0.8052825927734375 0.21113362908363342 -0.11120238900184631
v 0.8028774261474609 0.21211105585098267 -0.1094094067811966
v 0.8149857521057129 0.2101544588804245 -0.10728678107261658
v 0.8140990734100342 0.21176637709140778 -0.10776476562023163
v 0.8011646270751953 0.21387751400470734 -0.10532285273075104
v 0.8040481805801392 0.21101245284080505 -0.09895560890436172
v 0.808647871017456 0.20980821549892426 -0.10105815529823303
v 0.8129766583442688 0.20861171185970306 -0.10376638919115067
v 0.8149715662002563 0.20771794021129608 -0.10718265920877457
v 0.8073871731758118 0.20745302736759186 -0.10072776675224304
v 0.8115782737731934 0.20643872022628784 -0.10368572920560837
v 0.8134426474571228 0.20579257607460022 -0.10675583779811859
v 0.8053392767906189 0.20521457493305206 -0.10126858204603195
v 0.809727132320404 0.20471344888210297 -0.10417599231004715
v 0.8026259541511536 0.20836257934570312 -0.09807248413562775
v 0.8005452156066895 0.2058430314064026 -0.09866036474704742
v 0.8118070363998413 0.2047494351863861 -0.10633434355258942
v 0.8142200112342834 0.2071279138326645 -0.11056803911924362
v 0.8146064877510071 0.20961689949035645 -0.11126604676246643
v 0.8136169910430908 0.21220867335796356 -0.11126292496919632
v 0.8038539290428162 0.20930132269859314 -0.11245279014110565
v 0.808118999004364 0.20832709968090057 -0.1138414815068245
v 0.8023732900619507 0.20679564774036407 -0.1120264008641243
v 0.8076915740966797 0.20605725049972534 -0.1132337749004364
v 0.8115527033805847 0.21057268977165222 -0.11341413855552673
v 0.8118503093719482 0.20858445763587952 -0.11361844837665558
v 0.7975144386291504 0.20577655732631683 -0.09686636179685593
v 0.7954763174057007 0.2041356861591339 -0.09921968728303909
v 0.7985361218452454 0.20397090911865234 -0.10108295828104019
v 0.803389847278595 0.20351341366767883 -0.10340692102909088
v 0.7971909642219543 0.20390598475933075 -0.10477083176374435
v 0.7968180179595947 0.20512935519218445 -0.10808157920837402
v 0.8019459843635559 0.2046440988779068 -0.11017728596925735
v 0.8021613359451294 0.20329177379608154 -0.10703232139348984
v 0.807273268699646 0.20432569086551666 -0.1113998293876648
v 0.807402491569519 0.20335787534713745 -0.10882700979709625
v 0.8082903623580933 0.20348131656646729 -0.10596618056297302
v 0.8110524415969849 0.2048092931509018 -0.11101582646369934
v 0.8116670250892639 0.20632122457027435 -0.11270391196012497
v 0.8129726648330688 0.20533694326877594 -0.10934552550315857
v 0.811321496963501 0.20426419377326965 -0.10794813185930252
v 0.8103099465370178 0.20401597023010254 -0.10945812612771988
v 0.7585642337799072 0.20893652737140656 -0.08825138211250305
v 0.7584940791130066 0.21244269609451294 0.01823641173541546
v 0.7600789070129395 0.20970402657985687 0.014211812987923622
v 0.7581111788749695 0.19954636693000793 0.012507754378020763
v 0.75455242395401 0.19510981440544128 0.015577523037791252
v 0.7507337331771851 0.19415155053138733 0.020544642582535744
v 0.7492194771766663 0.19700145721435547 0.02463446371257305
v 0.7497292160987854 0.20166447758674622 0.026873841881752014
v 0.7603095173835754 0.2052614986896515 0.012132396921515465
v 0.7554470896720886 0.21259965002536774 0.023218153044581413
v 0.7519221901893616 0.2079884558916092 0.02673765830695629
v 0.760343074798584 0.20707394182682037 0.03279165178537369
v 0.7634516954421997 0.21195119619369507 0.028813019394874573
v 0.7577521800994873 0.20064060389995575 0.03311798721551895
v 0.7564809322357178 0.19574731588363647 0.02993888035416603
v 0.7568212151527405 0.1932600438594818 0.024897316470742226
v 0.7657572031021118 0.2119988203048706 0.022825319319963455
v 0.7664462924003601 0.2090340107679367 0.01815366931259632
v 0.7655138373374939 0.20391739904880524 0.015770820900797844
v 0.7725403904914856 0.21154503524303436 0.027889862656593323
v 0.7730286121368408 0.21123483777046204 0.03514817729592323
v 0.7758852243423462 0.19718731939792633 0.043701473623514175
v 0.7762569785118103 0.2011103630065918 0.045546963810920715
v 0.7726662158966064 0.2012842297554016 0.04334098473191261
v 0.7712422609329224 0.19738078117370605 0.04163288325071335
v 0.7705352306365967 0.20227737724781036 0.04151054844260216
v 0.7667548656463623 0.19976259768009186 0.03901407867670059
v 0.7748643159866333 0.20676462352275848 0.04347944259643555
v 0.7725485563278198 0.20660994946956635 0.04125867038965225
v 0.7777623534202576 0.21071834862232208 0.04079993814229965
v 0.7747727036476135 0.21017202734947205 0.03980514779686928
v 0.7782610654830933 0.20664210617542267 0.0462212972342968
v 0.7795748114585876 0.201431542634964 0.047224145382642746
v 0.7816430926322937 0.2054177075624466 0.04731432721018791
v 0.7805264592170715 0.19876843690872192 0.04565342515707016
v 0.7688785791397095 0.20648901164531708 0.03836663439869881
v 0.7636578679084778 0.19482220709323883 0.0344255231320858
v 0.7703027725219727 0.1940237581729889 0.03811372444033623
v 0.7764857411384583 0.19442369043827057 0.04066411778330803
v 0.7816967964172363 0.19678878784179688 0.04202651605010033
v 0.7711005806922913 0.19225074350833893 0.032995548099279404
v 0.777843713760376 0.19381064176559448 0.03608503192663193
v 0.7820290923118591 0.19650261104106903 0.03790275752544403
v 0.7729158401489258 0.19362488389015198 0.028043849393725395
v 0.7789984345436096 0.1953423172235489 0.032518912106752396
v 0.7628456354141235 0.19229719042778015 0.028565704822540283
v 0.7643471360206604 0.19337329268455505 0.02287093549966812
v 0.781947910785675 0.1970142275094986 0.03505856171250343
v 0.7852088809013367 0.20135951042175293 0.04163552075624466
v 0.784546971321106 0.20312242209911346 0.04569508507847786
v 0.7789859175682068 0.2114923745393753 0.03686314448714256
v 0.7807703614234924 0.21029171347618103 0.04328373447060585
v 0.7827818393707275 0.210425466299057 0.039563316851854324
v 0.7790775895118713 0.2106044888496399 0.03195013850927353
v 0.7836659550666809 0.208742156624794 0.03570178523659706
v 0.7830408811569214 0.2088579535484314 0.04531756788492203
v 0.7850768566131592 0.20796993374824524 0.04273194074630737
v 0.7592271566390991 0.19412024319171906 0.019490329548716545
v 0.7627084255218506 0.19808520376682281 0.01626707799732685
v 0.7676721811294556 0.19777604937553406 0.019589731469750404
v 0.7753385305404663 0.1979140341281891 0.024897128343582153
v 0.7708837985992432 0.20373111963272095 0.01925627514719963
v 0.7724578380584717 0.2090301662683487 0.022462503984570503
v 0.7790439128875732 0.20789043605327606 0.02783619984984398
v 0.7778396606445312 0.2033170461654663 0.024912070482969284
v 0.7834226489067078 0.20599745213985443 0.03251668065786362
v 0.7822901010513306 0.20262537896633148 0.030608681961894035
v 0.7807509899139404 0.19862519204616547 0.030684296041727066
v 0.7850210070610046 0.2035723328590393 0.0359194315969944
v 0.7858211398124695 0.2057858109474182 0.03916805610060692
v 0.7844060659408569 0.20012950897216797 0.03786054253578186
v 0.7832106947898865 0.19941477477550507 0.03463494032621384
v 0.7838736176490784 0.20195740461349487 0.033857379108667374
v 0.7548454999923706 0.201746866106987 -0.08083754032850266
v 0.7577477097511292 0.201255202293396 -0.0756320059299469
v 0.7505582571029663 0.2005869746208191 -0.07378964871168137
v 0.7419143915176392 0.1993314027786255 -0.07213026285171509
v 0.7326653003692627 0.20049235224723816 -0.07610464841127396
v 0.7440306544303894 0.20048917829990387 -0.06588397175073624
v 0.7526361346244812 0.2016027718782425 -0.0678490698337555
v 0.7622764706611633 0.2027125209569931 -0.06973136961460114
v 0.7388441562652588 0.2013826221227646 -0.05912015214562416
v 0.03855670616030693 0.4612012207508087 0.09954649209976196
v 0.041783466935157776 0.4604135751724243 0.09754689037799835
v 0.0430946946144104 0.4545579254627228 0.09481973201036453
v 0.04057897999882698 0.4542958736419678 0.09657442569732666
v 0.037425775080919266 0.45423126220703125 0.09819651395082474
v 0.03367018699645996 0.4543997049331665 0.0992257371544838
v 0.02851761318743229 0.46186089515686035 0.10042766481637955
v 0.0338958278298378 0.4622582793235779 0.10067334771156311
v 0.018871963024139404 0.4562591016292572 0.09749596565961838
v 0.02073429524898529 0.45774468779563904 0.09744729101657867
v 0.01961129903793335 0.45532718300819397 0.097804494202137
v 0.025643240660429 0.4549589455127716 0.09898775070905685
v 0.02195458672940731 0.45534858107566833 0.09797739237546921
v 0.04555368050932884 0.4579083025455475 0.09373325109481812
v 0.04635561630129814 0.4567360281944275 0.09255325049161911
v 0.043995898216962814 0.45915767550468445 0.09559481590986252
v 0.029608657583594322 0.454630583524704 0.09944487363100052
v 0.04611210152506828 0.45565924048423767 0.09230673313140869
v 0.04494907334446907 0.4549556076526642 0.09313410520553589
v 0.023931147530674934 0.46030518412590027 0.09889540821313858
v 0.03781263902783394 0.45650017261505127 0.09827149659395218
v 0.03391771763563156 0.4567680060863495 0.09944756329059601
v 0.02933483012020588 0.45949864387512207 0.1002553328871727
v 0.034110911190509796 0.4595256745815277 0.10007859766483307
v 0.026013627648353577 0.45683276653289795 0.09924205392599106
v 0.023575587198138237 0.4566337466239929 0.09840703010559082
v 0.04071761295199394 0.4562370479106903 0.09671046584844589
v 0.029758574441075325 0.456926167011261 0.09977493435144424
v 0.038281816989183426 0.45908910036087036 0.0986395925283432
v 0.023062095046043396 0.4575791656970978 0.09847725182771683
v 0.02528376318514347 0.45877838134765625 0.09938232600688934
v 0.04554937034845352 0.4566671550273895 0.09301143139600754
v 0.045387379825115204 0.4562852680683136 0.09293995052576065
v 0.01581268012523651 0.21374602615833282 0.06849616765975952
v 0.01582704856991768 0.1978255808353424 0.0750967338681221
v 0.041195500642061234 0.45843276381492615 0.09688937664031982
v 0.044434189796447754 0.45613333582878113 0.0937437042593956
v 0.04284308850765228 0.456236332654953 0.09505298733711243
v 0.04321811720728874 0.4577617943286896 0.09521675854921341
v 0.04470023512840271 0.4571552574634552 0.09385240077972412
v 0.28512558341026306 0.22519351541996002 0.01819145865738392
v 0.28600990772247314 0.20994919538497925 0.017814146354794502
v 0.28854694962501526 0.257671058177948 -0.019806738942861557
v 0.2843763530254364 0.2551010251045227 -0.0397862084209919
v 0.051100458949804306 -0.07636073976755142 0.11925172805786133
v 0.10424868017435074 -0.030091172084212303 -0.04643387347459793
v 0.10710050910711288 -0.010031341575086117 -0.051040370017290115
v 0.03795241191983223 -0.012731259688735008 -0.07691774517297745
v 0.05668899789452553 -0.016450185328722 -0.07474476844072342
v 0.13158173859119415 -0.029363609850406647 0.04692830517888069
v 0.12900733947753906 -0.04964958503842354 0.04886079207062721
v 0.0921916663646698 -0.0355062410235405 0.09209094941616058
v 0.08873562514781952 -0.057518936693668365 0.09427084028720856
v 0.11653711646795273 -0.0733223557472229 0.06978538632392883
v 0.07409542053937912 -0.06333483755588531 -0.061367619782686234
v 0.07333053648471832 -0.04268182814121246 -0.06430695205926895
v 0.0891394391655922 -0.045936550945043564 -0.05492517724633217
v 0.09053800255060196 -0.06563904881477356 -0.05341018736362457
v 0.01864042691886425 -0.03353658691048622 -0.07045166194438934
v 0.018952252343297005 -0.01013540755957365 -0.07397834956645966
v 0.13970895111560822 -0.006622130051255226 0.02433878369629383
v 0.13915470242500305 -0.004752589389681816 0.0017585685709491372
v 0.12347553670406342 0.002653946168720722 -0.038407351821660995
v 0.11078543215990067 0.008770059794187546 -0.054402485489845276
v 0.0791526585817337 0.024397721514105797 -0.07644514739513397
v 0.09607867151498795 0.016663698479533195 -0.06667229533195496
v 0.07952412962913513 -0.012854996137320995 0.10165231674909592
v 0.06446661055088043 0.008510316722095013 0.10765863955020905
v 0.1333812177181244 -0.00817249994724989 0.04556822031736374
v 0.021815532818436623 -0.010998344980180264 0.12055382132530212
v 0.040388837456703186 0.058970045298337936 -0.09154920279979706
v 0.06297335028648376 0.054566655308008194 -0.08851495385169983
v 0.13330993056297302 -0.0016959719359874725 -0.019400205463171005
v 0.03112752176821232 0.15566429495811462 0.09368721395730972
v 0.0311385840177536 0.13989461958408356 0.09997399896383286
v 0.04765663668513298 0.1438242644071579 0.10005134344100952
v 0.048199333250522614 0.15929627418518066 0.09302140027284622
v 0.06371603161096573 0.1462395042181015 0.09927887469530106
v 0.07923755794763565 0.1475837677717209 0.09727491438388824
v 0.09377512335777283 0.14808107912540436 0.09424017369747162
v 0.1285216361284256 0.14451253414154053 0.08049780875444412
v 0.11861003190279007 0.14662984013557434 0.08596634119749069
v 0.14234322309494019 0.13675427436828613 0.06645271182060242
v 0.1365765631198883 0.14165611565113068 0.07421775162220001
v 0.14474453032016754 0.12717579305171967 0.05622133985161781
v 0.14461193978786469 0.11591070145368576 0.04384227469563484
v 0.1460241973400116 0.10449045896530151 0.03131885826587677
v 0.1487707644701004 0.11761462688446045 0.02627793326973915
v 0.14150041341781616 0.10272402316331863 0.04948659986257553
v 0.14077690243721008 0.11411316692829132 0.06091467663645744
v 0.1381780356168747 0.12282703071832657 0.07118276506662369
v 0.017738942056894302 0.09862387925386429 0.10668027400970459
v 0.02078985422849655 0.07520458102226257 0.10718879848718643
v 0.01497236080467701 0.22883033752441406 0.062119100242853165
v 0.5008578300476074 0.20278452336788177 -0.06502426415681839
v 0.6273136138916016 0.23166951537132263 -0.011637024581432343
v 0.027932042255997658 0.2481602281332016 -0.08261936902999878
v 0.012285050004720688 0.24331529438495636 -0.07964661717414856
v -0.0015378650277853012 0.22928643226623535 -0.07995974272489548
v -0.0018409895710647106 0.2408168464899063 -0.0771070048213005
v 0.09577881544828415 0.27942460775375366 -0.057419221848249435
v 0.08287180215120316 0.26585158705711365 -0.07446619868278503
v 0.06406655162572861 0.2536090612411499 -0.08435385674238205
v 0.04584871977567673 0.24418970942497253 -0.08792819827795029
v 0.12330557405948639 0.010638187639415264 0.0631837397813797
v 0.031729865819215775 0.21243764460086823 -0.09243478626012802
v 0.04810471832752228 0.23319154977798462 -0.09235423803329468
v 0.06849393993616104 0.2433028668165207 -0.08950697630643845
v 0.08828720450401306 0.2560243606567383 -0.08004336059093475
v 0.10827337205410004 0.27205416560173035 -0.06298762559890747
v 0.12448050081729889 0.27302390336990356 -0.055999789386987686
v 0.14609269797801971 0.2577943801879883 -0.058953896164894104
v 0.15548500418663025 0.2580132782459259 -0.05350854620337486
v 0.1570044606924057 0.2720569968223572 -0.040148746222257614
v 0.16822026669979095 0.2727276086807251 -0.03598954156041145
v 0.1662527471780777 0.2595963776111603 -0.04973411187529564
v 0.25150614976882935 0.2540675699710846 -0.04645420238375664
v 0.2654239535331726 0.2493114173412323 -0.0507170595228672
v 0.2736004590988159 0.24096561968326569 -0.056896571069955826
v 0.2776344120502472 0.23000746965408325 -0.06183356046676636
v 0.2767407298088074 0.21812015771865845 -0.0649968683719635
v 0.2705962061882019 0.2060796618461609 -0.06583922356367111
v 0.2591019570827484 0.1967546045780182 -0.06449121236801147
v 0.21890754997730255 0.17833806574344635 -0.05516521632671356
v 0.2045048326253891 0.17072804272174835 -0.052259527146816254
v 0.17219924926757812 0.13063156604766846 -0.052281737327575684
v 0.16347625851631165 0.12227034568786621 -0.054737381637096405
v 0.13062408566474915 0.08215168863534927 -0.06773830950260162
v 0.14123570919036865 0.09576829522848129 -0.06415208429098129
v 0.12028833478689194 0.06729023158550262 -0.07099917531013489
v 0.09320390224456787 -0.15916308760643005 -0.07453963160514832
v 0.08684569597244263 -0.14185591042041779 -0.06756581366062164
v 0.10528102517127991 -0.14030349254608154 -0.05842229351401329
v 0.11125235259532928 -0.15737834572792053 -0.06444616615772247
v 0.020534707233309746 -0.10805203020572662 -0.06752058863639832
v 0.0405682697892189 -0.10680588334798813 -0.06839384138584137
v 0.1445152312517166 -0.14421318471431732 0.02013460174202919
v 0.14251145720481873 -0.1409854292869568 -0.0047561535611748695
v 0.13443495333194733 -0.1394556760787964 -0.026745766401290894
v 0.1214224174618721 -0.13942022621631622 -0.04452084004878998
v 0.1401447057723999 -0.14960777759552002 0.0424925796687603
v 0.06416669487953186 -0.1856643706560135 0.11530900746583939
v 0.0826539620757103 -0.17993313074111938 0.10622718185186386
v 0.012110637500882149 -0.19530798494815826 0.1296834498643875
v 0.028464538976550102 -0.19304203987121582 0.12691381573677063
v 0.13130980730056763 -0.15726307034492493 0.06287594884634018
v 0.0458788126707077 -0.18991656601428986 0.12211363017559052
v 0.10104385763406754 -0.17324350774288177 0.09491530060768127
v 0.11817622929811478 -0.16564397513866425 0.08040301501750946
v 0.08194994926452637 -0.12490887194871902 -0.06349129229784012
v 0.06310485303401947 -0.12608009576797485 -0.06795817613601685
v 0.05976476892828941 -0.10593324899673462 -0.06630700826644897
v 0.035855770111083984 0.12193769216537476 -0.10360553115606308
v 0.056255143135786057 0.12493469566106796 -0.1059035062789917
v 0.07682981342077255 0.12948180735111237 -0.10631208121776581
v 0.09247911721467972 0.15292933583259583 -0.10519304871559143
v 0.11018509417772293 0.1608843058347702 -0.09958444535732269
v 0.11357788741588593 0.1439550220966339 -0.0974823385477066
v 0.09585531055927277 0.1360352635383606 -0.10295494645833969
v 0.1402214765548706 0.1776122897863388 -0.08322864025831223
v 0.15222494304180145 0.18476706743240356 -0.07792054861783981
v 0.154118150472641 0.17027029395103455 -0.0750705748796463
v 0.14306513965129852 0.16242943704128265 -0.08051163703203201
v 0.16491316258907318 0.17733663320541382 -0.0714099258184433
v 0.17354321479797363 0.182821124792099 -0.06719327718019485
v 0.1838598996400833 0.18848802149295807 -0.06388145685195923
v 0.1967940628528595 0.19409522414207458 -0.0636768564581871
v 0.1924261599779129 0.21483032405376434 -0.06754240393638611
v 0.1806056946516037 0.2104133516550064 -0.06893621385097504
v 0.13907556235790253 0.19407609105110168 -0.08426730334758759
v 0.12423109263181686 0.18683244287967682 -0.09148377180099487
v 0.03402579575777054 0.15474365651607513 -0.10204064100980759
v 0.015547551214694977 0.15124624967575073 -0.09669788181781769
v 0.149867981672287 0.09766856580972672 0.017653556540608406
v 0.15425477921962738 0.09227919578552246 0.0032043519895523787
v 0.15661966800689697 0.08989960700273514 -0.011154555715620518
v 0.156684011220932 0.09040889143943787 -0.024891648441553116
v 0.15569010376930237 0.09365684539079666 -0.037782058119773865
v 0.15275660157203674 0.09842871129512787 -0.049778446555137634
v 0.14884382486343384 0.1055334135890007 -0.060780953615903854
v 0.1559341698884964 0.1141745075583458 -0.0578596293926239
v 0.1443454921245575 0.11463985592126846 -0.07047522068023682
v 0.15277628600597382 0.12328267097473145 -0.06584794819355011
v 0.13920319080352783 0.12571457028388977 -0.0785556435585022
v 0.13359498977661133 0.13837000727653503 -0.08499807864427567
v 0.1289951503276825 0.15312449634075165 -0.08926351368427277
v 0.12584643065929413 0.16939762234687805 -0.09132302552461624
v 0.09051520377397537 0.17091818153858185 -0.10524033010005951
v 0.10802388191223145 0.17887026071548462 -0.09956018626689911
v 0.07105103135108948 0.1821330040693283 -0.10639113187789917
v 0.07065737247467041 0.1989312767982483 -0.10305064171552658
v 0.07332755625247955 0.14697258174419403 -0.10870250314474106
v 0.07189050316810608 0.16439712047576904 -0.10856151580810547
v 0.06702596694231033 0.2896559238433838 -0.056187570095062256
v 0.051172174513339996 0.28185755014419556 -0.06617734581232071
v 0.24651487171649933 0.20791155099868774 -0.06549583375453949
v 0.25732821226119995 0.20809581875801086 -0.06562615185976028
v 0.2505824863910675 0.2003844976425171 -0.06494323164224625
v 0.24457024037837982 0.2019781768321991 -0.06501208245754242
v 0.2607775926589966 0.21714773774147034 -0.06504672765731812
v 0.24703285098075867 0.2235964834690094 -0.06414574384689331
v 0.2608608305454254 0.22712412476539612 -0.06318178027868271
v 0.24761052429676056 0.2157241553068161 -0.06538835912942886
v 0.2578316330909729 0.23625104129314423 -0.06006332486867905
v 0.2447221726179123 0.2318364530801773 -0.062204986810684204
v 0.2521404027938843 0.2434886395931244 -0.05641231685876846
v 0.24134042859077454 0.2385852187871933 -0.05953901633620262
v 0.23813584446907043 0.24287892878055573 -0.0570904016494751
v 0.24331718683242798 0.24785520136356354 -0.05355817452073097
v 0.20362183451652527 0.23876209557056427 -0.06093140318989754
v 0.2166510671377182 0.24071381986141205 -0.059012897312641144
v 0.22939176857471466 0.24191391468048096 -0.05768729746341705
v 0.21019060909748077 0.19940538704395294 -0.0643555223941803
v 0.22331146895885468 0.20648093521595 -0.06530431658029556
v 0.23557309806346893 0.21214856207370758 -0.06548326462507248
v 0.23442865908145905 0.21961431205272675 -0.06489025801420212
v 0.22168344259262085 0.21429729461669922 -0.0656454861164093
v 0.20822066068649292 0.20803886651992798 -0.06588491797447205
v 0.03405039384961128 0.13904128968715668 -0.10379938036203384
v 0.05315221846103668 0.14244596660137177 -0.10801775753498077
v 0.16293661296367645 0.19021490216255188 -0.07391413301229477
v 0.1720299869775772 0.194056436419487 -0.07021389156579971
v 0.18197587132453918 0.19781070947647095 -0.06703755259513855
v 0.19419285655021667 0.20320403575897217 -0.06608794629573822
v 0.17082884907722473 0.20676860213279724 -0.07162752002477646
v 0.16143198311328888 0.2034388780593872 -0.07511570304632187
v 0.15087352693080902 0.1992616206407547 -0.07910732924938202
v 0.05299495533108711 0.15936382114887238 -0.10730588436126709
v 0.015720851719379425 0.13637606799602509 -0.09967838227748871
v 0.1721167266368866 0.2414083331823349 0.03957785293459892
v 0.1725432425737381 0.2657795250415802 0.028078634291887283
v 0.1737535148859024 0.2808094620704651 0.007999971508979797
v 0.17162130773067474 0.281777024269104 -0.015773020684719086
v -0.0024009295739233494 0.277528315782547 -0.06619454175233841
v 0.4185698628425598 0.17837107181549072 -0.027449337765574455
v -0.001084398478269577 0.0826883614063263 -0.0931604653596878
v -0.001708297641016543 0.10187649726867676 -0.09680832177400589
v 0.0005216140416450799 0.01563556119799614 -0.07407406717538834
v -3.247940185246989e-05 0.03781760483980179 -0.08210870623588562
v 0.038767699152231216 -0.08247094601392746 -0.06781571358442307
v 0.019304567947983742 -0.08155574649572372 -0.06617803871631622
v 0.018548043444752693 -0.056903284043073654 -0.0677691325545311
v -0.0008152920054271817 -0.13039113581180573 -0.07109739631414413
v -0.0007649558829143643 -0.10799520462751389 -0.06430737674236298
v 1.7063692212104797e-05 -0.05570250749588013 -0.06373510509729385
v 0.0003449722134973854 -0.03131737560033798 -0.06619938462972641
v 0.01892436295747757 0.06018766760826111 -0.09047161787748337
v 0.016496822237968445 0.120403952896595 -0.10110817849636078
v -0.0017622309969738126 0.13575397431850433 -0.09760362654924393
v -0.001582845812663436 0.15046674013137817 -0.09435325860977173
v -0.0013626011786982417 0.1653262823820114 -0.09259326756000519
v 0.10228321701288223 0.11834485828876495 0.10238735377788544
v 0.10431177914142609 0.13293902575969696 0.09704449772834778
v 0.09208458662033081 0.13335616886615753 0.10088719427585602
v 0.09101776033639908 0.11899077892303467 0.1063864678144455
v 0.12091880291700363 0.11674315482378006 0.091257743537426
v 0.12448740005493164 0.13048888742923737 0.086201012134552
v 0.11513394117355347 0.1320379376411438 0.09199227392673492
v 0.11214831471443176 0.11766677349805832 0.09716825187206268
v 0.13224677741527557 0.12763752043247223 0.07947998493909836
v 0.12813955545425415 0.11435382068157196 0.08443325012922287
v 0.10069075971841812 0.10333460569381714 0.10673332214355469
v 0.1099928542971611 0.10290640592575073 0.10119684785604477
v 0.09004613012075424 0.10411285609006882 0.11078104376792908
v 0.12421398609876633 0.1010918915271759 0.0884513407945633
v 0.11785615980625153 0.10242766886949539 0.0950651466846466
v 0.009579957462847233 0.33896058797836304 0.09652402251958847
v 0.00938895158469677 0.3432767987251282 0.11126285791397095
v 0.0034577392507344484 0.3866340219974518 0.12426310777664185
v 0.0030957700219005346 0.39121687412261963 0.12222548574209213
v 0.0024948916397988796 0.32705169916152954 0.07615251839160919
v 0.002227407181635499 0.3168383240699768 0.07163338363170624
v 0.0012490814551711082 0.3675982356071472 0.12165984511375427
v 0.0016164063708856702 0.35340481996536255 0.1217305064201355
v 0.0010675269877538085 0.4133572578430176 0.12562763690948486
v 0.0010361535241827369 0.40978822112083435 0.12419076263904572
v 0.0011795363388955593 0.3985748887062073 0.12537044286727905
v 0.0012494312832131982 0.3946658670902252 0.12400496751070023
v 0.0019894223660230637 0.30551865696907043 0.06659451872110367
v 0.00264138076454401 0.33463025093078613 0.08380138874053955
v 0.0016761368606239557 0.282787948846817 0.05714908987283707
v 0.0016604701522737741 0.27178817987442017 0.05248049274086952
v 0.012427087873220444 0.2622251808643341 0.04940604791045189
v 0.01322592981159687 0.2511289417743683 0.05055918172001839
v 0.016239019110798836 0.11838977038860321 0.10314524918794632
v 0.015311122871935368 0.1651107221841812 0.08643339574337006
v 0.014915155246853828 0.15102091431617737 0.09354807436466217
v 0.015529699623584747 0.18140386044979095 0.08094292879104614
v 0.014090539887547493 0.24064597487449646 0.055842552334070206
v 0.0018041296862065792 0.2941959798336029 0.06153101101517677
v 0.0012931518722325563 0.3816531300544739 0.12357425689697266
v 0.0012433204101398587 0.37588271498680115 0.12097478657960892
v 0.0010949552524834871 0.40577298402786255 0.12415187805891037
v 0.0011383378878235817 0.40218672156333923 0.12478217482566833
v 0.0005353279993869364 0.2119065672159195 0.06832259148359299
v 0.00021419358381535858 0.19607767462730408 0.07525987178087234
v 0.015439995564520359 0.13505502045154572 0.09855546057224274
v 0.0024646513629704714 0.09579282999038696 0.10353699326515198
v 0.002778612542897463 0.07181072235107422 0.1041077971458435
v 0.0007472186116501689 0.22663535177707672 0.06186416745185852
v 0.002929550362750888 0.04911477491259575 0.1054341271519661
v 0.1578575074672699 -0.32309940457344055 -0.054596658796072006
v 0.14089545607566833 -0.33876094222068787 -0.07256568223237991
v 0.13259640336036682 -0.32510906457901 -0.0821792483329773
v 0.14574876427650452 -0.3129846155643463 -0.0695895254611969
v 0.15239617228507996 -0.2702306807041168 -0.05091477930545807
v 0.15248370170593262 -0.24494482576847076 -0.043564025312662125
v 0.15308430790901184 -0.21845073997974396 -0.03881148248910904
v 0.11324389278888702 -0.33268991112709045 -0.0934053286910057
v 0.08672522008419037 -0.3166443407535553 -0.10734976828098297
v 0.08906108140945435 -0.3348727822303772 -0.10253150761127472
v 0.13936260342597961 -0.22105516493320465 -0.06204400211572647
v 0.13930436968803406 -0.24752376973628998 -0.06594081968069077
v 0.13762974739074707 -0.3079737424850464 -0.0771995261311531
v 0.13936008512973785 -0.2936747968196869 -0.0749591737985611
v 0.15220561623573303 -0.294151246547699 -0.06014978885650635
v 0.11010272055864334 -0.3159087300300598 -0.09840235859155655
v 0.1274532526731491 -0.31273606419563293 -0.0870504304766655
v 0.05329698696732521 -0.16288800537586212 -0.08373671770095825
v 0.057519182562828064 -0.18198204040527344 -0.09220070391893387
v 0.031271252781152725 -0.18245066702365875 -0.09350642561912537
v 0.12798339128494263 -0.15515729784965515 -0.048610471189022064
v 0.11709107458591461 -0.17593157291412354 -0.07086822390556335
v -0.0002736873575486243 -0.312553733587265 -0.0975184366106987
v 0.1257893592119217 -0.2954866588115692 -0.08863934129476547
v 0.0849003717303276 -0.2956542372703552 -0.11059368401765823
v 0.10798891633749008 -0.296254962682724 -0.10084910690784454
v 0.08445948362350464 -0.22369448840618134 -0.10403870791196823
v 0.10562001913785934 -0.22378946840763092 -0.09435209631919861
v 0.10565508902072906 -0.2486332505941391 -0.0992288663983345
v 0.08443967998027802 -0.24754607677459717 -0.10946265608072281
v 0.12362517416477203 -0.2231816202402115 -0.08055420219898224
v 0.12112898379564285 -0.19810518622398376 -0.07606010884046555
v 0.08273331075906754 -0.2011021226644516 -0.09699123352766037
v 0.10311037302017212 -0.19976627826690674 -0.0884508565068245
v 0.09872277081012726 -0.1778745800256729 -0.0819842740893364
v 0.12396308779716492 -0.2496907263994217 -0.0846857875585556
v 0.08410054445266724 -0.272209107875824 -0.11203397065401077
v 0.05716878920793533 -0.2710808515548706 -0.11716682463884354
v 0.028654832392930984 -0.2691888213157654 -0.11469285190105438
v 0.0007117858622223139 -0.27017420530319214 -0.11157120764255524
v 0.0006601150962524116 -0.24751469492912292 -0.11203474551439285
v 0.0793142020702362 -0.17990392446517944 -0.08846762776374817
v 0.06795782595872879 -0.14322693645954132 -0.07261105626821518
v 0.0743638128042221 -0.16100957989692688 -0.08024461567401886
v 0.05761692672967911 -0.08310232311487198 -0.0650697574019432
v 0.1098344549536705 -0.5709010362625122 0.08684003353118896
v -0.003542030230164528 -0.3629775643348694 0.006745423190295696
v -0.004221287555992603 -0.37248361110687256 0.03149840235710144
v 0.16888049244880676 -0.28890514373779297 0.060040466487407684
v 0.1762690544128418 -0.30545103549957275 -0.012645192444324493
v 0.16420167684555054 -0.29859665036201477 -0.03882187232375145
v 0.007571919355541468 -0.3790379464626312 0.06914591789245605
v 0.023142822086811066 -0.3746780455112457 0.08815661072731018
v 0.1495998501777649 -0.29788368940353394 0.08523674309253693
v 0.09894867241382599 -0.34709903597831726 0.1145009845495224
v -0.0007986727869138122 -0.3784793019294739 0.05121059715747833
v 0.13939589262008667 -0.2718213200569153 -0.07055887579917908
v 0.12447796761989594 -0.27392640709877014 -0.08727102726697922
v 0.10647676885128021 -0.2734711468219757 -0.10120683908462524
v 0.05765226483345032 -0.29365572333335876 -0.11578524112701416
v 0.02787197008728981 -0.29065531492233276 -0.11337000876665115
v 0.0003853144880849868 -0.28959938883781433 -0.10709133744239807
v 0.01511716190725565 -0.31882426142692566 0.11309394985437393
v 0.005900965537875891 -0.3124055564403534 0.11861051619052887
v 0.012316104955971241 -0.3107539415359497 0.11976975202560425
v -0.0011193155078217387 -0.2997882068157196 0.12226104736328125
v -0.000995060196146369 -0.3137708902359009 0.1161699891090393
v 0.005813262425363064 -0.32446780800819397 0.10889182984828949
v -0.000876368023455143 -0.3257286250591278 0.10601261258125305
v -0.0008126365719363093 -0.339647114276886 0.09720727056264877
v 0.06361465901136398 -0.20387333631515503 0.11410629749298096
v 0.08331923186779022 -0.1979711353778839 0.10572133213281631
v 0.011365484446287155 -0.2146534025669098 0.12766331434249878
v 0.027120070531964302 -0.21230542659759521 0.12477785348892212
v 0.1366974264383316 -0.17502303421497345 0.0634637102484703
v 0.04458242282271385 -0.20868048071861267 0.12039033323526382
v 0.10338929295539856 -0.19107374548912048 0.0953410267829895
v 0.12240295857191086 -0.18352405726909637 0.08110921084880829
v 0.0003547552041709423 -0.2015628218650818 -0.10208125412464142
v 0.0002719861513469368 -0.18065543472766876 -0.0937374010682106
v -0.0034421361051499844 -0.21575400233268738 0.12820114195346832
v 0.0019411809043958783 0.3432013690471649 0.11152511090040207
v 0.0023309090174734592 0.3386279344558716 0.09662014991044998
v 0.0003126668161712587 0.5270909070968628 0.09378542006015778
v -0.0008733251015655696 0.3285985291004181 -0.03934208303689957
v 0.0006746570579707623 0.47539475560188293 0.11366897076368332
v 0.0012175089213997126 0.39105501770973206 0.12209799885749817
v 0.0011229311348870397 0.41561374068260193 0.12853342294692993
v 0.0016822260804474354 0.2607157826423645 0.04814545065164566
v 0.0015959516167640686 0.2486012727022171 0.04780746251344681
v -0.0017374937888234854 -0.3466762900352478 0.0027781017124652863
v 0.0011728464160114527 0.23798538744449615 0.05394658446311951
v -0.0015167875681072474 -0.3471636176109314 -0.007329089567065239
v 0.00036992153036408126 -0.008161846548318863 -0.06923539191484451
v 0.07251786440610886 -1.0336120128631592 -0.029895944520831108
v 0.07034680247306824 -1.0312625169754028 -0.04392034560441971
v 0.07350289076566696 -1.0623787641525269 -0.03949904441833496
v 0.07270161807537079 -1.0641582012176514 -0.025846604257822037
v 0.08566921949386597 -1.0259475708007812 -0.07081805169582367
v 0.07569177448749542 -1.028061866760254 -0.0633472427725792
v 0.0990840420126915 -1.0256643295288086 -0.0729125440120697
v 0.11166956275701523 -1.027018666267395 -0.06843618303537369
v 0.10723994672298431 -1.057990312576294 -0.06495430320501328
v 0.09687789529561996 -1.0570366382598877 -0.07189378142356873
v 0.1206689178943634 -1.0281968116760254 -0.05998403951525688
v 0.12402088940143585 -1.0601608753204346 -0.04727783054113388
v 0.1272026151418686 -1.0295292139053345 -0.049479883164167404
v 0.13057127594947815 -1.0312674045562744 -0.03225977346301079
v 0.12497610598802567 -1.0606192350387573 -0.030695926398038864
v 0.1252320259809494 -1.0356918573379517 -0.012285780161619186
v 0.1200813502073288 -1.0644068717956543 -0.011253930628299713
v 0.11115346848964691 -1.0387479066848755 -0.0008783541852608323
v 0.07833437621593475 -1.0369844436645508 -0.01588984951376915
v 0.07620988041162491 -1.0665022134780884 -0.010639830492436886
v 0.08466769754886627 -1.057303786277771 -0.07033680379390717
v 0.07723289728164673 -1.0597553253173828 -0.061079658567905426
v 0.07518221437931061 -1.061028003692627 -0.04971795156598091
v 0.07173922657966614 -1.0297725200653076 -0.05447576940059662
v 0.0715286135673523 -1.0928664207458496 -0.035339128226041794
v 0.06613844633102417 -1.0932645797729492 -0.019897032529115677
v 0.08367375284433365 -1.0879085063934326 -0.07055994123220444
v 0.08041401952505112 -1.0901529788970947 -0.056547969579696655
v 0.1027669757604599 -1.0879274606704712 -0.06189282238483429
v 0.09563251584768295 -1.086815357208252 -0.07333535701036453
v 0.1246451586484909 -1.0892101526260376 -0.045938313007354736
v 0.11422627419233322 -1.088559627532959 -0.054328568279743195
v 0.11627202481031418 -1.0589243173599243 -0.056697092950344086
v 0.12459234893321991 -1.089415431022644 -0.02958923950791359
v 0.11887157708406448 -1.0914838314056396 -0.006760227959603071
v 0.0717327669262886 -1.094193935394287 -0.0028728104662150145
v 0.07635920494794846 -1.092092752456665 -0.045727118849754333
v 0.12672902643680573 -1.1854889392852783 0.15107330679893494
v 0.12577393651008606 -1.1810238361358643 0.150482177734375
v 0.1212802529335022 -1.1806917190551758 0.15124067664146423
v 0.11973989754915237 -1.1857197284698486 0.15217359364032745
v 0.08640670031309128 -1.1841140985488892 0.16151577234268188
v 0.08489406108856201 -1.1736942529678345 0.16408230364322662
v 0.07654307782649994 -1.1750401258468628 0.16167478263378143
v 0.07501251995563507 -1.1871333122253418 0.1588609516620636
v 0.10437264293432236 -1.1857117414474487 0.16014878451824188
v 0.10553836077451706 -1.1891591548919678 0.15679074823856354
v 0.11035053431987762 -1.189319133758545 0.15638481080532074
v 0.11227469146251678 -1.1859222650527954 0.15980134904384613
v 0.1493343859910965 -1.1835999488830566 0.12159734219312668
v 0.1493862420320511 -1.1881595849990845 0.11919055134057999
v 0.15370666980743408 -1.1880937814712524 0.11761506646871567
v 0.1550425887107849 -1.1842458248138428 0.11883682757616043
v 0.1348847597837448 -1.1857036352157593 0.13977760076522827
v 0.13518239557743073 -1.1902399063110352 0.1367650032043457
v 0.1393408179283142 -1.1897310018539429 0.13533760607242584
v 0.14107532799243927 -1.186554193496704 0.13692738115787506
v 0.08933594077825546 -1.1706911325454712 0.14012132585048676
v 0.07571332901716232 -1.169020652770996 0.13761742413043976
v 0.07547429949045181 -1.1734448671340942 0.15181930363178253
v 0.08764322847127914 -1.171668291091919 0.1542510837316513
v 0.06921634078025818 -1.1825857162475586 0.14799164235591888
v 0.06956874579191208 -1.1803290843963623 0.13267502188682556
v 0.07673811912536621 -1.1879733800888062 0.13153843581676483
v 0.07657225430011749 -1.187523603439331 0.1455107480287552
v 0.08892439305782318 -1.1881039142608643 0.1347712278366089
v 0.08773908764123917 -1.1877565383911133 0.14741206169128418
v 0.09548559039831161 -1.1813098192214966 0.13892820477485657
v 0.09566274285316467 -1.1805094480514526 0.15308107435703278
v 0.11481030285358429 -1.1811904907226562 0.14012767374515533
v 0.11048693209886551 -1.1738311052322388 0.14087437093257904
v 0.11153407394886017 -1.1774405241012573 0.15326301753520966
v 0.1170133575797081 -1.183945894241333 0.15182062983512878
v 0.09965263307094574 -1.173964023590088 0.14230194687843323
v 0.1035849079489708 -1.1774741411209106 0.15414473414421082
v 0.09586787223815918 -1.183803677558899 0.1412036418914795
v 0.10106579959392548 -1.1891449689865112 0.13776268064975739
v 0.10311128199100494 -1.189117431640625 0.15035785734653473
v 0.0977734848856926 -1.1839914321899414 0.1540369689464569
v 0.11003993451595306 -1.1886119842529297 0.13737061619758606
v 0.11185213178396225 -1.1895091533660889 0.14926163852214813
v 0.12797871232032776 -1.1746220588684082 0.13407154381275177
v 0.1174464002251625 -1.175152063369751 0.13616487383842468
v 0.11962872743606567 -1.1791781187057495 0.14556920528411865
v 0.12719474732875824 -1.1790961027145386 0.144657164812088
v 0.11491242796182632 -1.186536192893982 0.14577926695346832
v 0.11377009749412537 -1.1847591400146484 0.13609614968299866
v 0.11900441348552704 -1.1892964839935303 0.1334647834300995
v 0.12026400119066238 -1.1897677183151245 0.14397233724594116
v 0.12824448943138123 -1.1887534856796265 0.13233625888824463
v 0.12750917673110962 -1.1900649070739746 0.1432231366634369
v 0.1324973702430725 -1.181002140045166 0.13429909944534302
v 0.13176189363002777 -1.1845365762710571 0.14453935623168945
v 0.14774350821971893 -1.1813392639160156 0.12103865295648575
v 0.14460189640522003 -1.1744728088378906 0.12153829634189606
v 0.1427202969789505 -1.1793197393417358 0.13113091886043549
v 0.14550380408763885 -1.185269832611084 0.13016349077224731
v 0.13651615381240845 -1.174957513809204 0.125078946352005
v 0.13659560680389404 -1.178590178489685 0.13324275612831116
v 0.13167916238307953 -1.1828711032867432 0.13414323329925537
v 0.13289615511894226 -1.1804169416427612 0.12725992500782013
v 0.1352357119321823 -1.188746452331543 0.12339265644550323
v 0.13383615016937256 -1.1902263164520264 0.13162754476070404
v 0.14356832206249237 -1.1888705492019653 0.12005936354398727
v 0.14139725267887115 -1.190535545349121 0.12952423095703125
v 0.1593845635652542 -1.1744420528411865 0.10558445751667023
v 0.15737396478652954 -1.1777212619781494 0.11395736038684845
v 0.15910078585147858 -1.1833127737045288 0.11250768601894379
v 0.16063866019248962 -1.181166648864746 0.10259301960468292
v 0.15232808887958527 -1.1738648414611816 0.11029917001724243
v 0.15153378248214722 -1.1769249439239502 0.11647684127092361
v 0.1472887098789215 -1.1816918849945068 0.11674152314662933
v 0.14926446974277496 -1.179598093032837 0.11173270642757416
v 0.1490650773048401 -1.1879678964614868 0.10829474031925201
v 0.14790751039981842 -1.1889201402664185 0.11439213156700134
v 0.15599872171878815 -1.187366008758545 0.10413306206464767
v 0.1551721692085266 -1.18905508518219 0.11208619177341461
v 0.09414263814687729 -1.170627236366272 0.12585248053073883
v 0.07714816927909851 -1.165839672088623 0.12308002263307571
v 0.07799677550792694 -1.1873358488082886 0.15464775264263153
v 0.07125374674797058 -1.178655982017517 0.11833488941192627
v 0.08423056453466415 -1.1872923374176025 0.15554048120975494
v 0.09447031468153 -1.1885602474212646 0.12288164347410202
v 0.0791328102350235 -1.187804937362671 0.11724114418029785
v 0.09520812332630157 -1.1814779043197632 0.13278715312480927
v 0.11088044941425323 -1.1802668571472168 0.1595209240913391
v 0.11397410929203033 -1.188882827758789 0.12153622508049011
v 0.11345872282981873 -1.1827360391616821 0.1304965764284134
v 0.10594005137681961 -1.180194616317749 0.1599435806274414
v 0.11273525655269623 -1.1716575622558594 0.12449365854263306
v 0.13061712682247162 -1.1730356216430664 0.11625640094280243
v 0.12161782383918762 -1.189666986465454 0.14951080083847046
v 0.12551939487457275 -1.1898648738861084 0.14893533289432526
v 0.1322483867406845 -1.188990831375122 0.11541395634412766
v 0.13353775441646576 -1.1795392036437988 0.12504583597183228
v 0.14067117869853973 -1.1819961071014404 0.13672877848148346
v 0.14720989763736725 -1.188475251197815 0.10493956506252289
v 0.14966168999671936 -1.1792614459991455 0.11183906346559525
v 0.13710756599903107 -1.1815917491912842 0.13792352378368378
v 0.14769403636455536 -1.1716523170471191 0.10559853166341782
v 0.1543964147567749 -1.1807245016098022 0.1183476373553276
v 0.15754984319210052 -1.1871792078018188 0.09373372793197632
v 0.16280843317508698 -1.179044485092163 0.09046751260757446
v 0.15135647356510162 -1.179951548576355 0.1201055496931076
v 0.15987960994243622 -1.1711952686309814 0.09467040002346039
v 0.08507531136274338 -1.0685102939605713 0.000463792122900486
v 0.08653262257575989 -1.039627194404602 -0.004911269526928663
v 0.09711290895938873 -1.0409564971923828 0.0003478098660707474
v 0.09546539187431335 -1.0696165561676025 0.005186168942600489
v 0.10794591158628464 -1.0674799680709839 0.0019101775251328945
v 0.08333530277013779 -1.0945792198181152 0.008893754333257675
v 0.094710573554039 -1.0943886041641235 0.01311784889549017
v 0.1066526249051094 -1.0939370393753052 0.007504800334572792
v 0.12731550633907318 -1.1128088235855103 -0.03087449260056019
v 0.12650282680988312 -1.1111804246902466 -0.04804703965783119
v 0.1126401275396347 -1.1108640432357788 -0.05531270056962967
v 0.10333668440580368 -1.1105072498321533 -0.06574330478906631
v 0.09613382816314697 -1.1097562313079834 -0.07764644920825958
v 0.07204132527112961 -1.1176095008850098 0.002605179324746132
v 0.08182015269994736 -1.114500880241394 0.019557228311896324
v 0.09498247504234314 -1.1122294664382935 0.025764083489775658
v 0.10966215282678604 -1.1127921342849731 0.01829819194972515
v 0.07403768599033356 -1.1604962348937988 0.10665681958198547
v 0.09219998121261597 -1.158599615097046 0.10782955586910248
v 0.08892593532800674 -1.1492371559143066 0.08872741460800171
v 0.07478170841932297 -1.1598435640335083 0.08569734543561935
v 0.11005960404872894 -1.1625818014144897 0.10444813221693039
v 0.10737703740596771 -1.1500418186187744 0.08507498353719711
v 0.12746115028858185 -1.164382815361023 0.09727488458156586
v 0.12421751022338867 -1.1534417867660522 0.07781483232975006
v 0.1439526528120041 -1.1654956340789795 0.08793079107999802
v 0.13924801349639893 -1.1574286222457886 0.06876716017723083
v 0.1583584100008011 -1.1670048236846924 0.07940898835659027
v 0.15284888446331024 -1.162437915802002 0.059902142733335495
v 0.1649480164051056 -1.1758209466934204 0.07499231398105621
v 0.16129983961582184 -1.1717545986175537 0.05493476986885071
v 0.0685691311955452 -1.1777514219284058 0.1016388013958931
v 0.07100682705640793 -1.1754279136657715 0.08096052706241608
v 0.07886356115341187 -1.1890023946762085 0.09911689162254333
v 0.08069624751806259 -1.1890238523483276 0.07850684970617294
v 0.09582076221704483 -1.189156174659729 0.09839435666799545
v 0.09649401158094406 -1.1890584230422974 0.07696117460727692
v 0.15694312751293182 -1.184440016746521 0.05750546231865883
v 0.1587321162223816 -1.1873770952224731 0.0778704360127449
v 0.11421970278024673 -1.1889435052871704 0.09479045867919922
v 0.11434992402791977 -1.1876492500305176 0.0731256976723671
v 0.13139095902442932 -1.1897361278533936 0.08938749134540558
v 0.1308707296848297 -1.1882935762405396 0.06773951649665833
v 0.14620116353034973 -1.1897048950195312 0.08332041651010513
v 0.14523810148239136 -1.1880236864089966 0.062196750193834305
v 0.08437683433294296 -1.142020344734192 0.06499360501766205
v 0.10277280956506729 -1.1358519792556763 0.06444627791643143
v 0.11889273673295975 -1.1402852535247803 0.05603611096739769
v 0.1334068924188614 -1.146840214729309 0.04574047401547432
v 0.14591346681118011 -1.1565947532653809 0.0362117700278759
v 0.15564729273319244 -1.1669807434082031 0.031628210097551346
v 0.13123556971549988 -1.1338330507278442 0.017186705023050308
v 0.1394910365343094 -1.1534593105316162 0.010143719613552094
v 0.14681410789489746 -1.1656256914138794 0.008180869743227959
v 0.14061950147151947 -1.1644096374511719 -0.01568233221769333
v 0.1358737200498581 -1.1510921716690063 -0.015752069652080536
v 0.12707877159118652 -1.1503666639328003 -0.0564831905066967
v 0.131326824426651 -1.1498017311096191 -0.038717713207006454
v 0.13745903968811035 -1.1633661985397339 -0.039400216192007065
v 0.1341807097196579 -1.1652109622955322 -0.05856341868638992
v 0.130601704120636 -1.1332699060440063 -0.01156681776046753
v 0.1274566501379013 -1.1315765380859375 -0.03458879142999649
v 0.12090791016817093 -1.1305968761444092 -0.050178833305835724
v 0.11780840158462524 -1.1663058996200562 -0.081416055560112
v 0.11508601903915405 -1.1493359804153442 -0.08088906854391098
v 0.12249039113521576 -1.150277853012085 -0.06937786936759949
v 0.12844765186309814 -1.166014313697815 -0.07173774391412735
v 0.10166855901479721 -1.1686652898788452 -0.08570965379476547
v 0.09957544505596161 -1.151283860206604 -0.08722689002752304
v 0.08405597507953644 -1.1543647050857544 -0.07649338990449905
v 0.08525150269269943 -1.1710340976715088 -0.07669366151094437
v 0.10906766355037689 -1.1292719841003418 -0.07336433231830597
v 0.1145215556025505 -1.1305688619613647 -0.061858370900154114
v 0.09815455228090286 -1.1294543743133545 -0.08147226274013519
v 0.08418214321136475 -1.1326824426651 -0.07291006296873093
v 0.07745005190372467 -1.1561808586120605 -0.05789455398917198
v 0.07952643185853958 -1.1349271535873413 -0.0558864064514637
v 0.07695107907056808 -1.1721737384796143 -0.05886761471629143
v 0.07490663230419159 -1.1579118967056274 0.06117085739970207
v 0.07518062740564346 -1.1710165739059448 0.05713040754199028
v 0.11497697234153748 -1.1254042387008667 0.03581668809056282
v 0.09770465642213821 -1.1233737468719482 0.04366796836256981
v 0.0797124058008194 -1.1320089101791382 0.03618941828608513
v 0.07232534885406494 -1.15482759475708 0.034241851419210434
v 0.0770052820444107 -1.1691945791244507 0.030771154910326004
v 0.07055754959583282 -1.1558610200881958 0.009032227098941803
v 0.07759670168161392 -1.1686943769454956 0.006932036019861698
v 0.08370110392570496 -1.181492567062378 0.054360281676054
v 0.08654722571372986 -1.1757992506027222 0.028509249910712242
v 0.0863238126039505 -1.1747950315475464 0.004940552171319723
v 0.07082823663949966 -1.1563019752502441 -0.01243709959089756
v 0.0763913169503212 -1.1694393157958984 -0.013752421364188194
v 0.07404560595750809 -1.1561106443405151 -0.029766719788312912
v 0.07588493078947067 -1.1702910661697388 -0.030292456969618797
v 0.07539502531290054 -1.1713942289352417 -0.0439082607626915
v 0.07593295723199844 -1.1564050912857056 -0.04332754388451576
v 0.07343978434801102 -1.1370879411697388 -0.03090605139732361
v 0.07623700797557831 -1.1357194185256958 -0.04297342523932457
v 0.0705399215221405 -1.1383761167526245 -0.013789347372949123
v 0.07061918824911118 -1.1367605924606323 0.008485790342092514
v 0.15299873054027557 -1.1801724433898926 0.033532921224832535
v 0.1464952826499939 -1.1767443418502808 0.009450804442167282
v 0.13947319984436035 -1.1743284463882446 -0.014037753455340862
v 0.13576750457286835 -1.175581932067871 -0.03735428303480148
v 0.1304291933774948 -1.1772820949554443 -0.05540250241756439
v 0.12442761659622192 -1.1780126094818115 -0.06689519435167313
v 0.11555641144514084 -1.1778278350830078 -0.0752829909324646
v 0.10204558819532394 -1.1781187057495117 -0.07751767337322235
v 0.08992611616849899 -1.1799246072769165 -0.07182914018630981
v 0.08407526463270187 -1.1817829608917236 -0.05785423889756203
v 0.08242853730916977 -1.1823725700378418 -0.04463336616754532
v 0.08419296890497208 -1.1775197982788086 -0.015653371810913086
v 0.08240172266960144 -1.1809213161468506 -0.031492140144109726
v 0.06689558923244476 -1.1183809041976929 -0.016210151836276054
v 0.07005921006202698 -1.1168599128723145 -0.032883286476135254
v 0.07484233379364014 -1.1154556274414062 -0.04388418048620224
v 0.08440028876066208 -1.1118661165237427 -0.07024616003036499
v 0.08098936825990677 -1.113595962524414 -0.05438794568181038
v 0.09749728441238403 -1.184961199760437 0.05188499763607979
v 0.11411392688751221 -1.184213638305664 0.04794720560312271
v 0.12971647083759308 -1.1846082210540771 0.04272697865962982
v 0.14269353449344635 -1.1841518878936768 0.03772832080721855
v 0.13842563331127167 -1.1810927391052246 0.012770134955644608
v 0.1267649233341217 -1.1816556453704834 0.016678787767887115
v 0.11214259266853333 -1.1817927360534668 0.021197741851210594
v 0.09781290590763092 -1.1794812679290771 0.025733841583132744
v 0.13225804269313812 -1.1799607276916504 -0.010727967135608196
v 0.12193866819143295 -1.181269884109497 -0.006909539457410574
v 0.10868848860263824 -1.1815720796585083 -0.0032778121531009674
v 0.09636903554201126 -1.1795850992202759 0.001760701066814363
v 0.09320233762264252 -1.1827812194824219 -0.019038528203964233
v 0.10407667607069016 -1.1835094690322876 -0.02453017048537731
v 0.11609891057014465 -1.1825485229492188 -0.02801700308918953
v 0.12615294754505157 -1.1806776523590088 -0.03268171474337578
v 0.1209903433918953 -1.181358814239502 -0.049619946628808975
v 0.11142011731863022 -1.1827703714370728 -0.044295042753219604
v 0.10058652609586716 -1.1840710639953613 -0.04037046432495117
v 0.09152577072381973 -1.1842235326766968 -0.035320743918418884
v 0.11667459458112717 -1.1814321279525757 -0.059577614068984985
v 0.10282744467258453 -1.1817231178283691 -0.0697956308722496
v 0.11105991899967194 -1.1814453601837158 -0.06651804596185684
v 0.09486164897680283 -1.1832917928695679 -0.06670379638671875
v 0.0917532742023468 -1.1842548847198486 -0.05693043768405914
v 0.09105082601308823 -1.1846296787261963 -0.04651697725057602
v 0.09853404760360718 -1.1835434436798096 -0.05737689137458801
v 0.09920554608106613 -1.1838749647140503 -0.0498349629342556
v 0.1086515262722969 -1.1825597286224365 -0.05378245562314987
v 0.10585501790046692 -1.182296633720398 -0.06042091175913811
v 0.09878188371658325 -1.1829644441604614 -0.06305946409702301
v 0.1025332510471344 -1.1823515892028809 -0.06451219320297241
v 0.11961839348077774 -1.1159074306488037 -0.0028060218319296837
v -0.0024928664788603783 0.2905682623386383 -0.06012126803398132
v -0.0012941129971295595 0.2174515426158905 -0.0831395760178566
v 0.08214130997657776 -0.745762288570404 0.03506355360150337
v 0.09592591971158981 -0.7488806843757629 0.03984127938747406
v 0.11161544173955917 -0.7479045391082764 0.04127907752990723
v 0.12457568943500519 -0.3070419728755951 0.1029852032661438
v 0.06827422231435776 -0.07700681686401367 0.10851053893566132
v 0.07586531341075897 -0.03507455065846443 0.10348735749721527
v 0.07170969247817993 -0.05645832419395447 0.10568220168352127
v 0.1281612515449524 -0.34057584404945374 0.10744380205869675
v 0.12213931977748871 -0.0106006795540452 0.06305068731307983
v 0.00034728829632513225 -0.30432775616645813 -0.10076858848333359
v -0.0013356847921386361 0.17935378849506378 -0.09066533297300339
v 0.10698896646499634 0.14783860743045807 0.09037035703659058
v 0.0005259578465484083 -0.22408108413219452 -0.10829927772283554
v 0.07751670479774475 0.43948161602020264 0.018588369712233543
v 0.07513657957315445 0.43776842951774597 0.01714738830924034
v 0.07446040958166122 0.43439412117004395 0.0162312351167202
v 0.07369443774223328 0.4324757754802704 0.012748872861266136
v 0.07324337959289551 0.43053916096687317 0.00980414543300867
v 0.0726485326886177 0.42972177267074585 0.007563360966742039
v 0.07595173269510269 0.4349929392337799 0.013903244398534298
v 0.07417741417884827 0.4375646710395813 0.0110098235309124
v 0.07524576783180237 0.4377862811088562 0.013857658952474594
v 0.07646622508764267 0.43684229254722595 0.015301523730158806
v 0.0002704035141505301 0.1788884997367859 0.08056699484586716
v 0.00027806375874206424 0.1624896377325058 0.08567005395889282
v 0.0007142898393794894 0.1484472006559372 0.09260060638189316
v 0.001179267419502139 0.13230302929878235 0.097101591527462
v 0.0012202556245028973 0.38655179738998413 0.12437652051448822
v -0.004374774172902107 -0.13494698703289032 0.13282835483551025
v -0.0036735432222485542 -0.11759910732507706 0.12768100202083588
v -0.0003424073220230639 -0.08057672530412674 -0.062037393450737
v -0.004060256760567427 -0.1793483942747116 0.1317446082830429
v -0.0030056119430810213 -0.100257009267807 0.12757326662540436
v -0.00040505005745217204 0.061042994260787964 -0.08873908221721649
v 0.002089598448947072 0.11550236493349075 0.10093047469854355
v -0.0037656163331121206 -0.19658777117729187 0.1299183964729309
v -0.0016383840702474117 0.12014913558959961 -0.099469855427742
v -0.002060646191239357 -0.07660077512264252 0.1270972490310669
v -0.001582638593390584 -0.28223392367362976 0.12484988570213318
v 0.0006590856937691569 -0.012193525210022926 0.11959981918334961
v -0.04195316508412361 0.49959033727645874 0.08913164585828781
v -0.05253436043858528 0.4907057583332062 0.08051713556051254
v -0.047408219426870346 0.48271292448043823 0.09081847965717316
v -0.036584775894880295 0.48787134885787964 0.09863964468240738
v -0.04384301230311394 0.4754580855369568 0.09814203530550003
v -0.03404180705547333 0.4780092239379883 0.1041887179017067
v -0.05896072834730148 0.479621559381485 0.071971595287323
v -0.054458726197481155 0.4752514660358429 0.08278676122426987
v -0.059747688472270966 0.4396721124649048 0.0781368687748909
v -0.058073852211236954 0.44878754019737244 0.07742238789796829
v -0.06331886351108551 0.4456349313259125 0.0694001317024231
v -0.06384521722793579 0.4333854913711548 0.06983423233032227
v -0.05819247290492058 0.41350945830345154 0.07959741353988647
v -0.059398431330919266 0.4034920930862427 0.07053696364164352
v -0.054120056331157684 0.39632874727249146 0.08136816322803497
v -0.05204417183995247 0.40656328201293945 0.08874446898698807
v -0.02140088751912117 0.42391538619995117 0.10907302796840668
v -0.02455248311161995 0.42962825298309326 0.10660746693611145
v -0.030118251219391823 0.4238738417625427 0.1064915582537651
v -0.026329772546887398 0.4174036681652069 0.10887197405099869
v -0.012889638543128967 0.43491244316101074 0.11385737359523773
v -0.00884141307324171 0.4389666020870209 0.11974512040615082
v -0.009467808529734612 0.44403931498527527 0.11416175216436386
v -0.014221659861505032 0.43950358033180237 0.10947108268737793
v -0.01641370914876461 0.41870173811912537 0.1112634688615799
v -0.021573862060904503 0.41185206174850464 0.11054012179374695
v -0.015284598805010319 0.4258982241153717 0.11363174021244049
v -0.017167750746011734 0.4298952519893646 0.1100199893116951
v -0.011987041682004929 0.4217282831668854 0.12524983286857605
v -0.009135511703789234 0.42286038398742676 0.1299455463886261
v -0.010144741274416447 0.42838191986083984 0.12955275177955627
v -0.013216911815106869 0.4262710511684418 0.12303928285837173
v -0.01528969407081604 0.4192640781402588 0.11610108613967896
v -0.011905458755791187 0.416512668132782 0.11869961768388748
v -0.013065204955637455 0.4194363057613373 0.12127378582954407
v -0.015109577216207981 0.4228876233100891 0.11840604245662689
v -0.012213831767439842 0.43067803978919983 0.11831750720739365
v -0.009142909198999405 0.43401825428009033 0.12498889118432999
v -0.005080823320895433 0.4360916316509247 0.13159272074699402
v -0.00581380957737565 0.42893603444099426 0.13634079694747925
v -0.03605547547340393 0.40329986810684204 0.10496556758880615
v -0.03133584186434746 0.39995741844177246 0.10821647197008133
v -0.026872558519244194 0.40579885244369507 0.10981902480125427
v -0.031530462205410004 0.4104956388473511 0.10757296532392502
v -0.012800101190805435 0.4129638969898224 0.11570793390274048
v -0.015610896050930023 0.3971359133720398 0.11897194385528564
v -0.010303170420229435 0.39875245094299316 0.12236754596233368
v -0.010269561782479286 0.4026179909706116 0.1219126284122467
v -0.016166705638170242 0.4011553227901459 0.11830218136310577
v -0.04090162366628647 0.3875488042831421 0.09868250042200089
v -0.04070381075143814 0.37877094745635986 0.0963943600654602
v -0.035061586648225784 0.3797716498374939 0.10234509408473969
v -0.03546126186847687 0.3868694305419922 0.10387235879898071
v -0.0326375849545002 0.3733265995979309 0.10259375721216202
v -0.038238801062107086 0.36991676688194275 0.0953964963555336
v -0.02936745621263981 0.35442253947257996 0.10003343969583511
v -0.024282822385430336 0.36235278844833374 0.108861044049263
v -0.028888026252388954 0.36751487851142883 0.10452812910079956
v -0.03435314819216728 0.36175158619880676 0.0968361496925354
v -0.01327573973685503 0.36895009875297546 0.11613210290670395
v -0.018478723242878914 0.3579521179199219 0.11439531296491623
v -0.01202470064163208 0.35513007640838623 0.11925078928470612
v -0.00787033699452877 0.36792945861816406 0.11920652538537979
v -0.014800554141402245 0.39063775539398193 0.1158687174320221
v -0.015047501772642136 0.39368823170661926 0.11796140670776367
v -0.018987396731972694 0.39229655265808105 0.114898681640625
v -0.01860211417078972 0.39016246795654297 0.11337355524301529
v -0.02242695726454258 0.3895312547683716 0.11081527918577194
v -0.022348398342728615 0.3902900218963623 0.11147778481245041
v -0.023887494578957558 0.39088940620422363 0.11118341982364655
v -0.02405722439289093 0.38923007249832153 0.11001475155353546
v -0.02063083089888096 0.3897997736930847 0.11200834065675735
v -0.02146916091442108 0.38858217000961304 0.11138539761304855
v -0.019443102180957794 0.38784998655319214 0.1129714846611023
v -0.016266241669654846 0.3874152600765228 0.11597047746181488
v -0.003841688623651862 0.38648611307144165 0.12355513870716095
v -0.002857616636902094 0.39114856719970703 0.1216546818614006
v -0.005933426320552826 0.39109647274017334 0.12052032351493835
v -0.007584957871586084 0.3866795301437378 0.12232145667076111
v -0.022410402074456215 0.3928346037864685 0.1128353700041771
v -0.019907306879758835 0.3948816657066345 0.11532822251319885
v -0.021249540150165558 0.3980700671672821 0.1150270625948906
v -0.02464110031723976 0.3947639763355255 0.1123187392950058
v -0.027512071654200554 0.39704081416130066 0.11108099669218063
v -0.029587730765342712 0.3926122188568115 0.10894346237182617
v -0.02629104070365429 0.3918038010597229 0.11041920632123947
v -0.023171652108430862 0.3873201012611389 0.11011126637458801
v -0.0266804788261652 0.3885672986507416 0.10895705223083496
v -0.025739118456840515 0.3854711651802063 0.10829340666532516
v -0.023785779252648354 0.38241755962371826 0.10975184291601181
v -0.02113487757742405 0.38557639718055725 0.11188557744026184
v -0.01802545227110386 0.38413697481155396 0.11504308879375458
v -0.020485760644078255 0.37983861565589905 0.11259192228317261
v -0.015779977664351463 0.37786856293678284 0.11595317721366882
v -0.013652605935931206 0.38281965255737305 0.11877670884132385
v -0.023358378559350967 0.4017808735370636 0.11320538073778152
v -0.03050944395363331 0.387708842754364 0.1069721132516861
v -0.03399909660220146 0.393892765045166 0.10601428151130676
v -0.02986326813697815 0.3826223909854889 0.10601434111595154
v -0.02764396369457245 0.3781139850616455 0.10686126351356506
v -0.019112611189484596 0.3711149990558624 0.11270298063755035
v -0.024108145385980606 0.3740944564342499 0.10930082947015762
v -0.022147642448544502 0.34847840666770935 0.10540423542261124
v -0.013701937161386013 0.34472891688346863 0.10943862795829773
v -0.040152717381715775 0.46940216422080994 0.09959305822849274
v -0.03201447054743767 0.470842570066452 0.10294701159000397
v -0.04039020836353302 0.4615039825439453 0.09646891802549362
v -0.03691302612423897 0.4627717137336731 0.09853962808847427
v -0.03743402287364006 0.4655090570449829 0.09870899468660355
v -0.041935719549655914 0.46366697549819946 0.09577199071645737
v -0.05271898955106735 0.45187467336654663 0.08270782232284546
v -0.05416705831885338 0.445221483707428 0.08298766613006592
v -0.04879605025053024 0.45038115978240967 0.08640787750482559
v -0.04827297851443291 0.4543972611427307 0.0870886966586113
v -0.04176975414156914 0.4436054825782776 0.0942714586853981
v -0.03957955166697502 0.45070508122444153 0.09516484290361404
v -0.04250313341617584 0.45130398869514465 0.09273327887058258
v -0.045771002769470215 0.44448739290237427 0.09106729179620743
v -0.036029063165187836 0.45051640272140503 0.09710919857025146
v -0.03721744567155838 0.44404953718185425 0.09685759246349335
v -0.03250962868332863 0.4453577995300293 0.09862548112869263
v -0.032043635845184326 0.4509247839450836 0.09831470996141434
v -0.031111950054764748 0.46661293506622314 0.10027420520782471
v -0.031611550599336624 0.4635099172592163 0.09998982399702072
v -0.02560001239180565 0.4631388187408447 0.09955331683158875
v -0.024132395163178444 0.4663854241371155 0.10022394359111786
v -0.015827219933271408 0.4558643102645874 0.09663192927837372
v -0.012990773655474186 0.4557002782821655 0.09868428111076355
v -0.013471372425556183 0.45979079604148865 0.09872947633266449
v -0.016666581854224205 0.4582642912864685 0.09690254181623459
v -0.01718864217400551 0.4539673328399658 0.09737950563430786
v -0.015294859185814857 0.4524122476577759 0.09899251163005829
v -0.03360408917069435 0.5204595923423767 0.08447346091270447
v -0.047540053725242615 0.5112463235855103 0.07553097605705261
v -0.028757886961102486 0.5056136250495911 0.09690749645233154
v -0.057929832488298416 0.4988778531551361 0.06707906723022461
v -0.0642099380493164 0.48431065678596497 0.05965956673026085
v -0.055148739367723465 0.38625243306159973 0.07496312260627747
v -0.04787680506706238 0.38098016381263733 0.08690352737903595
v -0.04729510098695755 0.3908262252807617 0.09091244637966156
v -0.05320228636264801 0.3752017617225647 0.07139328867197037
v -0.04537321627140045 0.3701809346675873 0.08494637906551361
v -0.03239045664668083 0.3507687747478485 0.08536580950021744
v -0.04029010236263275 0.3596135675907135 0.08418923616409302
v -0.05914907529950142 0.38327935338020325 0.05559449642896652
v -0.055640917271375656 0.374634712934494 0.04989946261048317
v -0.04785294085741043 0.3642027974128723 0.06730739772319794
v -0.060266874730587006 0.3871886134147644 0.03547442704439163
v -0.057905539870262146 0.3838621973991394 0.028110679239034653
v -0.05001474544405937 0.36577659845352173 0.04109744355082512
v -0.03555102273821831 0.328795850276947 0.04785614460706711
v -0.04792763292789459 0.33323633670806885 0.036363571882247925
v -0.050085145980119705 0.32016459107398987 0.03226549178361893
v -0.03824441507458687 0.315766841173172 0.044802747666835785
v -0.06029920652508736 0.3933573365211487 0.06169463321566582
v -0.06544381380081177 0.45484739542007446 0.06074952334165573
v -0.0670679360628128 0.4414098560810089 0.05883967503905296
v -0.06098857522010803 0.4567860960960388 0.07138949632644653
v -0.0676676407456398 0.5105838179588318 0.03301743417978287
v -0.07283945381641388 0.4938333332538605 0.03107720986008644
v -0.06896629929542542 0.48971110582351685 0.04614425078034401
v -0.06313423067331314 0.5061264634132385 0.051197394728660583
v -0.040592487901449203 0.544107973575592 0.03856706991791725
v -0.055990882217884064 0.5293684601783752 0.03587663173675537
v -0.052154604345560074 0.5220796465873718 0.05786911025643349
v -0.037847597151994705 0.5344635844230652 0.06389119476079941
v -0.07559875398874283 0.4940728545188904 0.01596478372812271
v -0.07005048543214798 0.5112984776496887 0.012601993978023529
v -0.07158560305833817 0.5060077905654907 -0.007880148477852345
v -0.07659505307674408 0.49123552441596985 2.635456621646881e-05
v -0.058505818247795105 0.5300267338752747 0.009147435426712036
v -0.06046787276864052 0.5238443613052368 -0.016645438969135284
v -0.058659281581640244 0.38618090748786926 0.01678425818681717
v -0.05623750388622284 0.3692561686038971 0.021641068160533905
v -0.05461309477686882 0.3527574837207794 0.023716041818261147
v -0.0460527241230011 0.34872016310691833 0.03940742462873459
v -0.04361925646662712 0.5377358794212341 -0.022946003824472427
v -0.04172099754214287 0.5449992418289185 0.00747576542198658
v -0.06472639739513397 0.461855947971344 -0.04078682139515877
v -0.07058253884315491 0.45447948575019836 -0.02641824632883072
v -0.07409770041704178 0.4699799120426178 -0.019597569480538368
v -0.06817908585071564 0.48024195432662964 -0.035533417016267776
v -0.05519189313054085 0.4690975844860077 -0.05585850402712822
v -0.05819961056113243 0.49073734879493713 -0.05048394203186035
v -0.05248280242085457 0.4081973135471344 -0.03299373388290405
v -0.04411560669541359 0.40864595770835876 -0.046263687312603
v -0.03867538273334503 0.39270418882369995 -0.035920124500989914
v -0.045918311923742294 0.39294499158859253 -0.02389482967555523
v -0.05058968812227249 0.4707387089729309 0.09147657454013824
v -0.054281074553728104 0.46469801664352417 0.08512237668037415
v -0.04913763329386711 0.46264317631721497 0.09026991575956345
v -0.045752014964818954 0.4664471447467804 0.09509803354740143
v -0.06270506978034973 0.46787646412849426 0.06525435298681259
v -0.058538295328617096 0.46635159850120544 0.0760551393032074
v -0.07098168879747391 0.47468292713165283 0.0413103811442852
v -0.0745391994714737 0.47900065779685974 0.028741829097270966
v -0.0777408629655838 0.47810032963752747 0.0042218710295856
v -0.0769662857055664 0.479805588722229 0.01699497364461422
v -0.07312469184398651 0.44834867119789124 -0.015355469658970833
v -0.07529547065496445 0.4585151672363281 -0.010911690071225166
v -0.059663597494363785 0.3930203318595886 0.0019717933610081673
v -0.05289482697844505 0.3924768567085266 -0.012144727632403374
v -0.04976887255907059 0.3745034635066986 -0.006906085181981325
v -0.056456077843904495 0.3725149929523468 0.005962626542896032
v -0.0355507954955101 0.3761942982673645 -0.027583206072449684
v -0.042172983288764954 0.3758927583694458 -0.017696931958198547
v -0.05418809503316879 0.33959314227104187 0.006291757803410292
v -0.04825858026742935 0.3416488468647003 -0.006530191749334335
v -0.050521865487098694 0.32785895466804504 -0.010536438785493374
v -0.054368793964385986 0.3251837193965912 0.0027487813495099545
v -0.04425674304366112 0.3285377323627472 -0.022543786093592644
v -0.0409044474363327 0.34334707260131836 -0.01737656258046627
v -0.03311224654316902 0.34325915575027466 -0.02608451433479786
v -0.03500792011618614 0.32798999547958374 -0.030899543315172195
v -0.015094848349690437 0.3088616728782654 0.06059635803103447
v -0.02545609325170517 0.3122774064540863 0.05327567458152771
v -0.028267841786146164 0.3006460666656494 0.04987887665629387
v -0.01647099107503891 0.2980380058288574 0.056269627064466476
v -0.05675126612186432 0.31316858530044556 -0.0028268792666494846
v -0.05477982386946678 0.3177599012851715 -0.016916614025831223
v -0.0582793764770031 0.40834498405456543 -0.019298380240797997
v -0.06366889923810959 0.4099324643611908 -0.008486676961183548
v -0.04846268892288208 0.3179243803024292 -0.029253315180540085
v -0.04793960601091385 0.3570820093154907 -0.004712295718491077
v -0.04081176221370697 0.3585006892681122 -0.015698911622166634
v -0.026296237483620644 0.3760480284690857 -0.03595272824168205
v -0.029190704226493835 0.39222222566604614 -0.04509647935628891
v -0.01925680786371231 0.4346906244754791 0.1069188192486763
v -0.02293393388390541 0.4486503303050995 0.09950440376996994
v -0.018760595470666885 0.45027393102645874 0.09931205213069916
v -0.019813237711787224 0.4531753361225128 0.09815947711467743
v -0.023486072197556496 0.45231613516807556 0.09870283305644989
v -0.011697846464812756 0.489757776260376 0.10991570353507996
v -0.02450539357960224 0.4901595711708069 0.10547120124101639
v -0.022652404382824898 0.47759702801704407 0.10901038348674774
v -0.01020022388547659 0.4739961326122284 0.11124913394451141
v -0.04797392338514328 0.41945359110832214 0.0964643657207489
v -0.0417308434844017 0.4094105064868927 0.10130997002124786
v -0.036069560796022415 0.4172655940055847 0.10508301854133606
v -0.03918851912021637 0.42600834369659424 0.10192705690860748
v -0.04546740651130676 0.45597314834594727 0.08984501659870148
v -0.04443216323852539 0.45797035098075867 0.09191525727510452
v -0.04681065306067467 0.4581162631511688 0.08951674401760101
v -0.03905365616083145 0.3959777057170868 0.10191213339567184
v -0.04526057466864586 0.4002250134944916 0.09610118716955185
v -0.0661429911851883 0.42693835496902466 0.05874257534742355
v -0.05614722520112991 0.4575556516647339 0.07982676476240158
v -0.020899441093206406 0.554434597492218 0.041486553847789764
v -0.01990196667611599 0.5429795980453491 0.07019707560539246
v -0.021645981818437576 0.5557552576065063 0.007304850034415722
v -0.022933533415198326 0.5483027696609497 -0.02567925862967968
v -0.043070994317531586 0.4995039701461792 -0.062319282442331314
v -0.023602638393640518 0.5074746012687683 -0.06996199488639832
v -0.02174399234354496 0.47987303137779236 -0.07713745534420013
v -0.04081865772604942 0.4751444458961487 -0.06861412525177002
v -0.03218914568424225 0.4096829891204834 -0.056668151170015335
v -0.023759452626109123 0.3437168002128601 -0.033168062567710876
v -0.02485726960003376 0.3273952603340149 -0.0355040542781353
v -0.018085267394781113 0.5257428884506226 0.09041719883680344
v -0.014347806572914124 0.5072749257087708 0.10181906074285507
v -0.06675253063440323 0.4701475203037262 0.05274829640984535
v -0.05912545323371887 0.43132612109184265 0.08166124671697617
v -0.05567166954278946 0.424546480178833 0.08729726821184158
v -0.05168616399168968 0.43520796298980713 0.09056825935840607
v -0.05426667258143425 0.4392840564250946 0.08596944063901901
v -0.06194687634706497 0.42226651310920715 0.07319182902574539
v -0.06316138803958893 0.4135395586490631 0.06150516867637634
v -0.06460626423358917 0.404689222574234 0.04806285724043846
v -0.06298069655895233 0.3933267593383789 0.04144329950213432
v -0.07020262628793716 0.49637237191200256 -0.0258494783192873
v -0.07545017451047897 0.483928918838501 -0.013323584571480751
v -0.04452493041753769 0.5217962861061096 -0.04723886027932167
v -0.06034049764275551 0.5101853013038635 -0.03774967044591904
v -0.07683723419904709 0.4738651514053345 -0.007412591017782688
v -0.024175332859158516 0.5320307612419128 -0.05292142182588577
v -0.009961912408471107 0.40714430809020996 0.12071393430233002
v -0.008483520708978176 0.4114311933517456 0.12016525864601135
v -0.016804927960038185 0.4068882167339325 0.11571162939071655
v -0.009000579826533794 0.38203588128089905 0.12139695882797241
v -0.010596179403364658 0.3765355944633484 0.11835967749357224
v -0.005661179777234793 0.37596985697746277 0.1198267862200737
v -0.004614256788045168 0.38165298104286194 0.12274433672428131
v -0.013072891160845757 0.3401446044445038 0.09440236538648605
v -0.022596821188926697 0.3442150950431824 0.09004624933004379
v -0.013900427147746086 0.3199959397315979 0.06579611450433731
v -0.023717161267995834 0.32350751757621765 0.05790909379720688
v -0.008185367099940777 0.42019927501678467 0.12416340410709381
v -0.008546041324734688 0.4194018244743347 0.12207341194152832
v -0.006626626942306757 0.41969987750053406 0.12255937606096268
v -0.006673579104244709 0.42046916484832764 0.12464629858732224
v -0.021201295778155327 0.39141157269477844 0.11278019845485687
v -0.005658579058945179 0.39891088008880615 0.12443115562200546
v -0.005767846014350653 0.3951876163482666 0.12293609976768494
v -0.0027142721228301525 0.39496150612831116 0.12362725287675858
v -0.0026110997423529625 0.39861994981765747 0.12508545815944672
v -0.03732004761695862 0.3514218032360077 0.06409705430269241
v -0.03446163982152939 0.34126269817352295 0.053206779062747955
v -0.05517863109707832 0.32221612334251404 0.017909415066242218
v -0.054736148566007614 0.3365500271320343 0.02181512862443924
v -0.05482373386621475 0.3557204306125641 0.007714436389505863
v -0.03449264168739319 0.35892558097839355 -0.025926902890205383
v -0.024640090763568878 0.3597661256790161 -0.033072538673877716
v -0.013687528669834137 0.3605193793773651 -0.03798828274011612
v -0.015197942033410072 0.37649857997894287 -0.0418989434838295
v -0.02311856299638748 0.3413681983947754 0.07477298378944397
v -0.023258548229932785 0.3339475691318512 0.06433352828025818
v -0.013383487239480019 0.33042922616004944 0.07136327773332596
v -0.012810714542865753 0.3371487259864807 0.08055678009986877
v -0.0028810312505811453 0.41740700602531433 0.1259050965309143
v -0.0038532798644155264 0.41620275378227234 0.12382751703262329
v -0.0019768045749515295 0.4140056073665619 0.12471521645784378
v -0.0014651201199740171 0.416376531124115 0.127492755651474
v -0.009416408836841583 0.41736963391304016 0.12039873003959656
v -0.007568036206066608 0.4144183099269867 0.12038899958133698
v -0.007166592869907618 0.4164750874042511 0.12043064832687378
v -0.01017758809030056 0.41869059205055237 0.12202722579240799
v -0.009604578837752342 0.42011430859565735 0.12473533302545547
v -0.005014872644096613 0.4209623336791992 0.12958158552646637
v -0.004724497441202402 0.4216618537902832 0.1344757229089737
v -0.007831567898392677 0.4209304749965668 0.1277836561203003
v -0.004614744335412979 0.4187413454055786 0.12435982376337051
v -0.004978945478796959 0.417447566986084 0.12252391874790192
v -0.006698710843920708 0.41830378770828247 0.12088342010974884
v -0.008330144919455051 0.4184841811656952 0.12081889063119888
v -0.005330314394086599 0.4209144115447998 0.12743259966373444
v -0.007074487861245871 0.42074233293533325 0.12609411776065826
v -0.004532383289188147 0.44217339158058167 0.12568674981594086
v -0.00522844772785902 0.31781694293022156 0.0699756070971489
v -0.004738665651530027 0.32833829522132874 0.07511639595031738
v -0.02178221382200718 0.3899395763874054 0.11127625405788422
v -0.023108061403036118 0.4703117907047272 0.1042821928858757
v -0.045991625636816025 0.4336566925048828 0.09586069732904434
v -0.02638060972094536 0.4355080723762512 0.10364700853824615
v -0.027284180745482445 0.4413473308086395 0.10128374397754669
v -0.032826684415340424 0.4383884072303772 0.10038693249225616
v -0.032184191048145294 0.4309975504875183 0.10322504490613937
v -0.014493542723357677 0.4672733247280121 0.10447292774915695
v -0.009650710970163345 0.46173202991485596 0.10345742106437683
v -0.005800069309771061 0.46361058950424194 0.1099524199962616
v -0.0092777693644166 0.45528411865234375 0.1034589633345604
v -0.012354312464594841 0.4502183198928833 0.10222239792346954
v -0.010551543906331062 0.44794052839279175 0.10819029808044434
v -0.005935325752943754 0.45466458797454834 0.11217448860406876
v -0.04480434209108353 0.4611583650112152 0.09261028468608856
v -0.04277772083878517 0.4597946107387543 0.09418812394142151
v -0.015451515093445778 0.44328930974006653 0.10517607629299164
v -0.016841096803545952 0.44675830006599426 0.10144388675689697
v -0.02188381552696228 0.44407132267951965 0.101331427693367
v -0.020778926089406013 0.4393317401409149 0.10389546304941177
v -0.03896418213844299 0.4354935586452484 0.09880729019641876
v -0.05107899755239487 0.4578442871570587 0.08567404747009277
v -0.048054128885269165 0.44676220417022705 0.08803372085094452
v -0.06321810185909271 0.40568995475769043 0.005872451234608889
v -0.06695934385061264 0.41596123576164246 -0.0012264722026884556
v -0.0656602531671524 0.39922043681144714 0.02431313693523407
v -0.0647607296705246 0.4010803699493408 0.020649246871471405
v -0.05995989963412285 0.39614415168762207 0.022761596366763115
v -0.06281492859125137 0.3955577313899994 0.02686179056763649
v -0.07619988918304443 0.44918423891067505 0.004314233548939228
v -0.07567185908555984 0.4498649537563324 0.008068512193858624
v -0.07615578174591064 0.4564525783061981 0.008679840713739395
v -0.07614845782518387 0.4552615284919739 0.0014798621414229274
v -0.07580000162124634 0.4525580406188965 0.014357414096593857
v -0.07526087015867233 0.44885146617889404 0.014637571759521961
v -0.07495012879371643 0.4485486149787903 0.0178598091006279
v -0.0755625069141388 0.45567455887794495 0.01650010049343109
v -0.07388950884342194 0.45341700315475464 0.02363227866590023
v -0.07447867840528488 0.46490031480789185 0.026841996237635612
v -0.07646805793046951 0.46674418449401855 0.016907770186662674
v -0.06906167417764664 0.45224419236183167 0.046017348766326904
v -0.07135500013828278 0.4602471590042114 0.03600117191672325
v -0.07144160568714142 0.4483935236930847 0.029419079422950745
v -0.06994641572237015 0.44045311212539673 0.034060873091220856
v -0.06586108356714249 0.40686488151550293 0.034017350524663925
v -0.0649891123175621 0.39928221702575684 0.031020889058709145
v -0.060587819665670395 0.3991204798221588 0.015119841322302818
v -0.05196412652730942 0.44764816761016846 -0.0564054399728775
v -0.06131858006119728 0.44316843152046204 -0.041875775903463364
v -0.0670463964343071 0.4390864372253418 -0.028138283640146255
v -0.07042037695646286 0.43618452548980713 -0.01622716709971428
v -0.039392512291669846 0.4523363411426544 -0.0690632089972496
v -0.022458277642726898 0.4535815119743347 -0.07672426849603653
v -0.0689978078007698 0.4356076121330261 0.04664889723062515
v -0.06855155527591705 0.4292774498462677 0.035478442907333374
v -0.057085681706666946 0.4250699579715729 -0.03920363634824753
v -0.048023223876953125 0.4275429844856262 -0.053130924701690674
v -0.06278129667043686 0.4233420193195343 -0.025570252910256386
v -0.06724780052900314 0.423573762178421 -0.013972625136375427
v -0.03564673662185669 0.4313886761665344 -0.06498764455318451
v -0.01902354322373867 0.42966383695602417 -0.07160456478595734
v -0.01769288443028927 0.40924519300460815 -0.06219710409641266
v -0.07002253830432892 0.40777188539505005 0.024096734821796417
v -0.07065887004137039 0.40233543515205383 0.02534245140850544
v -0.06764019280672073 0.40127846598625183 0.026716114953160286
v -0.06778572499752045 0.40690290927886963 0.027944181114435196
v -0.06739842891693115 0.41782471537590027 0.03486117720603943
v -0.06708405911922455 0.42082861065864563 0.0463392436504364
v -0.005065121687948704 0.44830894470214844 0.11973556131124496
v -0.005087641533464193 0.3540097773075104 0.12137340009212494
v -0.003155278041958809 0.36765941977500916 0.1211000606417656
v -0.005120971705764532 0.40693387389183044 0.12340443581342697
v -0.0055378819815814495 0.40284350514411926 0.12412375956773758
v -0.0024248252157121897 0.40226367115974426 0.12479150295257568
v -0.002094210823997855 0.40620356798171997 0.12410231679677963
v -0.017601890489459038 0.46405988931655884 0.09927019476890564
v -0.01654564030468464 0.3926173746585846 -0.0517042838037014
v -0.012818560004234314 0.3444310426712036 -0.036724139004945755
v -0.013229862786829472 0.32813382148742676 -0.038093291223049164
v -0.038699857890605927 0.31553006172180176 -0.03788663446903229
v -0.027159402146935463 0.31334853172302246 -0.042550962418317795
v -0.0017992205685004592 0.4102645516395569 0.12389563769102097
v -0.004564599599689245 0.4107951521873474 0.1229022741317749
v -0.004760227631777525 0.4202392101287842 0.12621447443962097
v -0.010196049697697163 0.39483243227005005 0.1211392730474472
v -0.005111127160489559 0.41605105996131897 0.12216156721115112
v -0.0044473991729319096 0.4138440787792206 0.12259068340063095
v 5.6026168749667704e-05 0.413476824760437 0.12548953294754028
v -0.0001818983582779765 0.4099099040031433 0.12420178204774857
v -0.02766544185578823 0.44714176654815674 0.09948621690273285
v -0.02772960253059864 0.4516580402851105 0.09876885265111923
v -0.0033121653832495213 0.4192691445350647 0.1283770501613617
v -0.002239181427285075 0.418416827917099 0.13100668787956238
v -0.041438084095716476 0.30357879400253296 0.04078809171915054
v -0.05235542729496956 0.3067834973335266 0.027360176667571068
v -0.000565317168366164 0.39485394954681396 0.12387142330408096
v -0.0005561358993873 0.3984893560409546 0.12528301775455475
v -0.06989916414022446 0.43331578373908997 0.026292642578482628
v -0.07165413349866867 0.44038134813308716 0.024258868768811226
v -0.07282322645187378 0.43537235260009766 0.019323501735925674
v -0.0710044577717781 0.42924460768699646 0.021111667156219482
v -0.0061863018199801445 0.3069174587726593 0.06501508504152298
v -0.05638602375984192 0.30940359830856323 0.011961120180785656
v -0.014900913462042809 0.31332528591156006 -0.044989097863435745
v -0.04456518962979317 0.4524418115615845 0.0907377153635025
v -0.04552209749817848 0.45407426357269287 0.08955183625221252
v -0.020273972302675247 0.46144774556159973 0.09786967188119888
v -0.011984464712440968 0.3870566785335541 0.11970890313386917
v -0.010221980512142181 0.39109158515930176 0.11876120418310165
v -0.0045115211978554726 0.3353790044784546 0.08343864232301712
v 8.672922558616847e-05 0.4158342480659485 0.1284397542476654
v -0.07371336221694946 0.4422948956489563 0.011182432062923908
v -0.07328260689973831 0.4386889934539795 0.01202755980193615
v -0.0757317841053009 0.4379008710384369 0.01393414568156004
v -0.0759754627943039 0.44112610816955566 0.014451252296566963
v -0.07736410945653915 0.4446452260017395 0.019056035205721855
v -0.07875687628984451 0.4478151500225067 0.017483025789260864
v -0.07974705845117569 0.4442916512489319 0.01596570760011673
v -0.07823888212442398 0.4415190517902374 0.016678284853696823
v -0.07399290055036545 0.44573554396629333 0.021475786343216896
v -0.07516417652368546 0.4408152401447296 0.019567929208278656
v -0.08105907589197159 0.448975145816803 0.015847980976104736
v -0.08064847439527512 0.44630661606788635 0.01453137956559658
v -0.07559387385845184 0.4496680200099945 0.012010650709271431
v -0.0783979669213295 0.450361043214798 0.014614726416766644
v -0.0796438455581665 0.45170876383781433 0.010296680964529514
v -0.08355429768562317 0.44979777932167053 0.012212816625833511
v -0.0816091001033783 0.45111849904060364 0.004400892648845911
v -0.08617570251226425 0.4489069879055023 0.007137187756597996
v -0.08201683312654495 0.44709712266921997 -0.0007098773494362831
v -0.08716906607151031 0.4455868899822235 0.001730151241645217
v -0.0682833269238472 0.414798766374588 0.027666013687849045
v -0.06786447763442993 0.4148699641227722 0.021331731230020523
v -0.08187460154294968 0.44093504548072815 -0.003226806875318289
v -0.08744541555643082 0.4403199553489685 -0.0014431499876081944
v -0.08123322576284409 0.4334203600883484 -0.004767431411892176
v -0.08670423924922943 0.43326905369758606 -0.0028512226417660713
v -0.08028630167245865 0.42522141337394714 -0.00394437788054347
v -0.08509893715381622 0.4259255528450012 -0.002141975797712803
v -0.07891645282506943 0.4176151156425476 -0.000995758455246687
v -0.08353929221630096 0.4190298616886139 0.0006715762428939342
v -0.0768384337425232 0.4088791012763977 0.003641598392277956
v -0.08151457458734512 0.41259118914604187 0.005385156255215406
v -0.08325916528701782 0.4438279867172241 0.0025026111397892237
v -0.0822494849562645 0.4469338357448578 0.006114707328379154
v -0.07499866187572479 0.4452340602874756 0.002667781198397279
v -0.08125947415828705 0.4477595388889313 0.010842099785804749
v -0.07240468263626099 0.43283072113990784 0.005607779137790203
v -0.07142312824726105 0.4308764934539795 0.006056674290448427
v -0.0736934095621109 0.4319494068622589 0.009080357849597931
v -0.07188315689563751 0.4339349567890167 0.007428843528032303
v -0.07175060361623764 0.42698171734809875 0.017751380801200867
v -0.07149314135313034 0.42167720198631287 0.018013492226600647
v -0.07045494019985199 0.4219438135623932 0.021880298852920532
v -0.06959906220436096 0.4177219867706299 0.017742158845067024
v -0.0687514916062355 0.42213913798332214 0.01636642962694168
v -0.06887225061655045 0.4189267158508301 0.016296198591589928
v -0.06812431663274765 0.4260169565677643 0.01584051363170147
v -0.0692744180560112 0.41737455129623413 0.014908649027347565
v -0.07026443630456924 0.41573721170425415 0.016181111335754395
v -0.06827230751514435 0.4183467626571655 0.01421493012458086
v -0.06787514686584473 0.41932016611099243 0.014993497170507908
v -0.06709659099578857 0.4211168885231018 0.014081621542572975
v -0.0672738328576088 0.42394453287124634 0.01178203895688057
v -0.06944940239191055 0.4243054986000061 0.02725202590227127
v -0.06743223965167999 0.412014901638031 0.008492137305438519
v -0.0707036703824997 0.41959887742996216 0.004089622292667627
v -0.07856258749961853 0.4077838957309723 0.011097976937890053
v -0.07519391179084778 0.40220940113067627 0.011065095663070679
v -0.0726700872182846 0.399223268032074 0.023507803678512573
v -0.07420463860034943 0.39868786931037903 0.0181560181081295
v -0.07405228167772293 0.4399642050266266 0.0015591525007039309
v -0.07374000549316406 0.43347448110580444 0.00022647809237241745
v -0.06551934033632278 0.40644586086273193 0.015587447211146355
v -0.07268169522285461 0.4268108606338501 0.0011065742000937462
v -0.07965227216482162 0.41638287901878357 0.0062543414533138275
v -0.07699136435985565 0.4130896031856537 0.010467354208230972
v -0.08214161545038223 0.42104822397232056 0.002794736996293068
v -0.07131896913051605 0.4124813973903656 0.01853395625948906
v -0.07440405339002609 0.41185593605041504 0.014781109988689423
v -0.07616280019283295 0.40636637806892395 0.016809752210974693
v -0.07334771007299423 0.40667101740837097 0.021316565573215485
v -0.0747828260064125 0.41675442457199097 0.01050993800163269
v -0.07808341085910797 0.4193272292613983 0.007904262281954288
v -0.07145646959543228 0.41892996430397034 0.009248046204447746
v -0.07451337575912476 0.4215259850025177 0.007053225766867399
v -0.07006088644266129 0.41751790046691895 0.012417763471603394
v -0.07202719151973724 0.4154338240623474 0.013400964438915253
v -0.06780992448329926 0.42083263397216797 0.008496520109474659
v -0.07063435018062592 0.42456546425819397 0.005785984918475151
v -0.0678800642490387 0.41899967193603516 0.012145670130848885
v -0.0774422138929367 0.42471885681152344 0.006390663795173168
v -0.07431960850954056 0.42771491408348083 0.0057432036846876144
v -0.07769360393285751 0.4310090243816376 0.007304171100258827
v -0.07994861900806427 0.42847979068756104 0.0063140238635241985
v -0.08063896745443344 0.4228677451610565 0.00542536610737443
v -0.08257441967725754 0.42715516686439514 0.0037438960280269384
v -0.08274807780981064 0.4267604947090149 0.00039052870124578476
v -0.08313944935798645 0.432474285364151 0.002724199555814266
v -0.08326809108257294 0.4331839084625244 -0.00039310380816459656
v -0.08126992732286453 0.4323468506336212 0.005322021432220936
v -0.07971896976232529 0.43340829014778137 0.0074580367654562
v -0.0837269201874733 0.43929237127304077 0.0002746046520769596
v -0.08298252522945404 0.4376283884048462 0.003113033715635538
v -0.0824003666639328 0.44162943959236145 0.004628137219697237
v -0.08180801570415497 0.4362204968929291 0.005604322534054518
v -0.08105839788913727 0.43932458758354187 0.006736938841640949
v -0.08055554330348969 0.4356265962123871 0.007053154520690441
v -0.07974883913993835 0.4373483657836914 0.008189182728528976
v -0.07819069921970367 0.44547539949417114 0.012930458411574364
v -0.07703195512294769 0.44377559423446655 0.014298925176262856
v -0.07959544658660889 0.4455169141292572 0.010260305367410183
v -0.07815683633089066 0.4430914521217346 0.010294321924448013
v -0.07726369798183441 0.4446597099304199 0.011405888944864273
v -0.0758945420384407 0.4436238408088684 0.0116801206022501
v -0.07716450840234756 0.44092267751693726 0.010860386304557323
v -0.07515241950750351 0.43887805938720703 0.009754149243235588
v -0.019933830946683884 0.2743307054042816 0.050328515470027924
v -0.008207332342863083 0.2727723717689514 0.052317164838314056
v -0.007383091375231743 0.28385257720947266 0.056272413581609726
v -0.018214019015431404 0.28594666719436646 0.05261377990245819
v -0.07962574064731598 0.4415130019187927 0.008454790338873863
v -0.07859911769628525 0.43901896476745605 0.009856690652668476
v -0.08097857236862183 0.444282591342926 0.00708554033190012
v -0.0764012262225151 0.4350516200065613 0.007762722205370665
v -0.0772743821144104 0.43684402108192444 0.009135672822594643
v -0.07864978909492493 0.4352027177810669 0.008650264702737331
v -0.07770026475191116 0.4337703287601471 0.008024179376661777
v -0.0715535432100296 0.4309057891368866 0.01654585637152195
v -0.0695759728550911 0.429124653339386 0.01335130538791418
v -0.06956592947244644 0.4265427589416504 0.009638460353016853
v -0.05383093282580376 0.2605670392513275 0.031238462775945663
v -0.050586603581905365 0.27035224437713623 0.029991643503308296
v -0.06416289508342743 0.2762411832809448 0.016722992062568665
v -0.06871950626373291 0.2684799134731293 0.01842106319963932
v -0.06513392925262451 0.24082612991333008 0.04670014977455139
v -0.08592527359724045 0.24846254289150238 0.032610174268484116
v -0.0857672467827797 0.22770178318023682 0.04905614256858826
v -0.06744930148124695 0.22273346781730652 0.05429764464497566
v -0.08440106362104416 0.20938637852668762 0.060336630791425705
v -0.06758582592010498 0.20604898035526276 0.06293494254350662
v -0.07817011326551437 0.16070029139518738 0.08674416691064835
v -0.06252043694257736 0.15969280898571014 0.08890506625175476
v -0.06441078335046768 0.1751672327518463 0.08070114254951477
v -0.08059697598218918 0.17640569806098938 0.07848326861858368
v -0.09149623662233353 0.08479557931423187 0.10521495342254639
v -0.08516591787338257 0.06796107441186905 0.10266352444887161
v -0.07363931089639664 0.07161911576986313 0.10790597647428513
v -0.08108805119991302 0.0868910476565361 0.1090560033917427
v -0.1474132537841797 0.18337073922157288 0.05760415643453598
v -0.15025322139263153 0.20287013053894043 0.05194925144314766
v -0.16200034320354462 0.19355489313602448 0.05013863742351532
v -0.15664313733577728 0.1733693778514862 0.05385496839880943
v -0.09580816328525543 0.28231096267700195 -0.009859958663582802
v -0.0920753926038742 0.26748713850975037 0.01035159919410944
v -0.08386167138814926 0.2715645432472229 0.005329288076609373
v -0.08874195069074631 0.2859615087509155 -0.011929729022085667
v -0.1310560405254364 0.09873394668102264 0.0666191503405571
v -0.12595608830451965 0.08668515831232071 0.07295213639736176
v -0.12306106090545654 0.09559445083141327 0.08010487258434296
v -0.12761153280735016 0.10738162696361542 0.07519343495368958
v -0.10494039952754974 0.0095136733725667 0.07411305606365204
v -0.105827197432518 -0.010868438519537449 0.07357202470302582
v -0.0916268453001976 -0.011632299982011318 0.08648783713579178
v -0.09120387583971024 0.008386983536183834 0.08603844791650772
v -0.14026948809623718 0.03268081322312355 0.01875750534236431
v -0.1446562558412552 0.031070375815033913 -0.003391699166968465
v -0.1430344134569168 0.015047820284962654 -0.0034779272973537445
v -0.14004375040531158 0.014785394072532654 0.019562993198633194
v -0.10640604794025421 0.15993395447731018 0.08042893558740616
v -0.09299781173467636 0.16076751053333282 0.08386345952749252
v -0.09596144407987595 0.17651593685150146 0.07596072554588318
v -0.11007018387317657 0.17599529027938843 0.07292529195547104
v -0.3353254497051239 0.22324535250663757 0.017190396785736084
v -0.33553606271743774 0.20803718268871307 0.01686631143093109
v -0.3099571168422699 0.20797722041606903 0.017462732270359993
v -0.3093985617160797 0.2229507565498352 0.017330646514892578
v -0.13850878179073334 -0.07999978959560394 0.024283461272716522
v -0.13798321783542633 -0.07593124359846115 0.0037659460213035345
v -0.14106108248233795 -0.09357286989688873 0.005521972663700581
v -0.14067088067531586 -0.09832078963518143 0.027420511469244957
v -0.19787658751010895 0.25456300377845764 0.02499444968998432
v -0.18498361110687256 0.25958892703056335 0.026695359498262405
v -0.1837538480758667 0.27549129724502563 0.007958346046507359
v -0.19639603793621063 0.27152544260025024 0.007826458662748337
v -0.14243097603321075 0.145525723695755 0.06005614250898361
v -0.136520653963089 0.15245792269706726 0.0666469931602478
v -0.14303816854953766 0.16720174252986908 0.062304213643074036
v -0.14928163588047028 0.15810179710388184 0.05695486441254616
v -0.15136027336120605 0.06115260347723961 -0.005257760174572468
v -0.1474376767873764 0.06309393793344498 0.012136347591876984
v -0.15070755779743195 0.07919789850711823 0.007664665579795837
v -0.15489216148853302 0.07743841409683228 -0.00762475049123168
v -0.14380940794944763 0.04758236184716225 0.01557953655719757
v -0.1480741798877716 0.04572364687919617 -0.004070935770869255
v -0.12840163707733154 0.15643973648548126 0.07161861658096313
v -0.11827852576971054 0.15840530395507812 0.07620836794376373
v -0.1225876435637474 0.17499734461307526 0.06963860243558884
v -0.1330755352973938 0.17309628427028656 0.06641094386577606
v -0.07967475056648254 0.05377579480409622 0.09852755069732666
v -0.06570872664451599 0.058091480284929276 0.10487425327301025
v -0.1348211020231247 -0.1037965640425682 0.048899464309215546
v -0.12346833944320679 -0.11000679433345795 0.06801185756921768
v -0.12194828689098358 -0.08946704864501953 0.06434951722621918
v -0.13296979665756226 -0.08450993150472641 0.045408669859170914
v -0.07553596794605255 0.02658320590853691 0.0929301455616951
v -0.07613521069288254 0.04160068556666374 0.09425380825996399
v -0.0893511176109314 0.0408538319170475 0.08655579388141632
v -0.08962675929069519 0.02616007998585701 0.0843564122915268
v -0.10826379060745239 -0.11563195288181305 0.08434014022350311
v -0.09210317581892014 -0.11967267096042633 0.0985231101512909
v -0.09027069061994553 -0.09731665253639221 0.09436381608247757
v -0.10686828196048737 -0.09421723335981369 0.080632284283638
v -0.08285612612962723 0.1924104243516922 0.0696476474404335
v -0.06627602130174637 0.19044801592826843 0.07193855941295624
v -0.10863851010799408 0.08440780639648438 0.09393012523651123
v -0.10495653003454208 0.06826623529195786 0.09050540626049042
v -0.09569551050662994 0.06726628541946411 0.09675219655036926
v -0.10082344710826874 0.0841582641005516 0.10000351071357727
v -0.15885600447654724 0.14475512504577637 0.03380151093006134
v -0.16153691709041595 0.15932893753051758 0.046271320432424545
v -0.17378248274326324 0.1793789565563202 0.04381810873746872
v -0.17055436968803406 0.1554172784090042 0.03091614693403244
v -0.14410994946956635 -0.1113877147436142 0.0077407159842550755
v -0.14327599108219147 -0.11651299148797989 0.030247928574681282
v -0.11010394245386124 -0.13683228194713593 0.0861305370926857
v -0.09363992512226105 -0.1419748067855835 0.10027039796113968
v -0.21018585562705994 0.14884497225284576 -0.026980258524417877
v -0.19918476045131683 0.1356385052204132 -0.023153170943260193
v -0.1954864263534546 0.13748832046985626 -0.010911143384873867
v -0.20672456920146942 0.15081587433815002 -0.014989331364631653
v -0.04586242139339447 0.08907686918973923 0.11210130155086517
v -0.0600711964070797 0.09764143079519272 0.11193370819091797
v -0.06445822864770889 0.08155772089958191 0.11142440140247345
v -0.05290919542312622 0.06951677799224854 0.10976070165634155
v -0.1021181046962738 0.05411246791481972 0.08470745384693146
v -0.1011241152882576 0.04231508821249008 0.07871891558170319
v -0.09186679124832153 0.05296040698885918 0.09178115427494049
v -0.03086387924849987 0.0798606351017952 0.10944000631570816
v -0.03958301618695259 0.05466366559267044 0.10591550171375275
v -0.0492095872759819 0.187774658203125 0.07445987313985825
v -0.04776071384549141 0.17317315936088562 0.08262109011411667
v -0.0498429499566555 0.20302742719650269 0.06729170680046082
v -0.032167721539735794 0.20033666491508484 0.07142899930477142
v -0.031063387170433998 0.215924933552742 0.06529062241315842
v -0.04875442385673523 0.21872685849666595 0.060268204659223557
v -0.028603093698620796 0.2313845306634903 0.06029214709997177
v -0.04596932977437973 0.23483604192733765 0.054909948259592056
v -0.037071213126182556 0.25547900795936584 0.041380152106285095
v -0.03422456234693527 0.2659713327884674 0.04024684801697731
v -0.15207107365131378 0.14672699570655823 0.04845844581723213
v -0.14486739039421082 0.13582925498485565 0.05095914006233215
v -0.12546375393867493 -0.13021747767925262 0.07047966122627258
v -0.10564246028661728 0.21568144857883453 -0.09196796268224716
v -0.10497234016656876 0.19801461696624756 -0.09644544869661331
v -0.12122990190982819 0.2045477330684662 -0.08978812396526337
v -0.12221519649028778 0.22180059552192688 -0.08641403168439865
v -0.10424710810184479 0.2821185886859894 -0.00883147306740284
v -0.10374484211206436 0.26822274923324585 0.012645527720451355
v -0.17936602234840393 0.1605682224035263 -0.06330347806215286
v -0.16787491738796234 0.15367695689201355 -0.06534330546855927
v -0.17070700228214264 0.14116190373897552 -0.06017358973622322
v -0.18023955821990967 0.15015630424022675 -0.05830002576112747
v -0.20910723507404327 0.15309298038482666 -0.04389297217130661
v -0.2224588692188263 0.16206301748752594 -0.04679273068904877
v -0.22072400152683258 0.16936197876930237 -0.05298950523138046
v -0.20615892112255096 0.16063252091407776 -0.049428656697273254
v -0.1357264369726181 -0.0900057703256607 -0.01472895871847868
v -0.13152143359184265 -0.07275697588920593 -0.016137298196554184
v -0.12804554402828217 0.04442042112350464 -0.06118277087807655
v -0.13777390122413635 0.03709498047828674 -0.04315260052680969
v -0.1440782994031906 0.053010281175374985 -0.041223350912332535
v -0.13648496568202972 0.060881029814481735 -0.05776849761605263
v -0.018162699416279793 0.1812979280948639 -0.09267888218164444
v -0.01820855773985386 0.1670645773410797 -0.09492554515600204
v -0.03611304610967636 0.17125090956687927 -0.09905847162008286
v -0.03576294705271721 0.18581253290176392 -0.0965806096792221
v -0.06944385170936584 0.21641609072685242 -0.09585859626531601
v -0.0688817948102951 0.2315778136253357 -0.09136417508125305
v -0.0502433180809021 0.22150425612926483 -0.09282153844833374
v -0.051207635551691055 0.20731163024902344 -0.09660682082176208
v -0.08784524351358414 0.20805685222148895 -0.0968209058046341
v -0.0877760797739029 0.1906300038099289 -0.1011437326669693
v -0.156254842877388 0.07909965515136719 -0.023174026980996132
v -0.15222324430942535 0.06345688551664352 -0.022535497322678566
v -0.1645147204399109 0.1007051020860672 -0.026547132059931755
v -0.16293121874332428 0.10055193305015564 -0.013328318484127522
v -0.1681334674358368 0.10806221514940262 -0.015246033668518066
v -0.16952358186244965 0.10803744196891785 -0.027737434953451157
v -0.08243241906166077 0.2909573018550873 -0.013785514049232006
v -0.08105064183473587 0.2964262366294861 -0.03370724618434906
v -0.08839031308889389 0.2925460636615753 -0.03182446211576462
v -0.04813680797815323 0.27179232239723206 -0.0723409354686737
v -0.047536786645650864 0.2649668753147125 -0.07603282481431961
v -0.05962280184030533 0.2709824740886688 -0.07184230536222458
v -0.058531101793050766 0.27662572264671326 -0.06850297749042511
v -0.041390202939510345 0.10448569804430008 -0.1016702651977539
v -0.020475715398788452 0.10283886641263962 -0.09960133582353592
v -0.02043946273624897 0.08306055516004562 -0.09647917747497559
v -0.04312044382095337 0.0830954909324646 -0.09831207245588303
v -0.1766687035560608 0.11724057793617249 -0.03935127332806587
v -0.1873309463262558 0.12489473074674606 -0.0395781584084034
v -0.18542209267616272 0.13123680651187897 -0.04691077768802643
v -0.1750432550907135 0.12262259423732758 -0.04777199402451515
v -0.16738426685333252 0.11571197956800461 -0.04830705747008324
v -0.16122262179851532 0.1082921028137207 -0.049098554998636246
v -0.1636873185634613 0.10352722555398941 -0.038290996104478836
v -0.16929371654987335 0.11099685728549957 -0.03874124214053154
v -0.14415304362773895 0.07602430880069733 -0.05421176925301552
v -0.14969877898693085 0.06895869970321655 -0.03891400620341301
v -0.15512919425964355 0.08344913274049759 -0.037938330322504044
v -0.15129545331001282 0.08961930125951767 -0.052031297236680984
v -0.01774761453270912 0.013928870670497417 -0.08116317540407181
v -0.037141550332307816 0.012021427974104881 -0.08565612137317657
v -0.03896814584732056 0.036340631544589996 -0.08994348347187042
v -0.01846073754131794 0.03754877299070358 -0.08676327764987946
v -0.21472562849521637 0.1689329594373703 0.001980163622647524
v -0.2131025642156601 0.1757555603981018 0.01335267722606659
v -0.22728952765464783 0.17977972328662872 0.00921859685331583
v -0.23080162703990936 0.17345553636550903 -0.00336600374430418
v -0.22710399329662323 0.1918274462223053 -0.06554664671421051
v -0.23804780840873718 0.19731855392456055 -0.06690663844347
v -0.23705047369003296 0.20362184941768646 -0.0680619403719902
v -0.2254517823457718 0.19846481084823608 -0.06737193465232849
v -0.2531171143054962 0.17091619968414307 -0.017677849158644676
v -0.24831971526145935 0.17629581689834595 -0.006756610237061977
v -0.2690029740333557 0.17758212983608246 -0.008506019599735737
v -0.27325448393821716 0.17184217274188995 -0.019865859299898148
v -0.11206228286027908 0.2846507728099823 -0.033182498067617416
v -0.1131204292178154 0.28305783867836 -0.007982977665960789
v -0.10380531847476959 0.28741583228111267 -0.03170289844274521
v -0.23960350453853607 0.16214284300804138 -0.03415841609239578
v -0.2559381127357483 0.1655488908290863 -0.03769524022936821
v -0.25499460101127625 0.16819195449352264 -0.046935684978961945
v -0.23838971555233002 0.1638871282339096 -0.04321461170911789
v -0.33530694246292114 0.23832973837852478 0.009634008631110191
v -0.3096126616001129 0.2375650554895401 0.009768087416887283
v -0.2972671091556549 0.1704346090555191 -0.03190405294299126
v -0.2990495562553406 0.17140701413154602 -0.043047718703746796
v -0.2763439416885376 0.16844220459461212 -0.040616318583488464
v -0.2756982445716858 0.16870878636837006 -0.030732104554772377
v -0.12054254859685898 0.02755057066679001 -0.06260043382644653
v -0.13195990025997162 0.021244356408715248 -0.04464263468980789
v -0.1114114299416542 -0.08542219549417496 -0.048802733421325684
v -0.1254693865776062 -0.08736394345760345 -0.033400729298591614
v -0.12044520676136017 -0.0695580393075943 -0.03427523747086525
v -0.10675249993801117 -0.06696510314941406 -0.04936698451638222
v -0.1391775757074356 -0.10777072608470917 -0.013592047616839409
v -0.11553190648555756 -0.10528341680765152 -0.04794837534427643
v -0.1296531856060028 -0.10613999515771866 -0.032615259289741516
v -0.06705540418624878 0.3050987124443054 -0.029695427045226097
v -0.058816444128751755 0.30439016222953796 -0.0434919148683548
v -0.06421776860952377 0.29769742488861084 -0.04844532161951065
v -0.07425419241189957 0.3008427321910858 -0.032979171723127365
v -0.16725748777389526 -0.21707451343536377 -0.017350180074572563
v -0.16786542534828186 -0.24421468377113342 -0.022754698991775513
v -0.17548029124736786 -0.24525149166584015 0.0035176780074834824
v -0.1723909080028534 -0.22011664509773254 0.010015653446316719
v -0.03453444689512253 0.28458088636398315 -0.0634504184126854
v -0.05084718018770218 0.29110538959503174 -0.057760290801525116
v -0.046190500259399414 0.29885733127593994 -0.05210530385375023
v -0.03253908082842827 0.2933400273323059 -0.056656427681446075
v -0.16814658045768738 -0.1960308849811554 0.012360245920717716
v -0.16384463012218475 -0.19202622771263123 -0.014736024662852287
v -0.07003828138113022 0.2984704375267029 -0.012791499495506287
v -0.07674567401409149 0.29454505443573 -0.01423968467861414
v -0.0733434185385704 0.2844342589378357 0.001267998362891376
v -0.06651482731103897 0.2903018891811371 0.0026165388990193605
v -0.05936739593744278 0.28484857082366943 0.01812339387834072
v -0.17736642062664032 -0.2529129385948181 0.03160226717591286
v -0.17143169045448303 -0.22706352174282074 0.035092901438474655
v -0.05380607768893242 0.30976155400276184 -0.03702038154006004
v -0.042502954602241516 0.3060847818851471 -0.04563118517398834
v -0.029797645285725594 0.30309778451919556 -0.049870070070028305
v -0.016214493662118912 0.3015855848789215 -0.052376553416252136
v -0.14260365068912506 -0.1250581592321396 -0.01205211691558361
v -0.14626380801200867 -0.12849320471286774 0.010122725740075111
v -0.11818770319223404 -0.3480212092399597 -0.08893094211816788
v -0.09163737297058105 -0.3515792191028595 -0.09609274566173553
v -0.08986376225948334 -0.36266905069351196 -0.08760929107666016
v -0.12071465700864792 -0.3643932640552521 -0.07892768085002899
v -0.025413336232304573 -0.3333541750907898 -0.09826363623142242
v -0.02368004247546196 -0.3411472737789154 -0.08488228172063828
v -0.05675173178315163 -0.3549104332923889 -0.08895620703697205
v -0.060112953186035156 -0.3456643223762512 -0.10070207715034485
v -0.030757350847125053 -0.22395452857017517 -0.10909563302993774
v -0.05945976823568344 -0.22425875067710876 -0.10956891626119614
v -0.05917416140437126 -0.2020730823278427 -0.1020049974322319
v -0.03153545409440994 -0.20196309685707092 -0.10265456885099411
v -0.11924969404935837 -0.12304306775331497 -0.047494687139987946
v -0.1331154704093933 -0.12374952435493469 -0.03175439313054085
v -0.1437002271413803 -0.13368187844753265 0.032268550246953964
v -0.17802472412586212 -0.3962729871273041 0.04424651712179184
v -0.18384012579917908 -0.3882448077201843 0.00674265343695879
v -0.18001225590705872 -0.4261595606803894 0.006310152821242809
v -0.17600591480731964 -0.4343351423740387 0.04167184233665466
v -0.1469678431749344 -0.417501837015152 -0.04986337572336197
v -0.14999531209468842 -0.3857506811618805 -0.05529025197029114
v -0.11952681839466095 -0.38672739267349243 -0.07114429771900177
v -0.11734215915203094 -0.4135867953300476 -0.06458403915166855
v -0.07660171389579773 -0.14636273682117462 0.11306515336036682
v -0.09342705458402634 -0.16203366219997406 0.09920996427536011
v -0.07584912329912186 -0.16740532219409943 0.1109558567404747
v -0.02394699677824974 -0.15715272724628448 0.13348723948001862
v -0.04288109764456749 -0.15370303392410278 0.1297806352376938
v -0.04022175818681717 -0.1749950796365738 0.12669527530670166
v -0.022457953542470932 -0.17750656604766846 0.13043712079524994
v -0.025061070919036865 -0.28207629919052124 0.11915766447782516
v -0.012706471607089043 -0.28249531984329224 0.1227874681353569
v -0.014752520248293877 -0.260654479265213 0.12267591059207916
v -0.029183682054281235 -0.2592436969280243 0.11809840798377991
v -0.16348278522491455 -0.23493123054504395 0.058233123272657394
v -0.1451444774866104 -0.24110858142375946 0.07718813419342041
v -0.14128290116786957 -0.22156424820423126 0.07661715149879456
v -0.1580149233341217 -0.21387547254562378 0.059433020651340485
v -0.023180024698376656 -0.34691253304481506 -0.06771519780158997
v -0.05221031978726387 -0.3654416501522064 -0.07494998723268509
v -0.15987887978553772 -0.44053980708122253 0.07519962638616562
v -0.16075268387794495 -0.40216341614723206 0.07790083438158035
v -0.13174374401569366 -0.44495323300361633 0.10109671950340271
v -0.09829606115818024 -0.44248083233833313 0.10880932211875916
v -0.10034989565610886 -0.409590482711792 0.11209556460380554
v -0.13333572447299957 -0.40919825434684753 0.10317534953355789
v -0.009710066020488739 -0.34848910570144653 0.06714299321174622
v -0.019456906244158745 -0.33332929015159607 0.09197783470153809
v -0.026032375171780586 -0.34746596217155457 0.08679075539112091
v -0.012636709026992321 -0.3586728870868683 0.06442737579345703
v -0.027201687917113304 -0.30803245306015015 -0.11039480566978455
v -0.02701323851943016 -0.3233884572982788 -0.10488888621330261
v -0.059260446578264236 -0.331279456615448 -0.10961340367794037
v -0.058351945132017136 -0.3146255612373352 -0.11363927274942398
v -0.09864605218172073 -0.10469651222229004 -0.058817025274038315
v -0.1021861806511879 -0.12352749705314636 -0.05902165174484253
v -0.08046663552522659 -0.10448357462882996 -0.06553776562213898
v -0.09497785568237305 -0.0843808501958847 -0.05964510515332222
v -0.07723552733659744 -0.0831102728843689 -0.06593161821365356
v -0.0861188992857933 0.04629168286919594 -0.0859702005982399
v -0.1049388125538826 0.036089956760406494 -0.07640976458787918
v -0.11352284997701645 0.052930571138858795 -0.07672281563282013
v -0.09533273428678513 0.06467722356319427 -0.08804842829704285
v -0.053370267152786255 0.17709198594093323 -0.10349947214126587
v -0.05220990628004074 0.1924283355474472 -0.10040450096130371
v -0.08151872456073761 -0.4034998416900635 -0.0709015503525734
v -0.04128119349479675 -0.38597697019577026 -0.0628313347697258
v -0.053733307868242264 -0.4306561052799225 -0.05886929854750633
v -0.08679167926311493 -0.439262330532074 -0.06410801410675049
v -0.14388403296470642 -0.4506990909576416 -0.04631451889872551
v -0.1642201691865921 -0.45409253239631653 -0.025248823687434196
v -0.169366255402565 -0.4198101758956909 -0.02641100063920021
v -0.17498286068439484 -0.4615655541419983 0.005317807663232088
v -0.17217929661273956 -0.4695374667644501 0.04000008851289749
v -0.12793102860450745 -0.47890207171440125 0.09760642796754837
v -0.09501684457063675 -0.4754621684551239 0.10407528281211853
v -0.02122112363576889 -0.4285953640937805 0.06407379359006882
v -0.04059283435344696 -0.4340592920780182 0.08363815397024155
v -0.03942745551466942 -0.4609065651893616 0.07646293938159943
v -0.02139958180487156 -0.45394039154052734 0.05484173446893692
v -0.0605911985039711 -0.2812339663505554 0.10323154181241989
v -0.09382013231515884 -0.2648453414440155 0.09784096479415894
v -0.09682852029800415 -0.28992199897766113 0.10027474164962769
v -0.06871004402637482 -0.30799949169158936 0.10366848856210709
v -0.028214210644364357 -0.13280431926250458 0.13326138257980347
v -0.043810706585645676 -0.1284390538930893 0.13008907437324524
v -0.05926626920700073 -0.1502024531364441 0.12331405282020569
v -0.059395842254161835 -0.12533722817897797 0.12322386354207993
v -0.07579644024372101 -0.12267771363258362 0.11204193532466888
v -0.03920130804181099 -0.03299460560083389 0.11882245540618896
v -0.058069758117198944 -0.03339017555117607 0.11137236654758453
v -0.056519098579883575 -0.054869145154953 0.11315996944904327
v -0.03850415721535683 -0.05470362305641174 0.12144425511360168
v -0.039946507662534714 -0.010879963636398315 0.11578740179538727
v -0.05929996073246002 -0.011237239465117455 0.10900325328111649
v -0.03902391716837883 0.03153279051184654 0.10460174828767776
v -0.05961683765053749 0.045077044516801834 0.10083211958408356
v -0.0587761364877224 0.028797723352909088 0.09980544447898865
v -0.032021455466747284 0.18477576971054077 0.07760833203792572
v -0.031023425981402397 0.16991068422794342 0.08443331718444824
v -0.16822779178619385 -0.25968465209007263 0.056232962757349014
v -0.016453972086310387 -0.39357104897499084 -0.034918274730443954
v -0.005094584543257952 -0.405633807182312 -0.007489314768463373
v -0.011794907972216606 -0.43436479568481445 -0.015745192766189575
v -0.026749344542622566 -0.42902109026908875 -0.04117058962583542
v -0.1661188304424286 -0.2044200897216797 0.037354279309511185
v -0.13702501356601715 -0.12291204929351807 0.0515986792743206
v -0.13693548738956451 -0.14069977402687073 0.0525568388402462
v -0.1298302859067917 0.037374045699834824 0.04367036372423172
v -0.13080959022045135 0.015286200679838657 0.041689906269311905
v -0.07294558733701706 0.10263139754533768 0.11006050556898117
v -0.07316431403160095 0.09069772064685822 0.11071616411209106
v -0.17376188933849335 -0.3841398060321808 -0.029138188809156418
v -0.12378576397895813 -0.511152446269989 0.09227924048900604
v -0.11841227859258652 -0.5417758226394653 0.08662890642881393
v -0.0871739462018013 -0.5386998653411865 0.09102892875671387
v -0.09114690870046616 -0.5073389410972595 0.09785354137420654
v -0.0162152461707592 -0.477275550365448 0.02278662845492363
v -0.023616675287485123 -0.4828855097293854 0.04498917609453201
v -0.027350133284926414 -0.5131236910820007 0.03575129061937332
v -0.021943774074316025 -0.5087375640869141 0.013648931868374348
v -0.026508215814828873 -0.54014652967453 0.007230892777442932
v -0.029988106340169907 -0.5454654693603516 0.029245132580399513
v -0.03073818050324917 -0.5762251615524292 0.021937191486358643
v -0.029460983350872993 -0.5705666542053223 0.00045696087181568146
v -0.15591324865818024 -0.4773533344268799 0.0739411935210228
v -0.16029402613639832 -0.5347564220428467 0.03781208023428917
v -0.14520865678787231 -0.5410519242286682 0.06670207530260086
v -0.15044108033180237 -0.5097005367279053 0.07040117681026459
v -0.16622325778007507 -0.5031844973564148 0.03958987072110176
v -0.11785519868135452 -0.44695353507995605 -0.05845760926604271
v -0.011123992502689362 -0.4484895169734955 0.0325060710310936
v -0.008742875419557095 -0.4237608015537262 0.0427379347383976
v -0.030315065756440163 -0.5032721161842346 -0.02782892994582653
v -0.04612167924642563 -0.502143383026123 -0.04632849246263504
v -0.03694848343729973 -0.4675831198692322 -0.04456689953804016
v -0.02065163105726242 -0.4690728783607483 -0.022630566731095314
v -0.1417047083377838 -0.512091338634491 -0.042446061968803406
v -0.15697640180587769 -0.5173822641372681 -0.020991483703255653
v -0.16066011786460876 -0.4864811897277832 -0.022263608872890472
v -0.14294783771038055 -0.48182979226112366 -0.04338521882891655
v -0.16922779381275177 -0.49432921409606934 0.007042726036161184
v -0.16309428215026855 -0.5258544087409973 0.007185215130448341
v -0.14931419491767883 -0.5954369306564331 0.034315481781959534
v -0.13264700770378113 -0.6002194881439209 0.05955365672707558
v -0.13936209678649902 -0.5713518261909485 0.06311670690774918
v -0.15504030883312225 -0.5658088326454163 0.03625645861029625
v -0.15372632443904877 -0.5864342451095581 0.0056645628064870834
v -0.15811923146247864 -0.556458055973053 0.006622944958508015
v -0.15350253880023956 -0.5475842952728271 -0.020372310653328896
v -0.1503603458404541 -0.5775962471961975 -0.019914310425519943
v -0.13722239434719086 -0.5705602169036865 -0.03917160630226135
v -0.13983716070652008 -0.5411831736564636 -0.0409274660050869
v -0.11987815797328949 -0.53733229637146 -0.05441271886229515
v -0.11955156177282333 -0.5658200979232788 -0.0522485226392746
v -0.0968812108039856 -0.5344120264053345 -0.0600711815059185
v -0.07382994145154953 -0.5326739549636841 -0.05692555382847786
v -0.07848750054836273 -0.5615476369857788 -0.05549430474638939
v -0.09913218021392822 -0.5632450580596924 -0.057731516659259796
v -0.043741606175899506 -0.5639351010322571 -0.03520887345075607
v -0.0589400976896286 -0.5618818998336792 -0.04826489835977554
v -0.05307585746049881 -0.5330707430839539 -0.04734295979142189
v -0.037969522178173065 -0.534941554069519 -0.03149004653096199
v -0.0605393685400486 -0.6796018481254578 -0.04952739551663399
v -0.07622493803501129 -0.6774703860282898 -0.05383186787366867
v -0.07202385365962982 -0.646736741065979 -0.05207744985818863
v -0.05532235652208328 -0.6488211750984192 -0.04708583652973175
v -0.09165173023939133 -0.6765387654304504 -0.05796787142753601
v -0.10794784128665924 -0.6765260696411133 -0.05839275196194649
v -0.10424473881721497 -0.6468511819839478 -0.05489015579223633
v -0.08837896585464478 -0.6461468935012817 -0.054157957434654236
v -0.13308875262737274 -0.6545637249946594 -0.03647347912192345
v -0.12004412710666656 -0.6494175791740417 -0.049583762884140015
v -0.12338348478078842 -0.6787332892417908 -0.05267735570669174
v -0.13629284501075745 -0.6834816336631775 -0.03912656754255295
v -0.14849627017974854 -0.6902692914009094 -0.021574020385742188
v -0.14746823906898499 -0.6618793606758118 -0.02006404846906662
v -0.14691868424415588 -0.6976197957992554 0.0011763285147026181
v -0.14896559715270996 -0.6704589128494263 0.0024627484381198883
v -0.13566333055496216 -0.6777624487876892 0.027673590928316116
v -0.1356644183397293 -0.7039862871170044 0.026451269164681435
v -0.03506295382976532 -0.6638235449790955 -0.004994440823793411
v -0.03863941505551338 -0.6946561336517334 -0.009806180372834206
v -0.038316760212183 -0.6884623169898987 -0.027403807267546654
v -0.033623967319726944 -0.6583148241043091 -0.02134658396244049
v -0.05802810564637184 -0.6749362349510193 0.03565903753042221
v -0.07168570160865784 -0.6794374585151672 0.05959170311689377
v -0.07300461828708649 -0.7056013345718384 0.04942277446389198
v -0.06155652925372124 -0.703035831451416 0.0257823895663023
v -0.15017803013324738 -0.6147983074188232 0.00449536694213748
v -0.14371389150619507 -0.6234726905822754 0.03205408155918121
v -0.13440394401550293 -0.5988833904266357 -0.03688305243849754
v -0.14733010530471802 -0.6059613227844238 -0.019468102604150772
v -0.04793950170278549 -0.5921107530593872 -0.03929366171360016
v -0.06388112902641296 -0.5899966955184937 -0.04931817948818207
v -0.032024312764406204 -0.6059657335281372 0.014019591733813286
v -0.030782558023929596 -0.6001154184341431 -0.006264063995331526
v -0.0987691655755043 -0.6558082699775696 0.06929373741149902
v -0.10165760666131973 -0.6282479166984558 0.07094952464103699
v -0.12671223282814026 -0.6279246807098389 0.05682101473212242
v -0.12338282912969589 -0.6554843187332153 0.0556221678853035
v -0.14939533174037933 -0.6429497599601746 0.0035592224448919296
v -0.1463342159986496 -0.6337345242500305 -0.01951637677848339
v -0.13271944224834442 -0.6266241669654846 -0.03585277125239372
v -0.11909071356058121 -0.6212473511695862 -0.048716772347688675
v -0.10250149667263031 -0.6186641454696655 -0.05359272658824921
v -0.08549828082323074 -0.6175430417060852 -0.053176578134298325
v -0.06824316084384918 -0.617811381816864 -0.050542984157800674
v -0.05183326080441475 -0.6199817061424255 -0.04327593371272087
v -0.03204625844955444 -0.6289656758308411 -0.014103110879659653
v -0.033796537667512894 -0.6352850794792175 0.0045058890245854855
v -0.0977131798863411 -0.7075753808021545 0.05924477428197861
v -0.09775956720113754 -0.6829004287719727 0.06762698292732239
v -0.12275807559490204 -0.6821343898773193 0.05387050285935402
v -0.12249161303043365 -0.7073274254798889 0.049538109451532364
v -0.09846385568380356 -0.7296411395072937 0.0468846894800663
v -0.07771117240190506 -0.7283080816268921 0.03755685314536095
v -0.0953095331788063 -0.7061403393745422 -0.06208585947751999
v -0.11177671700716019 -0.7061530351638794 -0.061992961913347244
v -0.12734347581863403 -0.7083417177200317 -0.055821921676397324
v -0.14973284304141998 -0.7175759077072144 -0.023939166218042374
v -0.1459362953901291 -0.7249836325645447 0.0011713997228071094
v -0.1342545449733734 -0.7304873466491699 0.025238921865820885
v -0.11960011720657349 -0.7295994758605957 0.04246437922120094
v -0.05121496692299843 -0.7467122673988342 -0.033506087958812714
v -0.04590870067477226 -0.717432975769043 -0.0296042338013649
v -0.045849211513996124 -0.7218700051307678 -0.013874542899429798
v -0.0521235316991806 -0.7497917413711548 -0.017833931371569633
v -0.06804009526968002 -0.740909993648529 -0.0580676831305027
v -0.08145305514335632 -0.737772524356842 -0.0676230937242508
v -0.08026782423257828 -0.7081567645072937 -0.05676579847931862
v -0.06647758930921555 -0.7105003595352173 -0.05001905933022499
v -0.09868641197681427 -0.7362715601921082 -0.07220137864351273
v -0.11635500937700272 -0.7363880276679993 -0.06996545195579529
v -0.13300275802612305 -0.737143874168396 -0.06282839179039001
v -0.15255142748355865 -0.746425449848175 -0.026346351951360703
v -0.14153292775154114 -0.7118330597877502 -0.04320315644145012
v -0.14722415804862976 -0.7403822541236877 -0.04843776673078537
v -0.14725306630134583 -0.753585696220398 0.0025946348905563354
v -0.12908589839935303 -0.7901744842529297 0.021498937159776688
v -0.12752635776996613 -0.7596613168716431 0.025018073618412018
v -0.14993493258953094 -0.7840136289596558 0.0014748042449355125
v -0.10483042150735855 -0.8914195895195007 0.010741332545876503
v -0.1291266530752182 -0.889618456363678 0.009460550732910633
v -0.1260029822587967 -0.9256017208099365 0.003531769383698702
v -0.10453500598669052 -0.9278436303138733 0.005151959136128426
v -0.05406428128480911 -0.7797843813896179 -0.022279009222984314
v -0.05140683427453041 -0.777778685092926 -0.03983109071850777
v -0.06632845103740692 -0.7728285789489746 -0.06821642816066742
v -0.08232159167528152 -0.7697503566741943 -0.0779716745018959
v -0.1602235734462738 -0.8094462156295776 -0.03184356167912483
v -0.15676870942115784 -0.7770496606826782 -0.028045853599905968
v -0.1521005630493164 -0.7714609503746033 -0.05213705822825432
v -0.1548815220594406 -0.8043316602706909 -0.056452661752700806
v -0.051315128803253174 -0.880821168422699 -0.03268963098526001
v -0.04919273033738136 -0.879489004611969 -0.050537288188934326
v -0.04664095863699913 -0.8442146182060242 -0.04873961955308914
v -0.049087174236774445 -0.8460104465484619 -0.029464557766914368
v -0.08086088299751282 -0.8032153248786926 -0.08456765860319138
v -0.06419876217842102 -0.8061282634735107 -0.07427100837230682
v -0.06390411406755447 -0.8404897451400757 -0.07812932878732681
v -0.08077151328325272 -0.8381338715553284 -0.0881546288728714
v -0.15682509541511536 -0.8812271952629089 -0.036182284355163574
v -0.1605071723461151 -0.8441659212112427 -0.03465786576271057
v -0.15569810569286346 -0.8398509621620178 -0.05927368998527527
v -0.1527356058359146 -0.8778534531593323 -0.05964362993836403
v -0.13070183992385864 -0.8209854960441589 0.018586330115795135
v -0.1527749001979828 -0.8159257769584656 -0.002213482279330492
v -0.15253467857837677 -0.8492861390113831 -0.006364838220179081
v -0.13173195719718933 -0.8546620011329651 0.014211920090019703
v -0.10395260155200958 -0.8223543763160706 0.018707778304815292
v -0.10511879622936249 -0.8556289672851562 0.01547739002853632
v -0.06288333982229233 -0.9556330442428589 -0.049166612327098846
v -0.05626410245895386 -0.9164844751358032 -0.0496545284986496
v -0.05764862895011902 -0.9194477796554565 -0.03393803536891937
v -0.06465917825698853 -0.9594647288322449 -0.035289276391267776
v -0.0834307000041008 -0.8749562501907349 -0.08701809495687485
v -0.06629788875579834 -0.8764931559562683 -0.07795495539903641
v -0.07170648872852325 -0.9142208099365234 -0.07389098405838013
v -0.08611518144607544 -0.9133943319320679 -0.08196543157100677
v -0.14575721323490143 -0.9607963562011719 -0.037838395684957504
v -0.15168139338493347 -0.9202069640159607 -0.03723687678575516
v -0.14736402034759521 -0.9179221391677856 -0.0584636814892292
v -0.1410512924194336 -0.9582723379135132 -0.057335399091243744
v -0.12308597564697266 -0.9645683765411377 -0.0021306825801730156
v -0.14521189033985138 -0.9227313995361328 -0.0125865014269948
v -0.14060023427009583 -0.9627975821495056 -0.01640729419887066
v -0.11894822120666504 -1.0035876035690308 -0.005123045761138201
v -0.10267762839794159 -1.0054737329483032 -0.0036267596296966076
v -0.10388140380382538 -0.9662024974822998 -0.00037259096279740334
v -0.07080768048763275 -0.9974232316017151 -0.03629792109131813
v -0.06785713881254196 -0.9944270849227905 -0.0490923635661602
v -0.0759693831205368 -0.9912983179092407 -0.06829840689897537
v -0.08711333572864532 -0.9893567562103271 -0.07550392299890518
v -0.08748169243335724 -0.9518961906433105 -0.07819166779518127
v -0.07490097731351852 -0.9531799554824829 -0.07075225561857224
v -0.11911451816558838 -0.9554445147514343 -0.07873627543449402
v -0.1032370924949646 -0.9528191685676575 -0.08115652948617935
v -0.10159242153167725 -0.9899696707725525 -0.07786352187395096
v -0.11584600806236267 -0.9924993515014648 -0.07472803443670273
v -0.13414329290390015 -0.9949905872344971 -0.05552178993821144
v -0.13192090392112732 -0.9566657543182373 -0.07099534571170807
v -0.1263599544763565 -0.993748128414154 -0.06762658804655075
v -0.13940323889255524 -0.9971469044685364 -0.0377969928085804
v -0.1349174827337265 -1.0008962154388428 -0.017290793359279633
v -0.003357023699209094 -0.36453086137771606 -0.01105578150600195
v -0.0007194473873823881 -0.37738651037216187 0.015600690618157387
v -0.0021242722868919373 -0.38675254583358765 0.0036617396399378777
v -0.008248426020145416 -0.3711380362510681 -0.024046191945672035
v -0.04027824103832245 -0.5219743847846985 0.060235943645238876
v -0.0399818979203701 -0.48983973264694214 0.06852161139249802
v -0.03982166945934296 -0.5839655995368958 0.04460502043366432
v -0.04059259593486786 -0.5543339848518372 0.052872322499752045
v -0.04059651866555214 -0.6134514212608337 0.03535526618361473
v -0.04348958283662796 -0.6422818303108215 0.024757469072937965
v -0.04490087926387787 -0.6717202663421631 0.014785565435886383
v -0.047118525952100754 -0.6997814774513245 0.006995093077421188
v -0.05388178676366806 -0.7267691493034363 0.002746148966252804
v -0.0599200539290905 -0.7544850707054138 -0.0001759109873091802
v -0.06295082718133926 -0.8140829205513 -0.0071405330672860146
v -0.05139025300741196 -0.8121569752693176 -0.026356836780905724
v -0.0639307051897049 -0.7831604480743408 -0.004455075599253178
v -0.06313876062631607 -0.8841075897216797 -0.01234377734363079
v -0.06178741902112961 -0.8478215932846069 -0.009536229074001312
v -0.06743066757917404 -0.9234638214111328 -0.016303136944770813
v -0.07305999100208282 -0.9635184407234192 -0.020059460774064064
v -0.07863188534975052 -1.0012537240982056 -0.02223922498524189
v -0.0720483586192131 -0.3812118470668793 0.10735374689102173
v -0.04571909457445145 -0.3850223422050476 0.09462219476699829
v -0.04814865440130234 -0.36569398641586304 0.09743253886699677
v -0.07344497740268707 -0.35653015971183777 0.10754479467868805
v -0.0033483600709587336 -0.35617098212242126 0.03895853832364082
v -0.0056054722517728806 -0.35538533329963684 0.050959207117557526
v -0.006516544613987207 -0.36187002062797546 0.04943537712097168
v -0.003039110219106078 -0.36072319746017456 0.03642411530017853
v -0.1392345279455185 -0.650840699672699 0.03005606308579445
v -0.11904715746641159 -0.5936567187309265 -0.049562059342861176
v -0.10084863752126694 -0.5908863544464111 -0.0544198676943779
v -0.08236180245876312 -0.5895552635192871 -0.053408194333314896
v -0.053903788328170776 -0.6488186120986938 0.04817264527082443
v -0.054681915789842606 -0.6204453706741333 0.0556429848074913
v -0.07455875724554062 -0.6255013942718506 0.069709412753582
v -0.07270868867635727 -0.6531022191047668 0.06477238982915878
v -0.10235604643821716 -0.7939167022705078 0.022372717037796974
v -0.08211591839790344 -0.8187503218650818 0.006875511724501848
v -0.08046923577785492 -0.7890145778656006 0.01127803884446621
v -0.10167266428470612 -0.768706738948822 0.02781134471297264
v -0.12097987532615662 -0.7668701410293579 -0.07836128771305084
v -0.138807475566864 -0.7677887082099915 -0.06947896629571915
v -0.10208237171173096 -0.8006237745285034 -0.08836527168750763
v -0.12326017767190933 -0.7995840311050415 -0.08592374622821808
v -0.10141997039318085 -0.7673326730728149 -0.08021724224090576
v -0.058275096118450165 -0.5637511610984802 0.07298148423433304
v -0.08290590345859528 -0.5688134431838989 0.08351503312587738
v -0.07851624488830566 -0.5974956750869751 0.07546049356460571
v -0.05554917827248573 -0.592142641544342 0.06416531652212143
v -0.1171979159116745 -0.052329856902360916 -0.0362822525203228
v -0.10378987342119217 -0.048773009330034256 -0.05080509930849075
v -0.12073756754398346 0.06508038192987442 0.07034727931022644
v -0.12327173352241516 0.05349528416991234 0.059304799884557724
v -0.11254623532295227 0.046213094145059586 0.06981347501277924
v -0.11173786967992783 0.05803089216351509 0.07755202800035477
v -0.13114093244075775 0.06400052458047867 0.051154348999261856
v -0.12778347730636597 0.0750277116894722 0.06355434656143188
v -0.13317106664180756 0.08762822300195694 0.056416451930999756
v -0.13661439716815948 0.07679498195648193 0.04432244598865509
v -0.1601346880197525 0.1354670375585556 0.0205009076744318
v -0.17099323868751526 0.14271940290927887 0.01697739213705063
v -0.03972555696964264 0.010367956012487411 0.11127660423517227
v -0.019137941300868988 0.009738818742334843 0.1144205704331398
v -0.01869923621416092 0.030136926099658012 0.10808892548084259
v -0.05798740312457085 -0.17183606326580048 0.12013111263513565
v -0.06687784194946289 -0.25261297821998596 0.10456545650959015
v -0.03932381048798561 -0.282505065202713 0.11327706277370453
v -0.04584084451198578 -0.2561210095882416 0.1118975356221199
v -0.00603924784809351 -0.3370409905910492 0.09328046441078186
v -0.05736580863595009 0.00797028187662363 -0.0848180502653122
v -0.06018635258078575 0.032193489372730255 -0.08840924501419067
v -0.03456362336874008 0.19977176189422607 -0.09341609477996826
v -0.017615623772144318 0.19476640224456787 -0.09014517068862915
v -0.03227952495217323 0.22587695717811584 -0.08654341846704483
v -0.031143680214881897 0.23807880282402039 -0.08308707922697067
v -0.01614684984087944 0.2321750819683075 -0.08117732405662537
v -0.01656336896121502 0.22016818821430206 -0.08424702286720276
v -0.017453040927648544 0.29087334871292114 -0.05946029722690582
v -0.018502572551369667 0.280179888010025 -0.06552544981241226
v -0.001201333594508469 -0.3571462035179138 0.021544041112065315
v -0.0022488264366984367 -0.3653894364833832 0.03301950916647911
v -0.0009720369125716388 -0.3589177131652832 0.013569958508014679
v -0.02220779098570347 -0.4062545895576477 0.07222656905651093
v -0.009002434089779854 -0.40392005443573 0.05194349214434624
v -0.010648785158991814 -0.3883935511112213 0.05921147018671036
v -0.02465926483273506 -0.3876102566719055 0.0781366378068924
v -0.17806866765022278 -0.3585147261619568 0.04717668145895004
v -0.18622541427612305 -0.34971562027931213 0.009616630151867867
v -0.08618719130754471 -0.3799858093261719 -0.07778026163578033
v -0.3477284610271454 0.1803271770477295 -0.04529906436800957
v -0.34941092133522034 0.1876230090856552 -0.05499254912137985
v -0.3247860074043274 0.18279637396335602 -0.05560478940606117
v -0.3229680359363556 0.17606280744075775 -0.04481690004467964
v -0.0640932023525238 0.10728907585144043 -0.10247430950403214
v -0.07230664789676666 0.08158715814352036 -0.09638939797878265
v -0.07816760987043381 0.27867528796195984 0.0025578998029232025
v -0.13478659093379974 0.2833990454673767 -0.0033408617600798607
v -0.1359340399503708 0.27333444356918335 0.019769608974456787
v -0.12507885694503784 0.2720942795276642 0.015957748517394066
v -0.12328797578811646 0.2834044098854065 -0.006326569709926844
v -0.135542094707489 0.24131935834884644 -0.07391049712896347
v -0.13476186990737915 0.2561390995979309 -0.06323184072971344
v -0.1228683665394783 0.25544703006744385 -0.06899262964725494
v -0.12277784943580627 0.23891910910606384 -0.0797930583357811
v -0.029389183968305588 -0.24686717987060547 -0.11386527866125107
v -0.0583750456571579 -0.2476228028535843 -0.11577390134334564
v -0.03682668134570122 -0.05931391194462776 -0.07341986894607544
v -0.05593859404325485 -0.06115572527050972 -0.07245855033397675
v -0.05462715029716492 -0.039575301110744476 -0.07678467035293579
v -0.03567563742399216 -0.03664631396532059 -0.07707543671131134
v -0.09524751454591751 0.09600281715393066 -0.09555825591087341
v -0.11017540097236633 0.08082135766744614 -0.08552227169275284
v -0.028301848098635674 0.10404527187347412 0.10859593749046326
v -0.028181735426187515 0.12322421371936798 0.10351438820362091
v -0.04436953365802765 0.12700802087783813 0.10387721657752991
v -0.044027309864759445 0.10958365350961685 0.10930374264717102
v -0.2911485731601715 0.20216608047485352 -0.06789593398571014
v -0.26893261075019836 0.19043435156345367 -0.06520634889602661
v -0.2747199237346649 0.18194755911827087 -0.0602571927011013
v -0.2989799976348877 0.18856075406074524 -0.06322833150625229
v -0.17565247416496277 -0.3414898216724396 -0.03417889028787613
v -0.15047061443328857 -0.3571746051311493 -0.06323917955160141
v -0.13382123410701752 -0.018274100497364998 -0.024432528764009476
v -0.1230609342455864 -0.014107553288340569 -0.04413652792572975
v -0.11914802342653275 -0.03351788595318794 -0.04058653861284256
v -0.1303035318851471 -0.037576790899038315 -0.021928319707512856
v -0.1434750258922577 0.03262246027588844 -0.023905375972390175
v -0.13963404297828674 0.016968222334980965 -0.02489718608558178
v -0.1478913426399231 0.04778840392827988 -0.02300913818180561
v -0.19703160226345062 0.14084427058696747 -0.04073048382997513
v -0.1988511085510254 0.13637675344944 -0.03315391764044762
v -0.21010208129882812 0.14901919662952423 -0.03630557283759117
v -0.04276026412844658 -0.4079974889755249 0.0903976708650589
v -0.04551462084054947 -0.32911235094070435 0.1004658192396164
v -0.037985190749168396 -0.31301477551460266 0.10447940975427628
v -0.0018359265523031354 -0.3524998426437378 0.025240056216716766
v -0.060272376984357834 0.29841992259025574 0.006527500692754984
v -0.055447060614824295 0.29509079456329346 0.022084804251790047
v -0.23873847723007202 0.16410042345523834 -0.024425581097602844
v -0.2558325529098511 0.16678018867969513 -0.027969488874077797
v -0.17603065073490143 0.11482510715723038 -0.017284145578742027
v -0.17145463824272156 0.11855687201023102 -0.004513200372457504
v -0.18292033672332764 0.12548178434371948 -0.007320484146475792
v -0.18733905255794525 0.12211041152477264 -0.02013872191309929
v -0.1885043829679489 0.12210198491811752 -0.030725853517651558
v -0.17759230732917786 0.11441411823034286 -0.029241153970360756
v -0.1370699405670166 0.18989123404026031 0.05970851331949234
v -0.12502527236938477 0.1928403526544571 0.06260854005813599
v -0.12633174657821655 0.21059434115886688 0.05506319925189018
v -0.13836613297462463 0.20818251371383667 0.05339839309453964
v -0.11265381425619125 0.19328783452510834 0.06519932299852371
v -0.09852524101734161 0.1930706799030304 0.06745783239603043
v -0.10030077397823334 0.2109806090593338 0.057906992733478546
v -0.1140710636973381 0.21169109642505646 0.056508682668209076
v -0.07458027452230453 0.26110947132110596 0.02408684976398945
v -0.05917929485440254 0.25342607498168945 0.038575634360313416
v -0.04154591262340546 0.24696221947669983 0.04785841330885887
v -0.025825686752796173 0.24280789494514465 0.0548054464161396
v -0.018221618607640266 0.2681417763233185 -0.0708857923746109
v -0.017167339101433754 0.25555792450904846 -0.07500512152910233
v -0.03321685269474983 0.2602972984313965 -0.07597645372152328
v -0.03757717087864876 0.27390581369400024 -0.07058504968881607
v -0.04801318421959877 0.28092530369758606 0.03159182146191597
v -0.032886993139982224 0.27725958824157715 0.04278014600276947
v -0.021128280088305473 0.2627911865711212 0.04874548688530922
v -0.3371284306049347 0.24929258227348328 -0.003459988161921501
v -0.3117401599884033 0.24862301349639893 -0.0039794063195586205
v -0.06067410111427307 0.3099839687347412 -0.02358873374760151
v -0.06254290044307709 0.30468568205833435 -0.00834554061293602
v -0.31382814049720764 0.25444599986076355 -0.020766103640198708
v -0.33933115005493164 0.2545703649520874 -0.02014455758035183
v -0.11584354192018509 0.25145474076271057 0.032118815928697586
v -0.11453484743833542 0.2700786888599396 0.013901147060096264
v -0.12686003744602203 0.2536807060241699 0.03304743766784668
v -0.04492112249135971 0.2918516993522644 0.03555205464363098
v -0.0313318632543087 0.2884197235107422 0.04645740985870361
v -0.18384051322937012 -0.3120429813861847 0.016053108498454094
v -0.17493923008441925 -0.3206181824207306 0.04915444180369377
v -0.13145959377288818 -0.06600191444158554 0.042651839554309845
v -0.13654984533786774 -0.06215063855051994 0.022318916395306587
v -0.01971563883125782 -0.033317647874355316 0.12287202477455139
v -0.0196693018078804 -0.05489177256822586 0.12564030289649963
v -0.006882996764034033 0.29529523849487305 0.06034177914261818
v -0.04105294123291969 -0.101659394800663 0.12699685990810394
v -0.02212207391858101 -0.10601261258125305 0.1300840675830841
v -0.020517613738775253 -0.07859573513269424 0.12788639962673187
v -0.039141785353422165 -0.07696349173784256 0.12371958047151566
v -0.016298703849315643 -0.13430924713611603 0.13377827405929565
v -0.0151613038033247 -0.14778609573841095 0.13473375141620636
v -0.019550438970327377 -0.29931241273880005 0.11734260618686676
v -0.010141477920114994 -0.2989269196987152 0.12099805474281311
v -0.2449798285961151 0.2242281436920166 0.021150222048163414
v -0.22792096436023712 0.22577154636383057 0.02442656271159649
v -0.22588583827018738 0.24544622004032135 0.01927896775305271
v -0.24406734108924866 0.24217981100082397 0.015187917277216911
v -0.05779239535331726 -0.09934966266155243 0.11929583549499512
v -0.07404937595129013 -0.09827657788991928 0.10749153792858124
v -0.15075811743736267 0.13525904715061188 0.03596261143684387
v -0.15172281861305237 0.12693338096141815 0.022446516901254654
v -0.017905229702591896 0.05194464325904846 0.10561617463827133
v -0.05908137187361717 0.1142365112900734 0.10883693397045135
v -0.05972064658999443 0.1295960694551468 0.10331791639328003
v -0.07441812008619308 0.13106496632099152 0.10120975971221924
v -0.07330929487943649 0.11680243164300919 0.10684776306152344
v -0.0014377889456227422 -0.3550548255443573 0.02134450525045395
v -0.22935865819454193 0.235542893409729 -0.06407296657562256
v -0.21647964417934418 0.23278141021728516 -0.06619083881378174
v -0.2191864550113678 0.22325526177883148 -0.06839717924594879
v -0.23233629763126373 0.22761815786361694 -0.06654880940914154
v -0.0019457618473097682 -0.3987351655960083 0.029776308685541153
v -0.0039458810351789 -0.4162978529930115 0.019616901874542236
v -0.017905889078974724 -0.35146215558052063 -0.04884020984172821
v -0.0056242141872644424 -0.3493504226207733 -0.03244253247976303
v -0.06437674164772034 -0.4694650173187256 0.09523353725671768
v -0.06700040400028229 -0.43852919340133667 0.10119069367647171
v -0.06261851638555527 -0.5014181733131409 0.08769559860229492
v -0.060382694005966187 -0.5332128405570984 0.0805540680885315
v -0.06636867672204971 -0.7291820645332336 0.018393196165561676
v -0.07692151516675949 -0.7581748962402344 0.017823146656155586
v -0.0832047313451767 -0.8523313403129578 0.00366808008402586
v -0.08409103006124496 -0.8882448673248291 -0.0002830871380865574
v -0.0858771875500679 -0.9268178939819336 -0.0044459011405706406
v -0.0876942127943039 -0.9666407704353333 -0.009360427036881447
v -0.08921939879655838 -1.0047941207885742 -0.010574356652796268
v -0.34209883213043213 0.25317713618278503 -0.03627372905611992
v -0.3151507079601288 0.2540934383869171 -0.03854340314865112
v -0.3193161189556122 0.24618150293827057 -0.05147630721330643
v -0.3459772765636444 0.24638579785823822 -0.04919363930821419
v -0.29509618878364563 0.1737872213125229 -0.02164660021662712
v -0.29195907711982727 0.17962530255317688 -0.010563166812062263
v -0.31548601388931274 0.1806487888097763 -0.01129196211695671
v -0.3179067075252533 0.17598333954811096 -0.022578639909625053
v -0.34213846921920776 0.1773957759141922 -0.023159535601735115
v -0.3451116979122162 0.1769195795059204 -0.034449197351932526
v -0.3203561007976532 0.17404577136039734 -0.03349890932440758
v -0.349799245595932 0.19852550327777863 -0.062449902296066284
v -0.34945905208587646 0.21134021878242493 -0.06591279804706573
v -0.3224949836730957 0.20780938863754272 -0.06732533872127533
v -0.3251388967037201 0.19411368668079376 -0.06350429356098175
v -0.3484453856945038 0.23638761043548584 -0.058759044855833054
v -0.32277771830558777 0.23533625900745392 -0.060249634087085724
v -0.3234718441963196 0.22255563735961914 -0.06597443670034409
v -0.34965798258781433 0.22425733506679535 -0.06454211473464966
v -0.33619949221611023 0.19565805792808533 0.010340413078665733
v -0.33744847774505615 0.18703152239322662 1.6435286624982837e-06
v -0.31276842951774597 0.1868598610162735 0.00027294139727018774
v -0.31131741404533386 0.19562914967536926 0.010658647865056992
v -0.22536061704158783 0.2623744606971741 0.005470863077789545
v -0.24407489597797394 0.25710341334342957 0.0020031938329339027
v -0.18325771391391754 0.1666320115327835 0.02484586276113987
v -0.1858721673488617 0.18325993418693542 0.03479453921318054
v -0.19820456206798553 0.1860823631286621 0.028729446232318878
v -0.1958591490983963 0.17264574766159058 0.01871810480952263
v -0.2850174307823181 0.2371009737253189 0.010614882223308086
v -0.26340779662132263 0.23885591328144073 0.012665940448641777
v -0.2644180357456207 0.25195449590682983 -0.0010168703738600016
v -0.28722020983695984 0.24902446568012238 -0.003342108801007271
v -0.286789208650589 0.19529172778129578 0.011252283118665218
v -0.2887418866157532 0.18668755888938904 0.0008433661423623562
v -0.26543915271759033 0.18475691974163055 0.0028825299814343452
v -0.26380038261413574 0.19349220395088196 0.013298174366354942
v -0.29992660880088806 0.17788542807102203 -0.054448459297418594
v -0.2761211097240448 0.17298103868961334 -0.05101403594017029
v -0.22928425669670105 0.20618903636932373 0.02411690540611744
v -0.24587975442409515 0.20680437982082367 0.021065305918455124
v -0.14466829597949982 0.12521840631961823 0.03852037712931633
v -0.15813319385051727 0.10364056378602982 0.00047490090946666896
v -0.16349659860134125 0.11190319806337357 -0.0020549658220261335
v -0.11283786594867706 0.07147644460201263 0.08445468544960022
v -0.11505429446697235 0.0855889767408371 0.08791220188140869
v -0.14204899966716766 0.06829500198364258 0.029196888208389282
v -0.1453833431005478 0.08380964398384094 0.023050907999277115
v -0.11985839903354645 0.07732312381267548 0.07864636182785034
v -0.11941926926374435 0.08668883889913559 0.0828627496957779
v -0.07631203532218933 0.008688480593264103 0.09606407582759857
v -0.022484151646494865 0.2523752450942993 0.04920909181237221
v -0.2632412314414978 0.22290554642677307 0.018806373700499535
v -0.26300761103630066 0.2067183554172516 0.0192079059779644
v -0.2509414553642273 0.18282103538513184 -0.06147542968392372
v -0.2348237931728363 0.17695583403110504 -0.05745989829301834
v -0.23645548522472382 0.1694435477256775 -0.05116715282201767
v -0.25366196036338806 0.17526686191558838 -0.055512651801109314
v -0.1291476935148239 0.11917462944984436 -0.08581793308258057
v -0.11332213133573532 0.10819883644580841 -0.09133396297693253
v -0.12442885339260101 0.09498730301856995 -0.08108200877904892
v -0.1377059519290924 0.10742375254631042 -0.07609021663665771
v -0.23006761074066162 0.2503623068332672 -0.05485603213310242
v -0.23406752943992615 0.25771278142929077 -0.04663228988647461
v -0.21752388775348663 0.2602107524871826 -0.046678148210048676
v -0.21585245430469513 0.2509932219982147 -0.055964939296245575
v -0.22019250690937042 0.2680312693119049 -0.03337319567799568
v -0.23885765671730042 0.26363545656204224 -0.034021563827991486
v -0.242814838886261 0.26425930857658386 -0.01664368435740471
v -0.2235117405653 0.26991137862205505 -0.014689132571220398
v -0.16857029497623444 -0.2718754708766937 -0.030660109594464302
v -0.17813782393932343 -0.27421659231185913 -0.004072266165167093
v -0.12541164457798004 -0.14879867434501648 0.07043002545833588
v -0.11034137010574341 -0.15602435171604156 0.08544746786355972
v -0.09284437447786331 -0.24230767786502838 0.09672512859106064
v -0.02701752819120884 -0.3599100112915039 0.08418583124876022
v -0.012321998365223408 -0.3675500452518463 0.06394529342651367
v -0.007910829968750477 -0.44181951880455017 0.009507760405540466
v -0.18024598062038422 -0.2780865430831909 0.022272851318120956
v -0.015120269730687141 -0.47272276878356934 0.0008430886082351208
v -0.022963272407650948 -0.5052032470703125 -0.006633906625211239
v -0.06902700662612915 -0.5027767419815063 -0.05791260674595833
v -0.09440288692712784 -0.505022406578064 -0.061427224427461624
v -0.09127974510192871 -0.47367018461227417 -0.06228053942322731
v -0.062408462166786194 -0.46932774782180786 -0.05861850455403328
v -0.11969733983278275 -0.5083274245262146 -0.05569618567824364
v -0.11884438991546631 -0.47811946272850037 -0.05646936967968941
v -0.1066003069281578 -0.5998998284339905 0.07430341839790344
v -0.10198450833559036 -0.8365559577941895 -0.09219247102737427
v -0.12258964776992798 -0.875060498714447 -0.0876365527510643
v -0.12355810403823853 -0.835616946220398 -0.08964928984642029
v -0.10284072160720825 -0.8746727108955383 -0.09049339592456818
v -0.14235778152942657 -0.8367106318473816 -0.0777052566409111
v -0.14175938069820404 -0.8007329702377319 -0.0750872865319252
v -0.1495654433965683 -0.884900689125061 -0.00903943832963705
v -0.10355709493160248 -0.9136397838592529 -0.08561999350786209
v -0.12132645398378372 -0.9153153300285339 -0.08335999399423599
v -0.1406497061252594 -0.8755530118942261 -0.07715364545583725
v -0.13680002093315125 -0.9161519408226013 -0.07425613701343536
v -0.002860593842342496 -0.3861691653728485 0.03904949501156807
v -0.1598186194896698 -0.3655446469783783 0.07972046732902527
v -0.15685875713825226 -0.3331403434276581 0.08208820223808289
v -0.09975980222225189 -0.31865033507347107 0.10577372461557388
v -0.07235988229513168 -0.33235928416252136 0.10571212321519852
v -0.08952461928129196 -0.07631392031908035 0.09037695825099945
v -0.10620071738958359 -0.07415290921926498 0.07733388245105743
v -0.10588759928941727 -0.03227739408612251 0.07362393289804459
v -0.11973024904727936 -0.02983473613858223 0.058491580188274384
v -0.12013803422451019 -0.05030142888426781 0.059371620416641235
v -0.10599634051322937 -0.053693030029535294 0.0751267746090889
v -0.13800407946109772 -0.024387724697589874 0.0204321276396513
v -0.13921689987182617 -0.021641431376338005 -0.0025840415619313717
v -0.13644181191921234 -0.0408298559486866 -0.0006808644975535572
v -0.13634218275547028 -0.04362858086824417 0.021101336926221848
v -0.13594326376914978 -0.05883678421378136 0.0015541254542768002
v -0.1288987100124359 -0.05587592348456383 -0.01870100386440754
v -0.07395041733980179 -0.020240316167473793 -0.07645819336175919
v -0.09086348861455917 -0.024500157684087753 -0.06777990609407425
v -0.09358067065477371 -0.0028578315395861864 -0.07197494804859161
v -0.07631488889455795 0.0027665358502417803 -0.08003417402505875
v -0.02868296205997467 -0.3025240898132324 0.11053817719221115
v -0.005372672341763973 -0.36887067556381226 0.04837153106927872
v -0.06954500824213028 -0.40860140323638916 0.10558366030454636
v -0.10136552900075912 -0.37767931818962097 0.11293847858905792
v -0.1332758516073227 -0.37424689531326294 0.10384628176689148
v -0.23565086722373962 0.16794124245643616 -0.014124161563813686
v -0.15899372100830078 0.14527606964111328 -0.06846433877944946
v -0.16211889684200287 0.1329282969236374 -0.06300611048936844
v -0.25906145572662354 0.25869208574295044 -0.036309175193309784
v -0.26354730129241943 0.2589096128940582 -0.019077613949775696
v -0.24457742273807526 0.1914764940738678 0.01675276830792427
v -0.21108181774616241 0.24923716485500336 0.022954337298870087
v -0.21290317177772522 0.22748148441314697 0.028780752792954445
v -0.19894015789031982 0.23122857511043549 0.033482227474451065
v -0.12146176397800446 -0.25256145000457764 0.08922895789146423
v -0.14963304996490479 -0.2675633728504181 0.07756096124649048
v -0.1249234601855278 -0.27797436714172363 0.09251882135868073
v -0.002133446279913187 -0.35147562623023987 -0.015634123235940933
v -0.048482704907655716 -0.3474830389022827 0.09915884584188461
v -0.028747592121362686 -0.5368409156799316 -0.01255347765982151
v -0.03335908055305481 -0.5668702125549316 -0.01824907585978508
v -0.036427415907382965 -0.5955818295478821 -0.024457918480038643
v -0.039230551570653915 -0.6240643858909607 -0.03034122847020626
v -0.041815269738435745 -0.6529879570007324 -0.03649339824914932
v -0.046881306916475296 -0.6823731064796448 -0.041715752333402634
v -0.05440795421600342 -0.7132943272590637 -0.04260776937007904
v -0.058392781764268875 -0.7438850402832031 -0.04674584046006203
v -0.048434626311063766 -0.8103300333023071 -0.04489288851618767
v -0.05355849862098694 -0.80818110704422 -0.06104448810219765
v -0.0561654232442379 -0.7749735116958618 -0.0551515631377697
v -0.05240926519036293 -0.8427189588546753 -0.06505484879016876
v -0.054666683077812195 -0.8780353665351868 -0.06546669453382492
v -0.06203431636095047 -0.9153088331222534 -0.06303644925355911
v -0.06708455085754395 -0.9537917971611023 -0.060943230986595154
v -0.0699964389204979 -0.9923455715179443 -0.05951334163546562
v -0.0013401340693235397 -0.34989479184150696 0.007376005873084068
v -0.001668536220677197 -0.351028710603714 -0.0026501042302697897
v -0.10410954803228378 0.24876567721366882 0.030971188098192215
v -0.16489224135875702 0.1262015551328659 0.007832362316548824
v -0.17579902708530426 0.13271783292293549 0.004763230215758085
v -0.22826175391674042 0.1899244338274002 0.02002369798719883
v -0.2983357310295105 0.2331419736146927 -0.062428608536720276
v -0.2937721908092499 0.24453149735927582 -0.054947033524513245
v -0.2444416880607605 0.1824493408203125 0.005585441831499338
v -0.1840124875307083 0.15426327288150787 0.013765683397650719
v -0.19616812467575073 0.16434542834758759 0.009315128438174725
v -0.5457356572151184 0.25252753496170044 -0.020219484344124794
v -0.544185221195221 0.2560400366783142 -0.03307190537452698
v -0.5651460289955139 0.2525631785392761 -0.031836893409490585
v -0.566095769405365 0.24834811687469482 -0.020059525966644287
v -0.5460325479507446 0.24358418583869934 -0.010524407029151917
v -0.5660855770111084 0.23944196105003357 -0.011938143521547318
v -0.5441981554031372 0.18722738325595856 -0.027654867619276047
v -0.5432143807411194 0.19570022821426392 -0.016767919063568115
v -0.5641681551933289 0.19621641933918 -0.021373216062784195
v -0.5649584531784058 0.18903513252735138 -0.03255496174097061
v -0.5849985480308533 0.22522194683551788 -0.010270360857248306
v -0.5841168165206909 0.21470840275287628 -0.012077296152710915
v -0.5642133355140686 0.21651117503643036 -0.008618266321718693
v -0.5653534531593323 0.22845059633255005 -0.008100893348455429
v -0.5438548922538757 0.1889469176530838 -0.0566122867166996
v -0.5422976613044739 0.1977778524160385 -0.06623654067516327
v -0.522057294845581 0.19380147755146027 -0.0634651631116867
v -0.523818850517273 0.18540458381175995 -0.05242976173758507
v -0.45742127299308777 0.19069555401802063 -0.004907799884676933
v -0.46038737893104553 0.1808561086654663 -0.015150297433137894
v -0.4429250657558441 0.18246498703956604 -0.00918975193053484
v -0.4400355815887451 0.1925315111875534 0.0002798805362544954
v -0.5036620497703552 0.2606138288974762 -0.019718997180461884
v -0.5012413859367371 0.26127395033836365 -0.034387100487947464
v -0.5228675603866577 0.25896620750427246 -0.03375887870788574
v -0.5248533487319946 0.2566298246383667 -0.019802743569016457
v -0.5012789368629456 0.2251039743423462 0.0004315920523367822
v -0.4996952414512634 0.2106206715106964 -0.0027517571579664946
v -0.4768175780773163 0.21375834941864014 -0.0006536291330121458
v -0.4782879948616028 0.22870972752571106 0.0018474519019946456
v -0.4818502962589264 0.2638530433177948 -0.020700538530945778
v -0.4795903265476227 0.2617405652999878 -0.03529952093958855
v -0.5440162420272827 0.21910806000232697 -0.004998690914362669
v -0.5429159998893738 0.20657864212989807 -0.009435868822038174
v -0.521701991558075 0.2082594782114029 -0.005476623773574829
v -0.5232065320014954 0.22207196056842804 -0.0018734809709712863
v -0.5839531421661377 0.19636446237564087 -0.06038014218211174
v -0.5827213525772095 0.2050946056842804 -0.06776098161935806
v -0.5625362396240234 0.2016783058643341 -0.06757950782775879
v -0.5639780759811401 0.19276423752307892 -0.059156399220228195
v -0.5839691758155823 0.20530210435390472 -0.017387423664331436
v -0.584510087966919 0.19712549448013306 -0.025324594229459763
v -0.5636060833930969 0.2058538794517517 -0.013726300559937954
v -0.5839582681655884 0.24661830067634583 -0.053833749145269394
v -0.5849292874336243 0.25004762411117554 -0.04246046021580696
v -0.5636686086654663 0.2524787485599518 -0.04455554485321045
v -0.5623062252998352 0.24757120013237 -0.05646052956581116
v -0.5008893609046936 0.1869632452726364 -0.016699519008398056
v -0.49958446621894836 0.19726569950580597 -0.007857362739741802
v -0.5216879844665527 0.1958940178155899 -0.011937499046325684
v -0.5227811932563782 0.1866215467453003 -0.022174179553985596
v -0.5042600631713867 0.25251051783561707 -0.0073080966249108315
v -0.5254298448562622 0.24801817536354065 -0.008886735886335373
v -0.5405941009521484 0.24793849885463715 -0.05869370698928833
v -0.542221188545227 0.25447455048561096 -0.04630051180720329
v -0.5203534960746765 0.25533944368362427 -0.047475095838308334
v -0.5188466906547546 0.24678409099578857 -0.05995151773095131
v -0.4972851872444153 0.23100115358829498 -0.06932573765516281
v -0.49786701798439026 0.21565793454647064 -0.07025223970413208
v -0.5185710787773132 0.21978500485420227 -0.07154013216495514
v -0.5182825326919556 0.23438432812690735 -0.06895284354686737
v -0.4784521460533142 0.1884254366159439 -0.011110151186585426
v -0.48093482851982117 0.18029217422008514 -0.02300095744431019
v -0.5033912062644958 0.18257808685302734 -0.04671965166926384
v -0.5019434094429016 0.1899625062942505 -0.059442806988954544
v -0.48195594549179077 0.18608081340789795 -0.05409587547183037
v -0.48272693157196045 0.17941617965698242 -0.03937888517975807
v -0.4400537312030792 0.2488025426864624 0.0009895380353555083
v -0.4409314692020416 0.2606278955936432 -0.009922442026436329
v -0.4596099555492401 0.25979310274124146 -0.00788918323814869
v -0.4578579068183899 0.24747450649738312 0.0012794287176802754
v -0.45969638228416443 0.26485776901245117 -0.022710753604769707
v -0.4405447840690613 0.26397037506103516 -0.025479033589363098
v -0.41280823945999146 0.25256428122520447 -0.04296379163861275
v -0.4125441610813141 0.24167664349079132 -0.050967343151569366
v -0.4238593280315399 0.2428392767906189 -0.04911970719695091
v -0.4249356687068939 0.25495588779449463 -0.04159717634320259
v -0.45793458819389343 0.2207757830619812 -0.06991419196128845
v -0.4579492509365082 0.2048347294330597 -0.06623060256242752
v -0.477611780166626 0.21061015129089355 -0.06855618953704834
v -0.4770509898662567 0.2265307903289795 -0.07000768184661865
v -0.4437687397003174 0.18677809834480286 -0.05390391871333122
v -0.4469108283519745 0.1785513162612915 -0.04086024686694145
v -0.46309393644332886 0.18172802031040192 -0.047616079449653625
v -0.4602234959602356 0.19167399406433105 -0.05898818001151085
v -0.3874868154525757 0.1823398917913437 -0.03638703376054764
v -0.3859553635120392 0.1807022988796234 -0.02524579130113125
v -0.40318015217781067 0.17983843386173248 -0.026211926713585854
v -0.40426719188690186 0.18253874778747559 -0.03798048198223114
v -0.39749154448509216 0.18741030991077423 -0.0018835625378414989
v -0.38080862164497375 0.1876089870929718 -0.0014537881361320615
v -0.3799588978290558 0.19613002240657806 0.008263288997113705
v -0.396279513835907 0.19651219248771667 0.0072689238004386425
v -0.3851245939731598 0.25062069296836853 -0.004068418871611357
v -0.38615140318870544 0.2570379078388214 -0.020123416557908058
v -0.39968639612197876 0.2588939368724823 -0.018057355657219887
v -0.39924004673957825 0.251350998878479 -0.0031213865149766207
v -0.4420628547668457 0.2149846851825714 -0.06908504664897919
v -0.4394588768482208 0.19869592785835266 -0.06403667479753494
v -0.41240304708480835 0.18624141812324524 -0.0029643492307513952
v -0.4106746315956116 0.1955842673778534 0.006034886464476585
v -0.4247862994670868 0.19409658014774323 0.003569950582459569
v -0.42718929052352905 0.1842101663351059 -0.005302521400153637
v -0.4086746573448181 0.22163806855678558 0.008884111419320107
v -0.4104611575603485 0.23627637326717377 0.005632761400192976
v -0.4235081672668457 0.23505628108978271 0.005267816595733166
v -0.423007994890213 0.22011996805667877 0.006780841387808323
v -0.411426842212677 0.25084155797958374 -0.0013547824928537011
v -0.4118853807449341 0.26014769077301025 -0.015492268837988377
v -0.4256642460823059 0.26026931405067444 -0.012274863198399544
v -0.42504820227622986 0.24992093443870544 0.00021209442638792098
v -0.4315946400165558 0.2126891016960144 -0.0673360750079155
v -0.4306551516056061 0.22490878403186798 -0.06352991610765457
v -0.4220442771911621 0.2214013785123825 -0.0631466656923294
v -0.42307984828948975 0.20957261323928833 -0.0654752179980278
v -0.43080317974090576 0.1835383176803589 -0.04739122837781906
v -0.43271633982658386 0.1772914081811905 -0.03448253870010376
v -0.4381732940673828 0.21819238364696503 0.003835488110780716
v -0.4387778043746948 0.20468854904174805 0.004703989718109369
v -0.4238893687725067 0.20628254115581512 0.008593068458139896
v -0.4256969392299652 0.2621641755104065 -0.02822694554924965
v -0.38893094658851624 0.1866776943206787 -0.046069465577602386
v -0.389544278383255 0.19279824197292328 -0.05496976152062416
v -0.37267744541168213 0.19102205336093903 -0.05446823313832283
v -0.3718376159667969 0.18432947993278503 -0.04568353667855263
v -0.37016838788986206 0.18049761652946472 -0.03576521947979927
v -0.3676764667034149 0.17981897294521332 -0.024540988728404045
v -0.36192598938941956 0.18769881129264832 -0.0007118921494111419
v -0.3606668710708618 0.19611221551895142 0.009394226595759392
v -0.36011388897895813 0.2080366462469101 0.015502079389989376
v -0.35978570580482483 0.22245506942272186 0.0159686841070652
v -0.38000941276550293 0.2225111573934555 0.013659900985658169
v -0.37990957498550415 0.208202064037323 0.013919280841946602
v -0.3623839318752289 0.24969710409641266 -0.0033255568705499172
v -0.3644486367702484 0.25514236092567444 -0.019939705729484558
v -0.38734006881713867 0.25486132502555847 -0.034334469586610794
v -0.36757662892341614 0.2531842589378357 -0.03524662181735039
v -0.4155066907405853 0.17958398163318634 -0.015204559080302715
v -0.40044140815734863 0.1815984696149826 -0.013533707708120346
v -0.539581835269928 0.23689891397953033 -0.06820900738239288
v -0.5395286083221436 0.22322115302085876 -0.07179950922727585
v -0.5606501698493958 0.22589567303657532 -0.07084145396947861
v -0.5611962080001831 0.23816829919815063 -0.06604096293449402
v -0.5817596316337585 0.2161761373281479 -0.07021280378103256
v -0.561121940612793 0.21327458322048187 -0.07111269980669022
v -0.5453698039054871 0.2321135550737381 -0.005183840170502663
v -0.5248026847839355 0.23569025099277496 -0.0028331757057458162
v -0.5856826305389404 0.2358711212873459 -0.012790635228157043
v -0.43863874673843384 0.23311282694339752 0.0039171925745904446
v -0.45607662200927734 0.23158122599124908 0.002802749862894416
v -0.4125586748123169 0.2309425175189972 -0.05868081375956535
v -0.40166160464286804 0.240061953663826 -0.05259179323911667
v -0.40230444073677063 0.22939413785934448 -0.06012244150042534
v -0.44148358702659607 0.23073729872703552 -0.06325668841600418
v -0.45773494243621826 0.23689645528793335 -0.06220696493983269
v -0.45734521746635437 0.24857096374034882 -0.048319291323423386
v -0.43777644634246826 0.2425677329301834 -0.050055235624313354
v -0.41428667306900024 0.20686601102352142 -0.06322371959686279
v -0.41336625814437866 0.2190491259098053 -0.06310869753360748
v -0.4028886556625366 0.2171814739704132 -0.0632721334695816
v -0.4033553898334503 0.20482918620109558 -0.06195160746574402
v -0.38257142901420593 0.23756808042526245 0.007711671758443117
v -0.39749208092689514 0.23712286353111267 0.006286207120865583
v -0.37219861149787903 0.23697689175605774 -0.05692723020911217
v -0.38873958587646484 0.23843920230865479 -0.0543307326734066
v -0.3884677290916443 0.2474016696214676 -0.045059673488140106
v -0.37130293250083923 0.24589234590530396 -0.047434110194444656
v -0.4012429416179657 0.24977171421051025 -0.043895211070775986
v -0.37244394421577454 0.22580869495868683 -0.06279464066028595
v -0.3891267478466034 0.227816641330719 -0.06121131777763367
v -0.3605189919471741 0.23772086203098297 0.009814513847231865
v -0.3893474340438843 0.20311464369297028 -0.0613282136619091
v -0.3894222676753998 0.2156161665916443 -0.06346260011196136
v -0.3724669814109802 0.21350404620170593 -0.06433530151844025
v -0.37243762612342834 0.2009631097316742 -0.061436962336301804
v -0.5405511260032654 0.20984496176242828 -0.07092628628015518
v -0.5199317932128906 0.2060629278421402 -0.0691947415471077
v -0.4463479816913605 0.17617511749267578 -0.02421736717224121
v -0.4631235897541046 0.17670263350009918 -0.031229102984070778
v -0.4305858314037323 0.1775093525648117 -0.018679914996027946
v -0.544714629650116 0.18473075330257416 -0.0424470417201519
v -0.5649678707122803 0.18801675736904144 -0.046579595655202866
v -0.5026861429214478 0.18069340288639069 -0.030367499217391014
v -0.5239928364753723 0.18219929933547974 -0.036860253661870956
v -0.49761733412742615 0.24494874477386475 -0.060650262981653214
v -0.4168717861175537 0.18848362565040588 -0.051859643310308456
v -0.4183439314365387 0.18232499063014984 -0.04179243743419647
v -0.42766380310058594 0.19096560776233673 -0.057574208825826645
v -0.363976389169693 0.18206243216991425 -0.012118281796574593
v -0.3833218514919281 0.18244872987270355 -0.013169215992093086
v -0.43118491768836975 0.20256686210632324 -0.06676118075847626
v -0.3392857015132904 0.18092317879199982 -0.011319758370518684
v -0.43922629952430725 0.2570691704750061 -0.03982215374708176
v -0.41236206889152527 0.26013970375061035 -0.03074721433222294
v -0.4006158411502838 0.2575373947620392 -0.03267574682831764
v -0.5857223868370056 0.2493617981672287 -0.030311955139040947
v -0.5031909346580505 0.23968254029750824 -0.0005567775224335492
v -0.4549795985221863 0.21674692630767822 0.0011289006797596812
v -0.4556892216205597 0.20269626379013062 -0.00011010916205123067
v -0.41522109508514404 0.1959509700536728 -0.05970415472984314
v -0.40396034717559814 0.19412560760974884 -0.056676577776670456
v -0.40430566668510437 0.18764835596084595 -0.04789131507277489
v -0.39529937505722046 0.2226862758398056 0.011216629296541214
v -0.3959410488605499 0.20855167508125305 0.012458708137273788
v -0.5848305225372314 0.19152198731899261 -0.049127135425806046
v -0.4097055196762085 0.2078380584716797 0.010781357064843178
v -0.45790719985961914 0.2603984773159027 -0.03707432374358177
v -0.016983512789011 0.20768147706985474 -0.08735531568527222
v -0.13711224496364594 0.053262364119291306 0.03511491417884827
v -0.10268418490886688 0.02809636853635311 0.07432670891284943
v -0.11581253260374069 0.031808190047740936 0.06192066892981529
v -0.15188941359519958 0.10955298691987991 0.013513616286218166
v -0.15718455612659454 0.11916441470384598 0.010463062673807144
v -0.18945348262786865 0.14378905296325684 0.0018089052755385637
v -0.20083880424499512 0.1560204029083252 -0.002221210626885295
v -0.14004184305667877 0.09050297737121582 0.03707242012023926
v -0.07521659880876541 0.4506968557834625 -0.0033269617706537247
v -0.07368443161249161 0.44350749254226685 -0.006025732960551977
v -0.07703915238380432 0.46420300006866455 -0.0029313366394490004
v -0.014131864532828331 -0.11925283074378967 0.13044288754463196
v -0.07315407693386078 0.43685415387153625 0.007561581674963236
v -0.07098931819200516 0.4291858673095703 0.004688662942498922
v -0.07574854791164398 0.43276965618133545 0.006738657131791115
v -0.07270850241184235 0.43793368339538574 0.009253280237317085
v -0.07286673039197922 0.43904733657836914 0.009653324261307716
v -0.07739738374948502 0.4666058421134949 0.00688763614743948
v -0.07165098190307617 0.4350798428058624 -0.006517021916806698
v -0.0696454793214798 0.4261489808559418 -0.0049512856639921665
v -0.07584448903799057 0.4530777037143707 0.012109141796827316
v -0.045930299907922745 -0.127858966588974 -0.07104325294494629
v -0.02438514307141304 -0.12958139181137085 -0.07230020314455032
v -0.02646504156291485 -0.14637914299964905 -0.07877174019813538
v -0.049794383347034454 -0.14513450860977173 -0.07680655270814896
v -0.02813056856393814 -0.16342571377754211 -0.08647177368402481
v -0.1388552337884903 -0.19595499336719513 -0.06166083738207817
v -0.15372911095619202 -0.19301101565361023 -0.03962673619389534
v -0.14838269352912903 -0.17213964462280273 -0.03650368005037308
v -0.13426895439624786 -0.17442123591899872 -0.057463258504867554
v -0.15154163539409637 -0.15617585182189941 -0.011555483564734459
v -0.14168144762516022 -0.15491880476474762 -0.03351740166544914
v -0.15794827044010162 -0.17233353853225708 -0.012352051213383675
v -0.16162888705730438 -0.17634731531143188 0.013292153365910053
v -0.15484903752803802 -0.1595095843076706 0.012852045707404613
v -0.15936827659606934 -0.18415352702140808 0.0373225100338459
v -0.15226100385189056 -0.16613496840000153 0.035932060331106186
v -0.15183956921100616 -0.1932457536458969 0.05855518952012062
v -0.13770563900470734 -0.2023201435804367 0.07620716840028763
v -0.11873112618923187 -0.23059426248073578 0.08824361860752106
v -0.09333004057407379 -0.21975992619991302 0.09890398383140564
v -0.11659139394760132 -0.21133342385292053 0.0889650285243988
v -0.050327494740486145 -0.23187923431396484 0.11340928822755814
v -0.0707477554678917 -0.22722288966178894 0.10671249777078629
v -0.016822896897792816 -0.23718321323394775 0.12340305000543594
v -0.0326588973402977 -0.2351175844669342 0.11927186697721481
v -0.10209831595420837 0.22961312532424927 0.0468265563249588
v -0.08028000593185425 0.28749459981918335 -0.05045328661799431
v -0.08766493946313858 0.2837737798690796 -0.050497788935899734
v -0.09590283781290054 0.28968527913093567 -0.030674662441015244
v -0.1068601906299591 0.2336697280406952 -0.08593737334012985
v -0.10741135478019714 0.2511497437953949 -0.07581739872694016
v -0.08886335790157318 0.24229954183101654 -0.08499956876039505
v -0.08826111257076263 0.22518973052501678 -0.0914497897028923
v -0.07113474607467651 0.27859097719192505 -0.0633746013045311
v -0.06760837137699127 0.2814942002296448 -0.06258103996515274
v -0.07541627436876297 0.274026095867157 -0.06552436947822571
v -0.04661951959133148 0.25580498576164246 -0.07960250973701477
v -0.06183317303657532 0.2646751403808594 -0.07567017525434494
v -0.13389258086681366 0.28165704011917114 -0.027864431962370872
v -0.13391150534152985 0.27109307050704956 -0.04867451637983322
v -0.14403247833251953 0.2703858017921448 -0.04390189051628113
v -0.14608070254325867 0.28146040439605713 -0.023934058845043182
v -0.1361888349056244 0.22602492570877075 -0.08069264143705368
v -0.1365450769662857 0.21024870872497559 -0.08403860777616501
v -0.14761602878570557 0.21399816870689392 -0.08017031103372574
v -0.14649876952171326 0.2284926474094391 -0.07650577276945114
v -0.18065692484378815 0.2799738347530365 -0.014490891247987747
v -0.17703485488891602 0.2727336883544922 -0.034588657319545746
v -0.1894942820072174 0.27266326546669006 -0.03368490934371948
v -0.19312438368797302 0.27750280499458313 -0.01403022836893797
v -0.14493077993392944 0.24232697486877441 -0.06916365772485733
v -0.08517974615097046 0.11409329622983932 -0.102802574634552
v -0.10362100601196289 0.12307839095592499 -0.09904429316520691
v -0.11989561468362808 0.13142812252044678 -0.09345200657844543
v -0.15531736612319946 0.15817540884017944 -0.07309769093990326
v -0.14631874859333038 0.15002956986427307 -0.07757705450057983
v -0.15038637816905975 0.13654151558876038 -0.07305433601140976
v -0.1648806631565094 0.1662006378173828 -0.07063286751508713
v -0.1750377118587494 0.17054025828838348 -0.06745520234107971
v -0.19937287271022797 0.20714382827281952 0.03455523028969765
v -0.18716953694820404 0.20772558450698853 0.04095859080553055
v -0.18589824438095093 0.23524905741214752 0.03706146404147148
v -0.19895099103450775 0.17827492952346802 -0.06102846562862396
v -0.1864565908908844 0.17215999960899353 -0.06167541444301605
v -0.18903936445713043 0.16472114622592926 -0.057821378111839294
v -0.20149041712284088 0.17263591289520264 -0.05768078193068504
v -0.12218748778104782 0.28236982226371765 -0.03110377863049507
v -0.18884193897247314 0.2614915370941162 -0.04824293032288551
v -0.17633460462093353 0.26026543974876404 -0.048944972455501556
v -0.17559224367141724 0.24835963547229767 -0.05917103588581085
v -0.18813607096672058 0.25062936544418335 -0.05794903635978699
v -0.1889122724533081 0.23855046927928925 -0.0654115304350853
v -0.1768830567598343 0.23575983941555023 -0.06739051640033722
v -0.17793862521648407 0.22339430451393127 -0.07207486033439636
v -0.19005557894706726 0.22636371850967407 -0.07003889232873917
v -0.19747018814086914 0.18524602055549622 -0.06444930285215378
v -0.18386107683181763 0.1799134910106659 -0.06549014151096344
v -0.2098352015018463 0.2670235335826874 0.007399741094559431
v -0.1588292270898819 0.28198444843292236 0.004752401262521744
v -0.15882840752601624 0.26940640807151794 0.026726894080638885
v -0.14696860313415527 0.27226102352142334 0.02383776195347309
v -0.14665180444717407 0.2832733690738678 0.0009372523054480553
v -0.22219230234622955 0.15845876932144165 -0.020475076511502266
v -0.21808817982673645 0.162594735622406 -0.008947893977165222
v -0.2241716980934143 0.15601906180381775 -0.030611587688326836
v -0.1947687566280365 0.14847396314144135 -0.047875139862298965
v -0.22416740655899048 0.15721066296100616 -0.0394393727183342
v -0.2129330188035965 0.18771730363368988 0.023528704419732094
v -0.21376749873161316 0.2061942219734192 0.02824108488857746
v -0.15963925421237946 0.24616265296936035 0.03945467993617058
v -0.14780065417289734 0.25091370940208435 0.03842813894152641
v -0.20719125866889954 0.274198442697525 -0.014162352308630943
v -0.2038242071866989 0.27091243863105774 -0.03360477462410927
v -0.21406765282154083 0.1844784915447235 -0.06279898434877396
v -0.21653223037719727 0.17956387996673584 -0.0602148100733757
v -0.22958871722221375 0.18685300648212433 -0.06359166651964188
v -0.18285755813121796 0.1401078999042511 -0.053024984896183014
v -0.19142650067806244 0.15758928656578064 -0.05360811576247215
v -0.157215416431427 0.2810855507850647 -0.02012993022799492
v -0.20213085412979126 0.26123201847076416 -0.04796801134943962
v -0.2019759863615036 0.25045597553253174 -0.05768059939146042
v -0.16631241142749786 0.23303437232971191 -0.06995829939842224
v -0.1646251231431961 0.24580499529838562 -0.06176426261663437
v -0.15478765964508057 0.2441248893737793 -0.06525731086730957
v -0.1564245969057083 0.23060935735702515 -0.07309956848621368
v -0.20301535725593567 0.2298809140920639 -0.06849625706672668
v -0.20538398623466492 0.21883776783943176 -0.07008135318756104
v -0.15777289867401123 0.2164909839630127 -0.07678147405385971
v -0.16754943132400513 0.2195330411195755 -0.07413133978843689
v -0.21223942935466766 0.19125927984714508 -0.06572191417217255
v -0.13710570335388184 0.2540130913257599 0.03556773066520691
v -0.13858114182949066 0.23143869638442993 0.04570283740758896
v -0.12701743841171265 0.23193359375 0.04541238397359848
v -0.16178196668624878 0.22001689672470093 0.04654507711529732
v -0.14955970644950867 0.22674213349819183 0.04651566222310066
v -0.17492349445819855 0.21186427772045135 0.04507403075695038
v -0.11552059650421143 0.23087039589881897 0.045925453305244446
v -0.4247186779975891 0.19887962937355042 -0.06355560570955276
v -0.23295710980892181 0.1829388588666916 -0.061454519629478455
v -0.24626998603343964 0.18883119523525238 -0.06436874717473984
v -0.24156971275806427 0.1935025155544281 -0.06610558927059174
v -0.2973674535751343 0.21900635957717896 -0.06672900915145874
v -0.0018118227599188685 0.3757225573062897 0.12078745663166046
v -0.0013888339744880795 0.38144317269325256 0.12343491613864899
v -0.00046868284698575735 0.40198588371276855 0.12493531405925751
v -0.0003595253510866314 0.40569007396698 0.12424740940332413
v -0.42187315225601196 0.23239894211292267 -0.0572487935423851
v -0.42958998680114746 0.2336379587650299 -0.05706542357802391
v -0.4770527482032776 0.24162501096725464 -0.06122715026140213
v -0.4988596737384796 0.2549380362033844 -0.047871921211481094
v -0.47768083214759827 0.2528124153614044 -0.04811424762010574
v -0.48211735486984253 0.25709232687950134 -0.006762169301509857
v -0.4804202616214752 0.24384118616580963 0.0011868436122313142
v -0.47699782252311707 0.19983609020709991 -0.004331202246248722
v -0.4793757200241089 0.19692978262901306 -0.06312035024166107
v -0.6257755160331726 0.23876109719276428 -0.016169985756278038
v -0.6262051463127136 0.24417643249034882 -0.025898564606904984
v -0.6467627286911011 0.2418520152568817 -0.023354506120085716
v -0.6458732485771179 0.2354007512331009 -0.01456042006611824
v -0.6654486060142517 0.23289135098457336 -0.012236516922712326
v -0.6640254259109497 0.22310785949230194 -0.01014671754091978
v -0.6450984477996826 0.2261861264705658 -0.011178920045495033
v -0.6624153256416321 0.2144605815410614 -0.014108635485172272
v -0.6438496708869934 0.21693424880504608 -0.013625687919557095
v -0.6611846685409546 0.20777064561843872 -0.021003160625696182
v -0.6611853837966919 0.20312654972076416 -0.02805725671350956
v -0.6429582834243774 0.20372723042964935 -0.025861414149403572
v -0.6429009437561035 0.20938515663146973 -0.019020721316337585
v -0.6241065263748169 0.19917088747024536 -0.03146333619952202
v -0.643536388874054 0.1999882161617279 -0.03409098833799362
v -0.643785834312439 0.19881728291511536 -0.04349645972251892
v -0.6244074106216431 0.1963115632534027 -0.041573189198970795
v -0.6622670888900757 0.20863588154315948 -0.060265183448791504
v -0.6623983383178711 0.21627214550971985 -0.06319846957921982
v -0.6433151960372925 0.2142639458179474 -0.064816914498806
v -0.6433658599853516 0.20587307214736938 -0.06122345104813576
v -0.624073326587677 0.23137052357196808 -0.06408403813838959
v -0.6232502460479736 0.22132296860218048 -0.06672076135873795
v -0.64386385679245 0.2238740473985672 -0.06483468413352966
v -0.6446745991706848 0.23347310721874237 -0.06262005865573883
v -0.6635900139808655 0.23598557710647583 -0.06270889937877655
v -0.6650494933128357 0.2421409785747528 -0.05455023795366287
v -0.6457216143608093 0.2403230369091034 -0.05618162825703621
v -0.58600252866745 0.24475307762622833 -0.019738487899303436
v -0.6058606505393982 0.2416384518146515 -0.01824224554002285
v -0.605408251285553 0.23250101506710052 -0.012363159097731113
v -0.6236439347267151 0.21103522181510925 -0.016739770770072937
v -0.6040417551994324 0.21283847093582153 -0.014462609775364399
v -0.604607880115509 0.22236374020576477 -0.011491046287119389
v -0.6242754459381104 0.219594344496727 -0.012550831772387028
v -0.5850008130073547 0.1914064586162567 -0.03640105575323105
v -0.6043786406517029 0.19810384511947632 -0.02860196866095066
v -0.6047667264938354 0.19419251382350922 -0.03929012641310692
v -0.6236796975135803 0.20429390668869019 -0.023179098963737488
v -0.6039544343948364 0.2049165815114975 -0.020468953996896744
v -0.6240873336791992 0.19756083190441132 -0.052332062274217606
v -0.6435723900794983 0.2008076310157776 -0.05327773466706276
v -0.6264420747756958 0.24566149711608887 -0.037151727825403214
v -0.6261627078056335 0.24422092735767365 -0.04820544272661209
v -0.6467695832252502 0.2435486614704132 -0.0458952933549881
v -0.647044837474823 0.24418377876281738 -0.03475196287035942
v -0.6045569181442261 0.19482958316802979 -0.05079236999154091
v -0.6052706837654114 0.24547241628170013 -0.051012761890888214
v -0.6058123707771301 0.24780350923538208 -0.03985685855150223
v -0.625181257724762 0.23935185372829437 -0.05784831568598747
v -0.6042983531951904 0.23898637294769287 -0.060353346168994904
v -0.6665198802947998 0.24345262348651886 -0.03232111781835556
v -0.6666311025619507 0.24036002159118652 -0.020667247474193573
v -0.6060391664505005 0.2467270791530609 -0.02810961939394474
v -0.6236000061035156 0.20263147354125977 -0.06139270216226578
v -0.6232195496559143 0.2113490104675293 -0.0662766620516777
v -0.6029418706893921 0.20819823443889618 -0.06719522178173065
v -0.6038196086883545 0.19955827295780182 -0.06102079898118973
v -0.5819411873817444 0.22765034437179565 -0.06882401555776596
v -0.6026305556297302 0.21861696243286133 -0.06848005950450897
v -0.6031306385993958 0.22930121421813965 -0.06634780764579773
v -0.662601113319397 0.22576668858528137 -0.06407298147678375
v -0.5828329920768738 0.23869960010051727 -0.06324473768472672
v -0.7455336451530457 0.20089662075042725 -0.02393949404358864
v -0.7361827492713928 0.1979430615901947 -0.022493815049529076
v -0.7411148548126221 0.19596661627292633 -0.012795978225767612
v -0.7501004338264465 0.19957931339740753 -0.014733110554516315
v -0.7211154699325562 0.18791136145591736 -0.00565747357904911
v -0.7126842141151428 0.1917690485715866 0.001812855713069439
v -0.7222451567649841 0.19249758124351501 0.010237391106784344
v -0.7292870879173279 0.18898659944534302 0.003751785261556506
v -0.7535455822944641 0.2009592354297638 -0.006284584291279316
v -0.7450027465820312 0.1964763104915619 -0.004516092129051685
v -0.7524358630180359 0.20512545108795166 -0.000357690267264843
v -0.7609914541244507 0.21182215213775635 -0.0032815439626574516
v -0.7612660527229309 0.2053048312664032 -0.0071317292749881744
v -0.7689230442047119 0.21528269350528717 -0.004893737845122814
v -0.7555246353149414 0.22225971519947052 -0.005515784490853548
v -0.7674117684364319 0.2239196002483368 -0.008826817385852337
v -0.7503156661987305 0.23323610424995422 -0.029471393674612045
v -0.7477795481681824 0.23386970162391663 -0.03980940207839012
v -0.7620058059692383 0.23249192535877228 -0.040320735424757004
v -0.7641967535018921 0.23133626580238342 -0.029457123950123787
v -0.7535904049873352 0.22819741070270538 -0.05858130007982254
v -0.7588806748390198 0.23070861399173737 -0.04957983270287514
v -0.7445493936538696 0.23263394832611084 -0.048257581889629364
v -0.7405102849006653 0.23047639429569244 -0.05643743649125099
v -0.7395962476730347 0.2037559300661087 -0.03814702108502388
v -0.7297194600105286 0.20205654203891754 -0.03846268728375435
v -0.731987476348877 0.20084360241889954 -0.03198112174868584
v -0.741402804851532 0.20297852158546448 -0.03237244486808777
v -0.7490472197532654 0.20753023028373718 0.009925032034516335
v -0.7457008957862854 0.2153702676296234 0.002937990240752697
v -0.7514261603355408 0.21203278005123138 0.0013767714845016599
v -0.7507414221763611 0.20431749522686005 0.008317520841956139
v -0.7053149342536926 0.19502171874046326 -0.05042237415909767
v -0.6937358379364014 0.1977054476737976 -0.04864901304244995
v -0.6942744255065918 0.1981835514307022 -0.04018114507198334
v -0.7048113346099854 0.1959453523159027 -0.04290272295475006
v -0.698002278804779 0.19414550065994263 -0.013605119660496712
v -0.6930949687957764 0.1978468894958496 -0.021022792905569077
v -0.6876853108406067 0.20693206787109375 -0.011171779595315456
v -0.6943687796592712 0.2054120898246765 -0.005837746895849705
v -0.7043947577476501 0.19219711422920227 -0.006245821714401245
v -0.7008447647094727 0.2036304771900177 -0.00011687120422720909
v -0.7096884250640869 0.2020658552646637 0.006283264607191086
v -0.7201286554336548 0.20073547959327698 0.013874188996851444
v -0.6926486492156982 0.20082974433898926 -0.058556899428367615
v -0.7008000016212463 0.19818101823329926 -0.06210124120116234
v -0.8177867531776428 0.2085147500038147 -0.011182938702404499
v -0.8184038400650024 0.20686239004135132 -0.01665905863046646
v -0.8127934336662292 0.2071193903684616 -0.015942202880978584
v -0.8122008442878723 0.2088044285774231 -0.010402750223875046
v -0.7000790238380432 0.2163296341896057 -0.06974104046821594
v -0.7019774317741394 0.22536766529083252 -0.06699921190738678
v -0.6948196887969971 0.22498472034931183 -0.0667140781879425
v -0.6932812929153442 0.21553456783294678 -0.06760857999324799
v -0.7089746594429016 0.21683628857135773 -0.07249725610017776
v -0.7112153768539429 0.22596359252929688 -0.06750655919313431
v -0.8201240301132202 0.2207234650850296 -0.010037577711045742
v -0.8189604878425598 0.2165715992450714 -0.007446634583175182
v -0.8132594227790833 0.21762701869010925 -0.007463144138455391
v -0.8142053484916687 0.22179977595806122 -0.010359684005379677
v -0.7588565945625305 0.20180180668830872 -0.014958342537283897
v -0.7547215819358826 0.2025260031223297 -0.023668162524700165
v -0.776941180229187 0.20365914702415466 -0.018223965540528297
v -0.7655567526817322 0.20317307114601135 -0.02290240302681923
v -0.7673637270927429 0.203486829996109 -0.01346389390528202
v -0.7757028937339783 0.2052082121372223 -0.011906707659363747
v -0.7585436105728149 0.2044578641653061 -0.04235706850886345
v -0.7483041286468506 0.204546719789505 -0.04217877238988876
v -0.7520725727081299 0.2044726461172104 -0.034986164420843124
v -0.7626417875289917 0.20423658192157745 -0.035371214151382446
v -0.7454318404197693 0.20130203664302826 -0.05386963114142418
v -0.7551562190055847 0.20200367271900177 -0.054532695561647415
v -0.7537720799446106 0.20000065863132477 -0.06093259155750275
v -0.745201587677002 0.19934189319610596 -0.059817831963300705
v -0.77512127161026 0.20463542640209198 -0.050067681819200516
v -0.7843506932258606 0.2072085440158844 -0.05095062777400017
v -0.7827160954475403 0.20741699635982513 -0.05612128973007202
v -0.7738707661628723 0.20420381426811218 -0.055461786687374115
v -0.6877400875091553 0.22539982199668884 -0.06647679954767227
v -0.686066210269928 0.21585950255393982 -0.06600892543792725
v -0.7448797225952148 0.2208617925643921 -0.07501243054866791
v -0.7404680848121643 0.2135566771030426 -0.08039066195487976
v -0.7495871186256409 0.21186093986034393 -0.08409808576107025
v -0.7539389133453369 0.21950776875019073 -0.07845447212457657
v -0.7048347592353821 0.23263107240200043 -0.06044059246778488
v -0.6971896886825562 0.23325608670711517 -0.06087055429816246
v -0.821193277835846 0.22283239662647247 -0.015138497576117516
v -0.8152645826339722 0.22405987977981567 -0.015514119528234005
v -0.7115899920463562 0.21285408735275269 0.004070665221661329
v -0.7225276231765747 0.20987741649150848 0.01226101629436016
v -0.702407717704773 0.21517406404018402 -0.0022169260773807764
v -0.6956438422203064 0.2169031947851181 -0.006119454745203257
v -0.688506007194519 0.21851979196071625 -0.007910588756203651
v -0.7707404494285583 0.20370995998382568 -0.027945522218942642
v -0.7491355538368225 0.2035263180732727 -0.030886715278029442
v -0.7380049824714661 0.20337828993797302 -0.04251587390899658
v -0.7336827516555786 0.19595618546009064 -0.07079670578241348
v -0.7259343862533569 0.19598472118377686 -0.07040801644325256
v -0.729424774646759 0.1955934464931488 -0.061092808842659
v -0.7361968755722046 0.19653764367103577 -0.06372356414794922
v -0.7387891411781311 0.20447823405265808 -0.08164706826210022
v -0.7405663132667542 0.1986899971961975 -0.07760374993085861
v -0.7490031719207764 0.1986621916294098 -0.0793682336807251
v -0.7478156089782715 0.20345932245254517 -0.0842466726899147
v -0.7468789219856262 0.2101004272699356 0.013613304123282433
v -0.7395263910293579 0.21577425301074982 0.0066418033093214035
v -0.6994721293449402 0.2063763439655304 -0.06879864633083344
v -0.6922635436058044 0.206999272108078 -0.06516627222299576
v -0.6852912902832031 0.20849138498306274 -0.06222821772098541
v -0.7171386480331421 0.19846917688846588 -0.041368212550878525
v -0.7046394348144531 0.19601024687290192 -0.038094233721494675
v -0.7055693864822388 0.1942632645368576 -0.03208659589290619
v -0.7184640169143677 0.1980680525302887 -0.03693946450948715
v -0.7257623672485352 0.19229848682880402 -0.020490728318691254
v -0.7137749791145325 0.1887182742357254 -0.01574457250535488
v -0.7318652272224426 0.19074495136737823 -0.010387599468231201
v -0.6937848329544067 0.19795647263526917 -0.03242255374789238
v -0.6855495572090149 0.20105156302452087 -0.03877200931310654
v -0.6852566003799438 0.20117951929569244 -0.030109960585832596
v -0.6855142116546631 0.20136766135692596 -0.047858309000730515
v -0.6853835582733154 0.20376262068748474 -0.056260380893945694
v -0.6760978102684021 0.20198416709899902 -0.03791332617402077
v -0.6756148338317871 0.202659010887146 -0.029436707496643066
v -0.6762173771858215 0.2030116617679596 -0.047116730362176895
v -0.6764968633651733 0.2051171511411667 -0.05506770312786102
v -0.6781978607177734 0.2368604689836502 -0.06199348345398903
v -0.6770180463790894 0.22647753357887268 -0.0650494396686554
v -0.688930094242096 0.23486001789569855 -0.06146962195634842
v -0.6772840619087219 0.21123336255550385 -0.012889680452644825
v -0.6854324340820312 0.20297938585281372 -0.020774217322468758
v -0.6761241555213928 0.205686554312706 -0.021470807492733
v -0.6790696382522583 0.22031468152999878 -0.008963748812675476
v -0.7349520325660706 0.19032353162765503 0.010388272814452648
v -0.7406413555145264 0.1906009018421173 0.015813030302524567
v -0.745716392993927 0.19250592589378357 0.010841176845133305
v -0.7413145899772644 0.19295066595077515 0.005376074928790331
v -0.7768693566322327 0.21718762814998627 -0.0064755333587527275
v -0.7761992812156677 0.2101471722126007 -0.007152526639401913
v -0.7685348987579346 0.20811237394809723 -0.006966171320527792
v -0.7137386798858643 0.19446755945682526 -0.05598805099725723
v -0.7095044255256653 0.19685478508472443 -0.0663386732339859
v -0.779532253742218 0.20432418584823608 -0.023771174252033234
v -0.8070163130760193 0.22252632677555084 -0.010576223954558372
v -0.8062041997909546 0.21804669499397278 -0.007459905464202166
v -0.7937490940093994 0.2180052399635315 -0.007431565783917904
v -0.7949986457824707 0.22334294021129608 -0.010676095262169838
v -0.7887881398200989 0.20852860808372498 -0.02738478034734726
v -0.7863292694091797 0.20595906674861908 -0.02220761962234974
v -0.7943503260612488 0.20636053383350372 -0.021812139078974724
v -0.7967216372489929 0.21012097597122192 -0.02625463902950287
v -0.7789952754974365 0.20526736974716187 -0.062271568924188614
v -0.7717315554618835 0.2027246505022049 -0.06189998611807823
v -0.7777711749076843 0.226319819688797 -0.030003242194652557
v -0.7766249179840088 0.2284380942583084 -0.018688281998038292
v -0.7654528021812439 0.23009441792964935 -0.018000442534685135
v -0.7564936280250549 0.20351848006248474 -0.048777319490909576
v -0.7659606337547302 0.20368564128875732 -0.04946998134255409
v -0.764754593372345 0.20271959900856018 -0.055077847093343735
v -0.7741459012031555 0.2044186294078827 -0.030534928664565086
v -0.7806059718132019 0.20534111559391022 -0.028588099405169487
v -0.7781610488891602 0.20544356107711792 -0.034442078322172165
v -0.770449161529541 0.2044059783220291 -0.03543759137392044
v -0.7295630574226379 0.21569445729255676 -0.07759226858615875
v -0.7278141975402832 0.2036859542131424 -0.0790601372718811
v -0.8180339932441711 0.21219514310359955 -0.007933998480439186
v -0.8124741315841675 0.2128874659538269 -0.0073953233659267426
v -0.6765316128730774 0.21661102771759033 -0.06374671310186386
v -0.6765807867050171 0.20948539674282074 -0.06049959361553192
v -0.7463458776473999 0.20333628356456757 -0.04792290925979614
v -0.7522998452186584 0.23034940659999847 -0.017809011042118073
v -0.7364555597305298 0.20203600823879242 -0.04719415679574013
v -0.7699703574180603 0.21940144896507263 -0.06871781498193741
v -0.769497275352478 0.21305963397026062 -0.07299312204122543
v -0.7767245173454285 0.21298572421073914 -0.0709974467754364
v -0.7774365544319153 0.2193075269460678 -0.06944067776203156
v -0.8080050349235535 0.21194595098495483 -0.025614148005843163
v -0.8066237568855286 0.2078339010477066 -0.021328670904040337
v -0.8139497637748718 0.2086530178785324 -0.021662632003426552
v -0.8150445222854614 0.21271918714046478 -0.02545432560145855
v -0.7840754389762878 0.20544134080410004 -0.017004676163196564
v -0.7829415798187256 0.20696565508842468 -0.011493213474750519
v -0.7919654846191406 0.20779350399971008 -0.011135077103972435
v -0.792698323726654 0.20569875836372375 -0.016403665766119957
v -0.7835612893104553 0.21174931526184082 -0.00789385475218296
v -0.7926192879676819 0.21246156096458435 -0.00775337778031826
v -0.8091058731079102 0.21819132566452026 -0.026611439883708954
v -0.8088613748550415 0.2235218584537506 -0.022580496966838837
v -0.7970311641693115 0.2236645668745041 -0.023700132966041565
v -0.7982683181762695 0.21712429821491241 -0.027243122458457947
v -0.7277953624725342 0.23257075250148773 -0.054628413170576096
v -0.7248364090919495 0.22956986725330353 -0.0623728483915329
v -0.7371617555618286 0.22713196277618408 -0.06483284384012222
v -0.7493044137954712 0.2247476875782013 -0.06751954555511475
v -0.7604247331619263 0.22070060670375824 -0.0696847066283226
v -0.7654250264167786 0.22635740041732788 -0.06063896045088768
v -0.7336941361427307 0.22333736717700958 -0.07161296159029007
v -0.7874904870986938 0.2174868881702423 -0.032478056848049164
v -0.7872567772865295 0.2224610298871994 -0.026327751576900482
v -0.7863409519195557 0.22311797738075256 -0.03386311233043671
v -0.7349709868431091 0.19945509731769562 -0.05405712500214577
v -0.8054155707359314 0.21298709511756897 -0.007290640380233526
v -0.7010829448699951 0.2343921661376953 -0.01815500110387802
v -0.7019414305686951 0.23927517235279083 -0.029397577047348022
v -0.7117562294006348 0.23800070583820343 -0.030368441715836525
v -0.7096032500267029 0.23250573873519897 -0.01725221425294876
v -0.8053674101829529 0.20671819150447845 -0.015809256583452225
v -0.8051154017448425 0.20835047960281372 -0.010390518233180046
v -0.770944356918335 0.20267298817634583 -0.06837660074234009
v -0.7773470282554626 0.20537157356739044 -0.06760235130786896
v -0.777333676815033 0.20731423795223236 -0.07151172310113907
v -0.7719570398330688 0.2054925262928009 -0.07356812059879303
v -0.7220336198806763 0.22555147111415863 -0.06903993338346481
v -0.7566893696784973 0.21025559306144714 -0.08679278939962387
v -0.7598358988761902 0.21843257546424866 -0.08176635950803757
v -0.7136897444725037 0.23169003427028656 -0.060946110635995865
v -0.716330885887146 0.23506315052509308 -0.052932269871234894
v -0.7071921229362488 0.2370433360338211 -0.051572367548942566
v -0.7735505104064941 0.22652292251586914 -0.050559572875499725
v -0.7310342192649841 0.23441247642040253 -0.047055136412382126
v -0.7189125418663025 0.23644663393497467 -0.04533625766634941
v -0.7088801264762878 0.23845675587654114 -0.0426919050514698
v -0.7006241679191589 0.24006789922714233 -0.04137250408530235
v -0.6991986036300659 0.23851197957992554 -0.051194023340940475
v -0.8080516457557678 0.2249566912651062 -0.016069380566477776
v -0.8159706592559814 0.2228976935148239 -0.02181440219283104
v -0.6901005506515503 0.2401152402162552 -0.051324404776096344
v -0.6792424321174622 0.24208660423755646 -0.05253945291042328
v -0.6805856823921204 0.24333932995796204 -0.04194983094930649
v -0.6917585134506226 0.24172812700271606 -0.040982626378536224
v -0.7214916348457336 0.2367643266916275 -0.03688010200858116
v -0.7233144044876099 0.2359602004289627 -0.027964165434241295
v -0.7339073419570923 0.23517070710659027 -0.03897929564118385
v -0.7367104291915894 0.2344796061515808 -0.02925947681069374
v -0.7748876810073853 0.23027312755584717 -0.040563371032476425
v -0.8302306532859802 0.21753881871700287 -0.024280766025185585
v -0.8220785856246948 0.21790774166584015 -0.024956023320555687
v -0.8212491869926453 0.21286198496818542 -0.02562270686030388
v -0.8296140432357788 0.21322079002857208 -0.025362566113471985
v -0.8158751726150513 0.21822142601013184 -0.025670725852251053
v -0.8219658136367798 0.22200129926204681 -0.021168526262044907
v -0.7386007905006409 0.23095378279685974 -0.01729772798717022
v -0.785921037197113 0.20822595059871674 -0.033809125423431396
v -0.7229549884796143 0.22963054478168488 -0.014056842774152756
v -0.7427992820739746 0.22516527771949768 -0.005049210973083973
v -0.7320289015769958 0.2233196347951889 -0.0017036078497767448
v -0.7057092189788818 0.2252662628889084 -0.007156281732022762
v -0.7149810194969177 0.22222872078418732 -0.0021378244273364544
v -0.690837562084198 0.2283700704574585 -0.011051002889871597
v -0.6981906294822693 0.2268570363521576 -0.009865131229162216
v -0.6809160709381104 0.23024894297122955 -0.011529441922903061
v -0.7258113026618958 0.2179141640663147 0.006222902797162533
v -0.8253634572029114 0.20753291249275208 -0.012256262823939323
v -0.8260039687156677 0.20648238062858582 -0.017940456047654152
v -0.6928887367248535 0.23602294921875 -0.018635189160704613
v -0.6824406385421753 0.23824629187583923 -0.019020909443497658
v -0.7375546097755432 0.19154220819473267 -0.0015149142127484083
v -0.7254199981689453 0.19793489575386047 -0.05136638134717941
v -0.7269059419631958 0.20038914680480957 -0.046287890523672104
v -0.7182923555374146 0.19617779552936554 -0.06913580745458603
v -0.7223838567733765 0.19473803043365479 -0.058770906180143356
v -0.6820293664932251 0.24279329180717468 -0.03034111112356186
v -0.6619608998298645 0.20099769532680511 -0.036216285079717636
v -0.6621018648147583 0.20171669125556946 -0.04538283497095108
v -0.666006326675415 0.24380230903625488 -0.04379468411207199
v -0.8258938193321228 0.2109319269657135 -0.008655725978314877
v -0.7875354290008545 0.21309633553028107 -0.05280778184533119
v -0.7861801981925964 0.21390773355960846 -0.05508911609649658
v -0.7294469475746155 0.1927679479122162 0.016258731484413147
v -0.7371845245361328 0.19303089380264282 0.02073296532034874
v -0.7397652864456177 0.20455940067768097 0.022958537563681602
v -0.7373074889183044 0.19823846220970154 0.023384664207696915
v -0.7284717559814453 0.1995002031326294 0.019724490121006966
v -0.7311027646064758 0.20725134015083313 0.01865893416106701
v -0.7165223956108093 0.1977049559354782 -0.044876277446746826
v -0.7160366773605347 0.1962313950061798 -0.049610164016485214
v -0.7188507318496704 0.21680326759815216 -0.07510166615247726
v -0.7173743844032288 0.20537282526493073 -0.07644490152597427
v -0.7844567894935608 0.21800121665000916 -0.007437106221914291
v -0.7769953012466431 0.22409895062446594 -0.01051018200814724
v -0.7851758003234863 0.22357740998268127 -0.011233915574848652
v -0.7957515716552734 0.22585150599479675 -0.016907963901758194
v -0.7889083027839661 0.21325470507144928 -0.0320199653506279
v -0.790854811668396 0.21530798077583313 -0.028420215472579002
v -0.7087320685386658 0.19143810868263245 -0.02472512423992157
v -0.7212850451469421 0.1957513839006424 -0.02993449941277504
v -0.7467697262763977 0.1978929340839386 0.002003677189350128
v -0.7495408058166504 0.19872510433197021 0.007264993153512478
v -0.7673993110656738 0.20425757765769958 -0.04252525791525841
v -0.78519207239151 0.22537583112716675 -0.04849142208695412
v -0.7849993705749512 0.2283708155155182 -0.04064631834626198
v -0.775806188583374 0.20504696667194366 -0.04241272062063217
v -0.8283237814903259 0.21922215819358826 -0.010195976123213768
v -0.8271171450614929 0.21497842669487 -0.007818987593054771
v -0.7858102917671204 0.22665132582187653 -0.018172215670347214
v -0.7629116177558899 0.20099523663520813 -0.06174017861485481
v -0.780526876449585 0.22212371230125427 -0.054996293038129807
v -0.7869194746017456 0.21979203820228577 -0.05188564583659172
v -0.7542533278465271 0.20347385108470917 -0.08529272675514221
v -0.6931146383285522 0.24085195362567902 -0.029505247250199318
v -0.8197144865989685 0.20834648609161377 -0.022552860900759697
v -0.827495276927948 0.20824658870697021 -0.023410800844430923
v -0.8298137784004211 0.2205764353275299 -0.02083868347108364
v -0.8289975523948669 0.22142769396305084 -0.015281317755579948
v -0.7080142498016357 0.2060328871011734 -0.07302900403738022
v -0.7282480001449585 0.20175187289714813 -0.042431287467479706
v -0.662247359752655 0.20415779948234558 -0.05400035157799721
v -0.7346298098564148 0.2137364149093628 0.013585193082690239
v -0.743468701839447 0.20947346091270447 0.019087105989456177
v -0.7836658954620361 0.20662006735801697 -0.04259943589568138
v -0.7645922899246216 0.21731418371200562 -0.0758061558008194
v -0.7737303376197815 0.2251369208097458 -0.06245455890893936
v -0.7802594304084778 0.22465921938419342 -0.06402628123760223
v -0.7844011187553406 0.2232164442539215 -0.05786001309752464
v -0.7873727083206177 0.21862274408340454 -0.056333065032958984
v -0.836230456829071 0.2199612855911255 -0.020838085561990738
v -0.8356710076332092 0.22074119746685028 -0.015369546599686146
v -0.8352992534637451 0.21854639053344727 -0.010302531532943249
v -0.8336326479911804 0.2143010050058365 -0.008238302543759346
v -0.8317729234695435 0.21047386527061462 -0.009382158517837524
v -0.8364943861961365 0.21716254949569702 -0.024067826569080353
v -0.8355127573013306 0.21306517720222473 -0.025074565783143044
v -0.8331167101860046 0.20837387442588806 -0.02326209843158722
v -0.8417856693267822 0.21643881499767303 -0.024221915751695633
v -0.8427640795707703 0.21917369961738586 -0.020905090495944023
v -0.847815215587616 0.215758815407753 -0.010035907849669456
v -0.842523455619812 0.2178998738527298 -0.010622255504131317
v -0.8456591963768005 0.21833212673664093 -0.012779360637068748
v -0.8491513729095459 0.21761202812194824 -0.012442605569958687
v -0.8533667325973511 0.21685890853405 -0.012891367077827454
v -0.852330207824707 0.21439602971076965 -0.010987430810928345
v -0.8449908494949341 0.2193983942270279 -0.01572844758629799
v -0.8491724133491516 0.21898025274276733 -0.016166841611266136
v -0.8489363193511963 0.2183716893196106 -0.020048566162586212
v -0.8531935811042786 0.2179180532693863 -0.020537953823804855
v -0.8536675572395325 0.21852552890777588 -0.016703901812434196
v -0.8454719185829163 0.2190231829881668 -0.018991846591234207
v -0.8413914442062378 0.2200687974691391 -0.015490704216063023
v -0.8561787009239197 0.21399812400341034 -0.01319877803325653
v -0.8563004732131958 0.21640853583812714 -0.013762637972831726
v -0.8574661612510681 0.21752609312534332 -0.016981421038508415
v -0.8583729863166809 0.21479207277297974 -0.017410382628440857
v -0.8394310474395752 0.21376760303974152 -0.008701377548277378
v -0.84585040807724 0.21258729696273804 -0.00961763970553875
v -0.851177453994751 0.2115202695131302 -0.011321875266730785
v -0.855309784412384 0.21117833256721497 -0.013907104730606079
v -0.8448759317398071 0.20942436158657074 -0.011270795948803425
v -0.8503779768943787 0.20911084115505219 -0.013328713364899158
v -0.8538104295730591 0.20913784205913544 -0.015642499551177025
v -0.8447727560997009 0.20711740851402283 -0.014665862545371056
v -0.8501608371734619 0.20759691298007965 -0.016093028709292412
v -0.8365486264228821 0.2073056548833847 -0.013373195193707943
v -0.8373225331306458 0.2100682258605957 -0.009896091185510159
v -0.8527358174324036 0.2082526534795761 -0.0170673206448555
v -0.8572196364402771 0.21194890141487122 -0.018214095383882523
v -0.8479463458061218 0.2173476219177246 -0.022756056860089302
v -0.8528167009353638 0.21638087928295135 -0.022974614053964615
v -0.8473236560821533 0.21521440148353577 -0.0245805773884058
v -0.8523339033126831 0.21411725878715515 -0.024298138916492462
v -0.8569591045379639 0.21569834649562836 -0.021754443645477295
v -0.8566495776176453 0.2176445573568344 -0.020349591970443726
v -0.8307468891143799 0.20732134580612183 -0.012999815866351128
v -0.8314474821090698 0.20667697489261627 -0.018564976751804352
v -0.8370227217674255 0.20648936927318573 -0.018784692510962486
v -0.8448788523674011 0.2061682939529419 -0.019641175866127014
v -0.8383134603500366 0.20845235884189606 -0.0232777688652277
v -0.8406915068626404 0.2126534879207611 -0.025090161710977554
v -0.8465090394020081 0.21222378313541412 -0.024991584941744804
v -0.8454084396362305 0.20856238901615143 -0.023731879889965057
v -0.8514527678489685 0.21144287288188934 -0.024334922432899475
v -0.850734531879425 0.20893841981887817 -0.022982675582170486
v -0.850500762462616 0.20750726759433746 -0.019712677225470543
v -0.8546375036239624 0.21074278652668 -0.02247377298772335
v -0.8561463952064514 0.2131136655807495 -0.022447196766734123
v -0.855405867099762 0.2099705934524536 -0.018994096666574478
v -0.8532528281211853 0.20934560894966125 -0.021853718906641006
v -0.8533161878585815 0.20871292054653168 -0.01943810097873211
v -0.8245682120323181 0.2110835611820221 -0.04295637831091881
v -0.8241521716117859 0.20988218486309052 -0.04826013371348381
v -0.8168562650680542 0.21043258905410767 -0.04668005183339119
v -0.8174158930778503 0.2115582376718521 -0.04149473085999489
v -0.8251152634620667 0.22301441431045532 -0.03958054631948471
v -0.8252052068710327 0.21771329641342163 -0.03768187016248703
v -0.8185100555419922 0.21888376772403717 -0.03655285760760307
v -0.8184200525283813 0.224091038107872 -0.038740724325180054
v -0.8243582248687744 0.22544018924236298 -0.04537554830312729
v -0.8176975846290588 0.22656476497650146 -0.04477063938975334
v -0.8104773759841919 0.22466370463371277 -0.03744976595044136
v -0.8105767369270325 0.21924687922000885 -0.03539734333753586
v -0.7968106865882874 0.21806280314922333 -0.034301821142435074
v -0.7967661619186401 0.2238779366016388 -0.035461753606796265
v -0.7939438819885254 0.209052175283432 -0.04954443871974945
v -0.7953212857246399 0.21329271793365479 -0.052639223635196686
v -0.8250774145126343 0.21355992555618286 -0.03924417123198509
v -0.8181294202804565 0.2144084870815277 -0.03796963766217232
v -0.8088346123695374 0.21449430286884308 -0.05364138260483742
v -0.8084427118301392 0.21071814000606537 -0.05041785538196564
v -0.8168867826461792 0.21143397688865662 -0.05152332782745361
v -0.817211389541626 0.2147814929485321 -0.054823387414216995
v -0.7946513295173645 0.20971493422985077 -0.03760368004441261
v -0.7936919331550598 0.2081766277551651 -0.04357117787003517
v -0.7960944175720215 0.21345484256744385 -0.03502602502703667
v -0.8092955350875854 0.21988330781459808 -0.05452071502804756
v -0.8096155524253845 0.22502288222312927 -0.05110188201069832
v -0.7960834503173828 0.2255203127861023 -0.0491967499256134
v -0.796278715133667 0.2197965830564499 -0.05290554091334343
v -0.8099331855773926 0.21445408463478088 -0.036707498133182526
v -0.8082090616226196 0.209690123796463 -0.04528674855828285
v -0.8090001940727234 0.21097716689109802 -0.04001504182815552
v -0.8097391724586487 0.22714856266975403 -0.04377456381917
v -0.8175061345100403 0.2241845279932022 -0.051968108862638474
v -0.8336493372917175 0.21912617981433868 -0.05612289533019066
v -0.8244643807411194 0.21928346157073975 -0.055683258920907974
v -0.8242796659469604 0.21460963785648346 -0.056161217391490936
v -0.8338567018508911 0.21477149426937103 -0.05712050572037697
v -0.8175075650215149 0.21947704255580902 -0.05513196066021919
v -0.8242761492729187 0.22357453405857086 -0.05220435932278633
v -0.8346537351608276 0.21027423441410065 -0.04496736079454422
v -0.8343795537948608 0.2094961702823639 -0.05034881457686424
v -0.8349605798721313 0.21255066990852356 -0.0411963053047657
v -0.7962008118629456 0.2280208319425583 -0.04181836172938347
v -0.8345102071762085 0.2215501070022583 -0.041001129895448685
v -0.8348658084869385 0.21634475886821747 -0.03962632641196251
v -0.8241057991981506 0.2109387069940567 -0.05319182947278023
v -0.833861768245697 0.21074500679969788 -0.05500384047627449
v -0.8334131240844727 0.22287322580814362 -0.05271331965923309
v -0.8334311842918396 0.2243056297302246 -0.046350717544555664
v -0.8409594297409058 0.22194251418113708 -0.05346141383051872
v -0.8412691354751587 0.2232193499803543 -0.04763448238372803
v -0.842271625995636 0.22083166241645813 -0.04244042932987213
v -0.8418040871620178 0.21584391593933105 -0.04115859046578407
v -0.8411751985549927 0.21241581439971924 -0.04275369271636009
v -0.8409100770950317 0.21883726119995117 -0.0566251166164875
v -0.8405570983886719 0.21504522860050201 -0.05757307633757591
v -0.8399018049240112 0.21111449599266052 -0.055750247091054916
v -0.8478122353553772 0.21844616532325745 -0.05759584903717041
v -0.8489215970039368 0.22137875854969025 -0.0548047237098217
v -0.8613429069519043 0.2178758829832077 -0.046330731362104416
v -0.8560032248497009 0.21879427134990692 -0.044630102813243866
v -0.8566421866416931 0.22060082852840424 -0.047275859862565994
v -0.8615952134132385 0.22051696479320526 -0.047988761216402054
v -0.8501273989677429 0.22052276134490967 -0.04426858574151993
v -0.853072464466095 0.22129838168621063 -0.04714074358344078
v -0.8524029850959778 0.22210106253623962 -0.050147894769907
v -0.8565832376480103 0.22222848236560822 -0.05108257010579109
v -0.8558429479598999 0.22127778828144073 -0.05480187386274338
v -0.8607541918754578 0.22138260304927826 -0.055941108614206314
v -0.8617551922798157 0.22258388996124268 -0.05197659134864807
v -0.8522456884384155 0.2215915471315384 -0.05347047373652458
v -0.8652750849723816 0.22043640911579132 -0.04927188903093338
v -0.865506112575531 0.21798570454120636 -0.04934440925717354
v -0.8481847047805786 0.22269278764724731 -0.049141790717840195
v -0.8480222225189209 0.21590711176395416 -0.042395640164613724
v -0.8547343015670776 0.21528767049312592 -0.04395989701151848
v -0.8605710864067078 0.21474026143550873 -0.04670141264796257
v -0.8647214770317078 0.2149687111377716 -0.05028234049677849
v -0.8538651466369629 0.21195533871650696 -0.045841705054044724
v -0.8598387837409973 0.21211741864681244 -0.04845564812421799
v -0.8633423447608948 0.21291252970695496 -0.05153210833668709
v -0.853249192237854 0.20967800915241241 -0.04939499497413635
v -0.8593411445617676 0.21057265996932983 -0.05131257325410843
v -0.8454079031944275 0.21007034182548523 -0.04751171916723251
v -0.8464826345443726 0.21234484016895294 -0.04390554875135422
v -0.8620903491973877 0.21182414889335632 -0.05265669897198677
v -0.8674165606498718 0.21936574578285217 -0.05365023389458656
v -0.8664398789405823 0.21632634103298187 -0.05437706783413887
v -0.866674542427063 0.2224145531654358 -0.052672918885946274
v -0.8549411296844482 0.21968138217926025 -0.05672527104616165
v -0.8602582216262817 0.2194097489118576 -0.05774879455566406
v -0.8543004393577576 0.21802563965320587 -0.058690525591373444
v -0.8600556254386902 0.21774855256080627 -0.05930905044078827
v -0.8650294542312622 0.21977795660495758 -0.05740294232964516
v -0.8647034764289856 0.22169388830661774 -0.05618328973650932
v -0.8404861092567444 0.21029391884803772 -0.046337008476257324
v -0.8400152325630188 0.2096961885690689 -0.05127387121319771
v -0.8449007272720337 0.2092309594154358 -0.052421893924474716
v -0.852794349193573 0.20902776718139648 -0.0542825423181057
v -0.844869077205658 0.21101447939872742 -0.05664670839905739
v -0.8465414643287659 0.2149905115365982 -0.05838644132018089
v -0.8533986210823059 0.21497488021850586 -0.05929344519972801
v -0.8526232242584229 0.2113165706396103 -0.058069858700037
v -0.8592517375946045 0.21506549417972565 -0.05940882861614227
v -0.8585415482521057 0.21208222210407257 -0.058329712599515915
v -0.8587024211883545 0.21028006076812744 -0.05518666282296181
v -0.863175094127655 0.21479985117912292 -0.05817567929625511
v -0.8645949363708496 0.21735310554504395 -0.05825900286436081
v -0.8644357323646545 0.21379555761814117 -0.05493451654911041
v -0.8617033362388611 0.2128116637468338 -0.057625386863946915
v -0.8621736764907837 0.21204538643360138 -0.05522768944501877
v -0.8130900263786316 0.2103579044342041 -0.06709253787994385
v -0.8114071488380432 0.2076074630022049 -0.07139928638935089
v -0.8055924773216248 0.2083204835653305 -0.06963066756725311
v -0.8074761033058167 0.21081744134426117 -0.06534752249717712
v -0.8136491179466248 0.22141563892364502 -0.06729181110858917
v -0.8143894672393799 0.21846821904182434 -0.06536462157964706
v -0.8085686564445496 0.2190721035003662 -0.06315909326076508
v -0.8072388172149658 0.22263696789741516 -0.0649503692984581
v -0.8122416138648987 0.22256062924861908 -0.07192221283912659
v -0.8052448630332947 0.2236384004354477 -0.07002995163202286
v -0.8008002638816833 0.22321195900440216 -0.06282014399766922
v -0.8025323748588562 0.2189955711364746 -0.06095466390252113
v -0.7928576469421387 0.21828462183475494 -0.05843160301446915
v -0.791207492351532 0.2232821136713028 -0.060100968927145004
v -0.8142899870872498 0.21450702846050262 -0.06535603106021881
v -0.8086110353469849 0.21486973762512207 -0.06334904581308365
v -0.7965870499610901 0.20961403846740723 -0.074933722615242
v -0.7972228527069092 0.2074725329875946 -0.07198964059352875
v -0.8041806817054749 0.20816612243652344 -0.07395767420530319
v -0.803562343120575 0.21027594804763794 -0.07672682404518127
v -0.7895784974098206 0.20920220017433167 -0.06021243333816528
v -0.7869710922241211 0.20682653784751892 -0.06434905529022217
v -0.7919209003448486 0.21326342225074768 -0.05857696756720543
v -0.7965986728668213 0.21471679210662842 -0.07620850205421448
v -0.7968323230743408 0.22086265683174133 -0.07412882149219513
v -0.7861995697021484 0.22013559937477112 -0.07149859517812729
v -0.7854622602462769 0.21372613310813904 -0.07283973693847656
v -0.8026024699211121 0.2143462896347046 -0.06130692735314369
v -0.7988816499710083 0.207356259226799 -0.06750409305095673
v -0.8010913729667664 0.2100706398487091 -0.06322907656431198
v -0.798255443572998 0.22413131594657898 -0.06826484948396683
v -0.8037207722663879 0.22051389515399933 -0.07564112544059753
v -0.8198531270027161 0.21497094631195068 -0.08166619390249252
v -0.8098440170288086 0.21489186584949493 -0.07952484488487244
v -0.8096901178359985 0.21000099182128906 -0.07900762557983398
v -0.8196185827255249 0.2105787992477417 -0.08168617635965347
v -0.8033754229545593 0.21488910913467407 -0.07798745483160019
v -0.8107777833938599 0.21995611488819122 -0.07709893584251404
v -0.821773111820221 0.2094794660806656 -0.07009649276733398
v -0.8203995227813721 0.20716896653175354 -0.07436586916446686
v -0.822892963886261 0.21331210434436798 -0.06836923211812973
v -0.7883856296539307 0.22452498972415924 -0.06586214154958725
v -0.7850257754325867 0.20827370882034302 -0.0720253437757492
v -0.823054313659668 0.21985183656215668 -0.06996168941259384
v -0.8233633041381836 0.21697960793972015 -0.06822463870048523
v -0.810005247592926 0.207412987947464 -0.07604742050170898
v -0.8193883895874023 0.2074471116065979 -0.0790136456489563
v -0.8205495476722717 0.2192782163619995 -0.07920295000076294
v -0.8216676115989685 0.2214394062757492 -0.07418044656515121
v -0.8271782994270325 0.21891795098781586 -0.08101408183574677
v -0.8283950686454773 0.2206953912973404 -0.0760025829076767
v -0.8299258351325989 0.2192925065755844 -0.07175120711326599
v -0.8297412991523743 0.2160334289073944 -0.07016468048095703
v -0.8286702036857605 0.21254678070545197 -0.07048013806343079
v -0.8266395330429077 0.21483172476291656 -0.0832885280251503
v -0.8261513113975525 0.21106114983558655 -0.08302959054708481
v -0.8251399397850037 0.20783570408821106 -0.08041965961456299
v -0.8315329551696777 0.2145373523235321 -0.08481315523386002
v -0.8331863880157471 0.21820643544197083 -0.08250350505113602
v -0.846818208694458 0.21666526794433594 -0.07592444121837616
v -0.8421648740768433 0.21713852882385254 -0.07429815828800201
v -0.8421029448509216 0.21807792782783508 -0.07646675407886505
v -0.8465431928634644 0.21820983290672302 -0.077619269490242
v -0.8363460302352905 0.21875344216823578 -0.07364854216575623
v -0.8386417627334595 0.21889431774616241 -0.07593096792697906
v -0.8372142314910889 0.21961654722690582 -0.07862745225429535
v -0.8413118720054626 0.21956287324428558 -0.07989484816789627
v -0.839415967464447 0.21783249080181122 -0.08326313644647598
v -0.8437276482582092 0.21776722371578217 -0.08458367735147476
v -0.8457321524620056 0.21942223608493805 -0.08116238564252853
v -0.8364068269729614 0.21879743039608002 -0.08170770853757858
v -0.8494049310684204 0.21820469200611115 -0.07900704443454742
v -0.8501887917518616 0.2165645956993103 -0.07843047380447388
v -0.8337005972862244 0.2200644463300705 -0.07757458090782166
v -0.8351433873176575 0.21538276970386505 -0.07150597125291824
v -0.8411077260971069 0.21440806984901428 -0.07303334027528763
v -0.8463401794433594 0.21388687193393707 -0.07528416067361832
v -0.8493611812591553 0.21365123987197876 -0.078306183218956
v -0.8396552205085754 0.2112608253955841 -0.07370062172412872
v -0.8448739051818848 0.21099022030830383 -0.07597348093986511
v -0.8475425839424133 0.2110082060098648 -0.07863837480545044
v -0.838009238243103 0.20858141779899597 -0.07567407935857773
v -0.8433876037597656 0.20893847942352295 -0.0777689516544342
v -0.8317418694496155 0.20911255478858948 -0.07384217530488968
v -0.8335266709327698 0.211928129196167 -0.07192640006542206
v -0.8458279967308044 0.20965203642845154 -0.07927650958299637
v -0.8503947257995605 0.21669232845306396 -0.08259963989257812
v -0.8495681285858154 0.21350346505641937 -0.08280207216739655
v -0.8493135571479797 0.21901561319828033 -0.08216887712478638
v -0.8379806876182556 0.21637484431266785 -0.08505049347877502
v -0.8427464365959167 0.21589137613773346 -0.08612377196550369
v -0.8368800282478333 0.21367806196212769 -0.08596871793270111
v -0.8421486616134644 0.2134709656238556 -0.08675844222307205
v -0.8470305800437927 0.21620549261569977 -0.08581729233264923
v -0.847003698348999 0.2179403156042099 -0.08483445644378662
v -0.8271416425704956 0.20940418541431427 -0.07228833436965942
v -0.8256018161773682 0.20750164985656738 -0.07598670572042465
v -0.8302018642425537 0.20741614699363708 -0.07729063183069229
v -0.836836040019989 0.20706872642040253 -0.07933218777179718
v -0.8295948505401611 0.20782341063022614 -0.08148618787527084
v -0.8306792378425598 0.21091847121715546 -0.08405425399541855
v -0.8362122178077698 0.21069836616516113 -0.08540008962154388
v -0.8358840346336365 0.20787397027015686 -0.08322854340076447
v -0.8415399193763733 0.2108529657125473 -0.08615271747112274
v -0.8413777947425842 0.2084677517414093 -0.08439051359891891
v -0.8423077464103699 0.207781583070755 -0.08097679913043976
v -0.8454030156135559 0.21108293533325195 -0.08541736751794815
v -0.8463934063911438 0.21359357237815857 -0.08610116690397263
v -0.8476341962814331 0.2109648585319519 -0.08236289769411087
v -0.8443107604980469 0.20935644209384918 -0.0843011736869812
v -0.8454814553260803 0.2092694491147995 -0.08178051561117172
v -0.785274863243103 0.20672926306724548 -0.06875952333211899
v -0.7883327603340149 0.20500971376895905 -0.0915428176522255
v -0.7862229347229004 0.2027910202741623 -0.09395548701286316
v -0.7822933793067932 0.20332184433937073 -0.09124387800693512
v -0.7842427492141724 0.2054288536310196 -0.08891227841377258
v -0.789109468460083 0.2151211053133011 -0.09363237768411636
v -0.7903708219528198 0.2122894674539566 -0.09107601642608643
v -0.7860294580459595 0.21298252046108246 -0.08795809745788574
v -0.78462153673172 0.216252401471138 -0.09049325436353683
v -0.7862532138824463 0.21485596895217896 -0.09793233871459961
v -0.781579315662384 0.21602922677993774 -0.09503740072250366
v -0.7794292569160461 0.21649910509586334 -0.08667232096195221
v -0.7811477184295654 0.21292360126972198 -0.0841551274061203
v -0.7732852101325989 0.21258176863193512 -0.07869595289230347
v -0.7708383798599243 0.21689370274543762 -0.08059284090995789
v -0.7594735026359558 0.20325852930545807 -0.08638526499271393
v -0.76082843542099 0.20099982619285583 -0.08277242630720139
v -0.7674150466918945 0.2013866901397705 -0.08635236322879791
v -0.7652165293693542 0.20288705825805664 -0.08961445093154907
v -0.789901077747345 0.20848390460014343 -0.09061915427446365
v -0.7857531309127808 0.20890872180461884 -0.08763262629508972
v -0.7737017869949341 0.20328758656978607 -0.09441579878330231
v -0.7758384346961975 0.20199434459209442 -0.09127471596002579
v -0.7803143262863159 0.20256772637367249 -0.09427738189697266
v -0.7785519957542419 0.203647181391716 -0.0973324105143547
v -0.7637250423431396 0.20062756538391113 -0.07902967184782028
v -0.767255425453186 0.2020326554775238 -0.07553678750991821
v -0.7719063758850098 0.2040860950946808 -0.0800141915678978
v -0.7698608636856079 0.20189549028873444 -0.0830434113740921
v -0.7732614278793335 0.20752674341201782 -0.07895234227180481
v -0.772667646408081 0.20692291855812073 -0.0961543545126915
v -0.7736184597015381 0.21220338344573975 -0.0952184796333313
v -0.7640513777732849 0.212174654006958 -0.09032942354679108
v -0.7641105651855469 0.20664775371551514 -0.09111590683460236
v -0.7810338139533997 0.20865383744239807 -0.08432550728321075
v -0.7779629230499268 0.20275667309761047 -0.08806317299604416
v -0.7798683643341064 0.20515824854373932 -0.08543619513511658
v -0.7761062979698181 0.21661579608917236 -0.09133264422416687
v -0.7790709137916565 0.211984321475029 -0.09841560572385788
v -0.7880741953849792 0.20568223297595978 -0.10554374754428864
v -0.7821120023727417 0.20654241740703583 -0.10202261060476303
v -0.7823829054832458 0.20299850404262543 -0.10044585168361664
v -0.788027286529541 0.20252498984336853 -0.10415413975715637
v -0.777874767780304 0.20706886053085327 -0.09914945811033249
v -0.7835800051689148 0.2111019492149353 -0.10121434181928635
v -0.7940194606781006 0.20430892705917358 -0.09492333978414536
v -0.7915864586830139 0.20204944908618927 -0.09735170006752014
v -0.795411229133606 0.2076176106929779 -0.09422746300697327
v -0.7669649720191956 0.21795499324798584 -0.08563678711652756
v -0.7950928211212158 0.21370042860507965 -0.09716005623340607
v -0.7960756421089172 0.21097415685653687 -0.0948161631822586
v -0.7841231226921082 0.20199979841709137 -0.0971413105726242
v -0.7894386649131775 0.20137590169906616 -0.10088858753442764
v -0.7895952463150024 0.20997317135334015 -0.10467261075973511
v -0.7922104001045227 0.21347589790821075 -0.10118842124938965
v -0.7945526838302612 0.2093694657087326 -0.10758324712514877
v -0.7970593571662903 0.2128741443157196 -0.10405762493610382
v -0.799748420715332 0.2128104269504547 -0.0997794046998024
v -0.8003155589103699 0.21025650203227997 -0.0972476601600647
v -0.7991467118263245 0.20702306926250458 -0.0966297909617424
v -0.7929214239120483 0.20507705211639404 -0.10826674848794937
v -0.792666494846344 0.2024257481098175 -0.10648572444915771
v -0.7934682369232178 0.2015276998281479 -0.10318279266357422
v -0.797415018081665 0.20501135289669037 -0.11004147678613663
v -0.7996457815170288 0.20914164185523987 -0.10970783233642578
v -0.8124609589576721 0.2091517597436905 -0.10507239401340485
v -0.8090035915374756 0.21010522544384003 -0.10315855592489243
v -0.8085622191429138 0.21075139939785004 -0.10524329543113708
v -0.8117396235466003 0.2104189395904541 -0.10655742883682251
v -0.8042112588882446 0.21172119677066803 -0.10224667191505432
v -0.8055059313774109 0.21164339780807495 -0.1045350506901741
v -0.8035892844200134 0.21159051358699799 -0.10687493532896042
v -0.8068153262138367 0.21139173209667206 -0.10817190259695053
v -0.8049595355987549 0.20932476222515106 -0.1110466793179512
v -0.8084133863449097 0.20869529247283936 -0.11260174959897995
v -0.8102962374687195 0.21116361021995544 -0.10981310904026031
v -0.8025877475738525 0.21029292047023773 -0.1095026358962059
v -0.8140268921852112 0.21039120852947235 -0.10809702426195145
v -0.8149716258049011 0.20880720019340515 -0.10765517503023148
v -0.8009762763977051 0.2121238261461258 -0.10582779347896576
v -0.8041216135025024 0.20950783789157867 -0.09956523030996323
v -0.8087915778160095 0.20838193595409393 -0.10174106061458588
v -0.8128507137298584 0.20721888542175293 -0.1043715849518776
v -0.8148208856582642 0.2063142955303192 -0.10750191658735275
v -0.8073639869689941 0.20606070756912231 -0.10130438953638077
v -0.8115910887718201 0.20512208342552185 -0.10422246158123016
v -0.8133341670036316 0.20440860092639923 -0.10715976357460022
v -0.8053783774375916 0.20367981493473053 -0.10189612209796906
v -0.8097552061080933 0.2032897025346756 -0.10474315285682678
v -0.8006359338760376 0.20407424867153168 -0.09941297769546509
v -0.8027043342590332 0.20683889091014862 -0.09881047159433365
v -0.8118396401405334 0.20338734984397888 -0.1068023219704628
v -0.8143017292022705 0.20803780853748322 -0.11137890070676804
v -0.8140170574188232 0.20555418729782104 -0.11068877577781677
v -0.8131627440452576 0.2105209231376648 -0.11130663007497787
v -0.8035215735435486 0.207305908203125 -0.11213969439268112
v -0.8078172206878662 0.2064954936504364 -0.11361243575811386
v -0.8020437359809875 0.20453250408172607 -0.11178163439035416
v -0.807300865650177 0.20408907532691956 -0.11305898427963257
v -0.8114867210388184 0.2068808674812317 -0.11353076249361038
v -0.8110841512680054 0.20880350470542908 -0.1132575124502182
v -0.7974395155906677 0.2040705680847168 -0.09737206995487213
v -0.7952690720558167 0.20207738876342773 -0.09973043203353882
v -0.7984722256660461 0.20192302763462067 -0.10163265466690063
v -0.8032569885253906 0.2016543745994568 -0.10392656922340393
v -0.7970046401023865 0.20127670466899872 -0.10503716766834259
v -0.7965718507766724 0.20233379304409027 -0.10823069512844086
v -0.8017312288284302 0.20216691493988037 -0.11022704094648361
v -0.8020610213279724 0.20090194046497345 -0.10725128650665283
v -0.807111918926239 0.20228198170661926 -0.11143800616264343
v -0.8073439598083496 0.20132622122764587 -0.10904257744550705
v -0.8082875609397888 0.20184870064258575 -0.10639670491218567
v -0.8109506368637085 0.2030966877937317 -0.11108256131410599
v -0.8114414811134338 0.2046380490064621 -0.11266258358955383
v -0.8129276633262634 0.20384487509727478 -0.10950470715761185
v -0.810309648513794 0.202245831489563 -0.1096351221203804
v -0.811381995677948 0.20270763337612152 -0.10825991630554199
v -0.759380042552948 0.2064104676246643 -0.08815845847129822
v -0.7556439638137817 0.20721971988677979 0.01996101252734661
v -0.7575456500053406 0.20496836304664612 0.016011366620659828
v -0.7523979544639587 0.19074393808841705 0.01667415164411068
v -0.7559790015220642 0.19517859816551208 0.013817386701703072
v -0.7485712766647339 0.18986544013023376 0.021639307960867882
v -0.7468537092208862 0.1966273933649063 0.02855663374066353
v -0.7469128966331482 0.19235649704933167 0.026008930057287216
v -0.758013904094696 0.2008551061153412 0.0137374522164464
v -0.7524780631065369 0.20699869096279144 0.02485211379826069
v -0.748834490776062 0.20249532163143158 0.028305459767580032
v -0.7605728507041931 0.20583908259868622 0.03043469786643982
v -0.757285475730896 0.20111845433712006 0.03423399105668068
v -0.7549566626548767 0.1947495937347412 0.034431472420692444
v -0.7541798949241638 0.1902938187122345 0.030786816030740738
v -0.7547662854194641 0.18814125657081604 0.02566547319293022
v -0.7630863189697266 0.20648182928562164 0.024895943701267242
v -0.7640550136566162 0.20408786833286285 0.02007335051894188
v -0.7631137371063232 0.1991419643163681 0.017396951094269753
v -0.7702338695526123 0.20563429594039917 0.029599614441394806
v -0.7705076336860657 0.20477744936943054 0.03667745366692543
v -0.773565411567688 0.19078145921230316 0.044822655618190765
v -0.7690165638923645 0.19123046100139618 0.04253559187054634
v -0.7703612446784973 0.19475843012332916 0.044303517788648605
v -0.7736074924468994 0.19439344108104706 0.046881549060344696
v -0.7642414569854736 0.19344452023506165 0.04006492719054222
v -0.7681552767753601 0.19583389163017273 0.04253541678190231
v -0.7699766159057617 0.20000773668289185 0.0422237329185009
v -0.7723047137260437 0.20000869035720825 0.04455554485321045
v -0.7722439765930176 0.20332835614681244 0.04089926555752754
v -0.7751390933990479 0.2039957344532013 0.04224233329296112
v -0.7755041122436523 0.19968833029270172 0.04747838154435158
v -0.7771040797233582 0.19469064474105835 0.04861798882484436
v -0.7790839672088623 0.19852708280086517 0.048748038709163666
v -0.7782337069511414 0.19210228323936462 0.04705081880092621
v -0.7663511037826538 0.20009201765060425 0.039359044283628464
v -0.7612473368644714 0.18896834552288055 0.03539323806762695
v -0.7680959701538086 0.188197061419487 0.03908316045999527
v -0.7743524312973022 0.18824417889118195 0.04181370139122009
v -0.7796450853347778 0.1902993619441986 0.04342062398791313
v -0.7688580751419067 0.18643254041671753 0.03406700864434242
v -0.7757207155227661 0.18766558170318604 0.037338487803936005
v -0.7798914313316345 0.19016346335411072 0.03927476704120636
v -0.7709984183311462 0.18795239925384521 0.029302334412932396
v -0.7771037817001343 0.18927782773971558 0.03382937237620354
v -0.7625327706336975 0.18804775178432465 0.023940516635775566
v -0.7609002590179443 0.186770498752594 0.029646310955286026
v -0.7798383831977844 0.19065815210342407 0.03639691323041916
v -0.7823021411895752 0.19631053507328033 0.04725920781493187
v -0.7831517457962036 0.1946127712726593 0.04299861192703247
v -0.7764884233474731 0.20488017797470093 0.03839569911360741
v -0.7782061696052551 0.2034788280725479 0.04467938467860222
v -0.7804728150367737 0.20374195277690887 0.04107037931680679
v -0.7769035696983337 0.20442572236061096 0.033557724207639694
v -0.7815676927566528 0.20223410427570343 0.037180762737989426
v -0.7828147411346436 0.20125815272331238 0.04428146407008171
v -0.7804826498031616 0.20206613838672638 0.04686067998409271
v -0.7570473551750183 0.18920612335205078 0.020494956523180008
v -0.7604057788848877 0.19339965283870697 0.017683323472738266
v -0.7657286524772644 0.19272586703300476 0.02084801346063614
v -0.7733830213546753 0.19231963157653809 0.026183854788541794
v -0.768753707408905 0.19864293932914734 0.02079678885638714
v -0.7703483700752258 0.20375299453735352 0.024128993973135948
v -0.7771811485290527 0.20197154581546783 0.029218994081020355
v -0.7759271860122681 0.19754084944725037 0.026327641680836678
v -0.7815370559692383 0.1996760368347168 0.03396498039364815
v -0.7804332375526428 0.19633996486663818 0.03187942132353783
v -0.7787785530090332 0.192521870136261 0.032027266919612885
v -0.7830590009689331 0.19702500104904175 0.037275753915309906
v -0.7837493419647217 0.1991758495569229 0.04059385135769844
v -0.7824162840843201 0.19365862011909485 0.03910912945866585
v -0.7819089889526367 0.19549144804477692 0.035169992595911026
v -0.7811281085014343 0.19302557408809662 0.03591982647776604
v -0.7554751634597778 0.19933517277240753 -0.08090650290250778
v -0.7582690119743347 0.19862021505832672 -0.07568301260471344
v -0.7511343359947205 0.19765391945838928 -0.07385668158531189
v -0.74245285987854 0.19656334817409515 -0.07223035395145416
v -0.7335416078567505 0.19825667142868042 -0.07627617567777634
v -0.7442346811294556 0.19746096432209015 -0.06589303910732269
v -0.7529606223106384 0.1985328495502472 -0.067826047539711
v -0.762614369392395 0.1999868005514145 -0.06978614628314972
v -0.7387503385543823 0.19825832545757294 -0.05911203846335411
v -0.039384424686431885 0.4599588215351105 0.09571585059165955
v -0.03641929849982262 0.4609878361225128 0.0974869355559349
v -0.038470558822155 0.4536672830581665 0.09501007199287415
v -0.04096885398030281 0.4539763033390045 0.0934382900595665
v -0.03166469186544418 0.45372700691223145 0.09751126915216446
v -0.035667289048433304 0.45339784026145935 0.0966825857758522
v -0.031857945024967194 0.4616295397281647 0.09868088364601135
v -0.02658572793006897 0.4611966609954834 0.0984683409333229
v -0.01896171271800995 0.4570654332637787 0.095753014087677
v -0.0173137616366148 0.45568394660949707 0.09593150019645691
v -0.018151618540287018 0.45479756593704224 0.0963783860206604
v -0.020361611619591713 0.4547758996486664 0.09644121676683426
v -0.02395661175251007 0.4543772041797638 0.09739702939987183
v -0.04379399120807648 0.4565449655056 0.0910734310746193
v -0.04293312877416611 0.45771968364715576 0.09215254336595535
v -0.04144581779837608 0.4589225649833679 0.09385442733764648
v -0.027775650843977928 0.45407840609550476 0.09783819317817688
v -0.042802516371011734 0.4546598196029663 0.09185363352298737
v -0.04374336823821068 0.4554482102394104 0.09096597135066986
v -0.022166168317198753 0.4598352909088135 0.09693808853626251
v -0.03199298307299614 0.45614469051361084 0.0977330282330513
v -0.03579138219356537 0.4559587240219116 0.09672783315181732
v -0.032192327082157135 0.45903894305229187 0.09825027734041214
v -0.027525849640369415 0.4589628577232361 0.09834703058004379
v -0.021909199655056 0.4559933841228485 0.09685006737709045
v -0.024358466267585754 0.4561725854873657 0.09760338813066483
v -0.03866763785481453 0.45575109124183655 0.09514465183019638
v -0.027960268780589104 0.456337034702301 0.09807150065898895
v -0.03628676012158394 0.45854711532592773 0.09704665839672089
v -0.02361893653869629 0.45814943313598633 0.09760071337223053
v -0.02138683572411537 0.45708292722702026 0.0966862291097641
v -0.04308972507715225 0.4563204348087311 0.09164382517337799
v -0.043077487498521805 0.45588114857673645 0.09157951921224594
v -0.014797035604715347 0.21312522888183594 0.0673670768737793
v -0.015462096780538559 0.1974027156829834 0.07393960654735565
v -0.03902338445186615 0.45787590742111206 0.0953320860862732
v -0.04220675304532051 0.4557465612888336 0.09239604324102402
v -0.040739756077528 0.4557095170021057 0.09366423636674881
v -0.04094696044921875 0.4573172330856323 0.09369996190071106
v -0.04231048375368118 0.45677450299263 0.09243011474609375
v -0.28506121039390564 0.20736286044120789 0.01772485114634037
v -0.2844366133213043 0.2224312424659729 0.017663711681962013
v -0.28766342997550964 0.25549718737602234 -0.02084612101316452
v -0.284111350774765 0.25425365567207336 -0.041653651744127274
v -0.056452829390764236 -0.07609134167432785 0.11541064083576202
v -0.10558934509754181 -0.0291876383125782 -0.05595710128545761
v -0.10931261628866196 -0.008845279924571514 -0.060320548713207245
v -0.03593335300683975 -0.012736680917441845 -0.08167852461338043
v -0.05545048043131828 -0.016321837902069092 -0.08144883066415787
v -0.13091635704040527 -0.04680856689810753 0.041454654186964035
v -0.13104715943336487 -0.026890110224485397 0.040860891342163086
v -0.08996955305337906 -0.055528413504362106 0.08831283450126648
v -0.09116341918706894 -0.033760424703359604 0.08723074197769165
v -0.12088461965322495 -0.07009335607290268 0.061344683170318604
v -0.07432256639003754 -0.06254564970731735 -0.06841273605823517
v -0.09145320951938629 -0.06466840207576752 -0.060885488986968994
v -0.08917958289384842 -0.04500449076294899 -0.06302165985107422
v -0.07290235906839371 -0.041833989322185516 -0.0718793123960495
v -0.017261607572436333 -0.010398161597549915 -0.07651972770690918
v -0.017294449731707573 -0.033573757857084274 -0.07261081039905548
v -0.13947133719921112 -0.004258815199136734 0.020041728392243385
v -0.14128026366233826 -0.0024233530275523663 -0.0033313496969640255
v -0.12700895965099335 0.004612884484231472 -0.045442141592502594
v -0.11385037750005722 0.010435540229082108 -0.06220657005906105
v -0.09814997017383575 0.017888570204377174 -0.07433374226093292
v -0.08018406480550766 0.02546123042702675 -0.08284007757902145
v -0.0767432227730751 -0.011616433970630169 0.09882215410470963
v -0.05931363254785538 0.009464656002819538 0.10487531870603561
v -0.13133694231510162 -0.00600329227745533 0.04151444509625435
v -0.01966177672147751 -0.011171395890414715 0.1190633773803711
v -0.06457787752151489 0.05642462521791458 -0.09236948192119598
v -0.040821392089128494 0.059998854994773865 -0.09453807771205902
v -0.1367446780204773 0.0005959515110589564 -0.02548164874315262
v -0.029747093096375465 0.1550535410642624 0.09133367985486984
v -0.04636407643556595 0.15812957286834717 0.09019383043050766
v -0.045222677290439606 0.14277324080467224 0.09739856421947479
v -0.028729643672704697 0.13916143774986267 0.09758174419403076
v -0.06087694689631462 0.14463141560554504 0.09645870327949524
v -0.07612300664186478 0.14549744129180908 0.09445241093635559
v -0.09018910676240921 0.14560294151306152 0.09144043177366257
v -0.12330036610364914 0.1415465623140335 0.07783002406358719
v -0.11381478607654572 0.143495112657547 0.0829879492521286
v -0.13680040836334229 0.13359752297401428 0.06451688706874847
v -0.13098256289958954 0.13854043185710907 0.07174888253211975
v -0.13964539766311646 0.12454534322023392 0.054809775203466415
v -0.1402202993631363 0.11404150724411011 0.042905014008283615
v -0.14587552845478058 0.11614964157342911 0.02532890811562538
v -0.1426229625940323 0.10319662094116211 0.0309388916939497
v -0.13691681623458862 0.1011686846613884 0.049061305820941925
v -0.13536013662815094 0.11219605058431625 0.06009526550769806
v -0.132048562169075 0.12055251002311707 0.06957986205816269
v -0.014647752046585083 0.07477456331253052 0.1058279424905777
v -0.012644011527299881 0.09863549470901489 0.10485748946666718
v -0.013365287333726883 0.22815179824829102 0.06123973801732063
v -0.4995269179344177 0.20169708132743835 -0.06658145785331726
v -0.6250647306442261 0.22937889397144318 -0.011554785072803497
v -0.016132935881614685 0.2437652200460434 -0.0781855434179306
v -0.03129638358950615 0.24912741780281067 -0.0798395648598671
v -0.0819784626364708 0.26771748065948486 -0.06967315077781677
v -0.0954185277223587 0.2792125940322876 -0.05318176746368408
v -0.06359823793172836 0.25635233521461487 -0.07989758998155594
v -0.04709859564900398 0.24604319036006927 -0.08397015184164047
v -0.11828290671110153 0.01242895144969225 0.05980827659368515
v -0.03366047888994217 0.21330386400222778 -0.08982300758361816
v -0.04884190112352371 0.2345055341720581 -0.08852382004261017
v -0.06670186668634415 0.24523770809173584 -0.0857228934764862
v -0.08628715574741364 0.25749844312667847 -0.07625597715377808
v -0.10656840354204178 0.27116888761520386 -0.05937783420085907
v -0.12236997485160828 0.2715819478034973 -0.05323919653892517
v -0.1439974308013916 0.25650763511657715 -0.058342866599559784
v -0.1536019891500473 0.2569064199924469 -0.053968243300914764
v -0.16393440961837769 0.2585577964782715 -0.05088070034980774
v -0.16573496162891388 0.2719546854496002 -0.03696070611476898
v -0.1547127068042755 0.2706141173839569 -0.04000281170010567
v -0.2504720985889435 0.25428876280784607 -0.04827434569597244
v -0.2651353180408478 0.2488267868757248 -0.05237768217921257
v -0.2739100456237793 0.2405283898115158 -0.05866242200136185
v -0.27816519141197205 0.230015367269516 -0.06385339051485062
v -0.2771337032318115 0.21815970540046692 -0.0673736184835434
v -0.27106723189353943 0.20627962052822113 -0.06848179548978806
v -0.259335458278656 0.19623439013957977 -0.0667589008808136
v -0.21935288608074188 0.1770986020565033 -0.05783390626311302
v -0.20490843057632446 0.1695115566253662 -0.05486517772078514
v -0.17322130501270294 0.13089619576931 -0.05429806560277939
v -0.16504648327827454 0.12287470698356628 -0.0563734769821167
v -0.14538420736789703 0.097324438393116 -0.06482604891061783
v -0.13511495292186737 0.08422422409057617 -0.06877173483371735
v -0.12433559447526932 0.06948757916688919 -0.07312373071908951
v -0.09312023967504501 -0.1591988205909729 -0.07570551335811615
v -0.11118724942207336 -0.15715770423412323 -0.06613197922706604
v -0.10587991029024124 -0.14111922681331635 -0.061148062348365784
v -0.08776268362998962 -0.14224873483181 -0.06904672831296921
v -0.04244657978415489 -0.10608591139316559 -0.06969576328992844
v -0.02216789312660694 -0.10763479769229889 -0.0686042383313179
v -0.14561805129051208 -0.14095735549926758 -0.010804113000631332
v -0.14891965687274933 -0.1444447785615921 0.012049580924212933
v -0.12256847321987152 -0.13983960449695587 -0.048293232917785645
v -0.136112242937088 -0.13960528373718262 -0.031413741409778595
v -0.14635413885116577 -0.1498580276966095 0.033943526446819305
v -0.09348944574594498 -0.18061888217926025 0.09938406944274902
v -0.0748673528432846 -0.1863112449645996 0.11015874147415161
v -0.03780447319149971 -0.19382360577583313 0.12454942613840103
v -0.02039172500371933 -0.19569964706897736 0.12825997173786163
v -0.13976101577281952 -0.15741747617721558 0.05397435650229454
v -0.05603628605604172 -0.19058094918727875 0.11848670244216919
v -0.12812215089797974 -0.16601818799972534 0.07158049941062927
v -0.1117967888712883 -0.1739482879638672 0.08638859540224075
v -0.06177530810236931 -0.10507813096046448 -0.06857825815677643
v -0.0652710497379303 -0.12570565938949585 -0.06960778683423996
v -0.08375977724790573 -0.1244143471121788 -0.06616001576185226
v -0.03824301064014435 0.12355387210845947 -0.10398170351982117
v -0.05783862620592117 0.1270214021205902 -0.10634110867977142
v -0.07763176411390305 0.13192151486873627 -0.10675986856222153
v -0.09159919619560242 0.15509968996047974 -0.10561113059520721
v -0.09592028707265854 0.13856357336044312 -0.10394936800003052
v -0.11284773051738739 0.1461174041032791 -0.09772069752216339
v -0.10827495902776718 0.16280052065849304 -0.09955111145973206
v -0.13854731619358063 0.17839422821998596 -0.08395253121852875
v -0.14104138314723969 0.1638508290052414 -0.08123850077390671
v -0.15190070867538452 0.1714535504579544 -0.07717769593000412
v -0.15000899136066437 0.18546783924102783 -0.08010692894458771
v -0.16230635344982147 0.1782243847846985 -0.07477843016386032
v -0.17160595953464508 0.1831592470407486 -0.07157958298921585
v -0.18269802629947662 0.18832339346408844 -0.0686301589012146
v -0.19595621526241302 0.19351674616336823 -0.0680948793888092
v -0.19088678061962128 0.21549668908119202 -0.07182014733552933
v -0.1789051741361618 0.2105640321969986 -0.07335618883371353
v -0.13705432415008545 0.1944359838962555 -0.08505155891180038
v -0.12156855314970016 0.18739672005176544 -0.0914916843175888
v -0.03611037880182266 0.1561998426914215 -0.10123654454946518
v -0.018242869526147842 0.15198276937007904 -0.09694871306419373
v -0.14796969294548035 0.09715412557125092 0.017815200611948967
v -0.15374694764614105 0.09207940101623535 0.00362872751429677
v -0.158247709274292 0.0899289920926094 -0.010736793279647827
v -0.15964002907276154 0.09075821936130524 -0.024378065019845963
v -0.15930774807929993 0.09414336085319519 -0.038048453629016876
v -0.15623775124549866 0.0994933694601059 -0.05041109770536423
v -0.1580897569656372 0.11514784395694733 -0.058914124965667725
v -0.15191945433616638 0.1069757491350174 -0.06146581470966339
v -0.15446501970291138 0.12480218708515167 -0.06702996790409088
v -0.14705869555473328 0.11643599718809128 -0.07107522338628769
v -0.1411920040845871 0.12767444550991058 -0.07885707169771194
v -0.1341494917869568 0.14031465351581573 -0.0850955992937088
v -0.12789854407310486 0.1549401581287384 -0.08916869014501572
v -0.1237713024020195 0.17076991498470306 -0.09139444679021835
v -0.10585276782512665 0.1803140640258789 -0.09903856366872787
v -0.08938875049352646 0.17278070747852325 -0.10444247722625732
v -0.07064082473516464 0.18367792665958405 -0.10427132248878479
v -0.06970782577991486 0.20016178488731384 -0.1002630740404129
v -0.07181840389966965 0.16639089584350586 -0.1071561947464943
v -0.07330089807510376 0.14923475682735443 -0.1084349974989891
v -0.07000551372766495 0.2903711199760437 -0.053105149418115616
v -0.05492441728711128 0.2831399440765381 -0.06361173838376999
v -0.2475792020559311 0.20737503468990326 -0.06838129460811615
v -0.24566273391246796 0.20167943835258484 -0.06793306022882462
v -0.2513563632965088 0.20020078122615814 -0.0677105188369751
v -0.2580638527870178 0.2078130543231964 -0.06833310425281525
v -0.2617570161819458 0.21729834377765656 -0.0678713470697403
v -0.24800355732440948 0.22382791340351105 -0.06713718175888062
v -0.24912148714065552 0.21536952257156372 -0.06830374896526337
v -0.26183396577835083 0.22720515727996826 -0.06566789001226425
v -0.2582499086856842 0.23626238107681274 -0.06231321394443512
v -0.24504481256008148 0.23203493654727936 -0.06484386324882507
v -0.2518710792064667 0.24368703365325928 -0.058486755937337875
v -0.24096451699733734 0.23912881314754486 -0.06202929839491844
v -0.24236050248146057 0.24844640493392944 -0.05562635138630867
v -0.237077534198761 0.24359774589538574 -0.059467338025569916
v -0.20241157710552216 0.23983325064182281 -0.06423628330230713
v -0.2152223438024521 0.2418188899755478 -0.06233705207705498
v -0.22801217436790466 0.2428404986858368 -0.0605507530272007
v -0.2104201316833496 0.19925141334533691 -0.06841661036014557
v -0.22417081892490387 0.2062835544347763 -0.06888942420482635
v -0.23683609068393707 0.21201759576797485 -0.06895729899406433
v -0.23514993488788605 0.21996037662029266 -0.06850764900445938
v -0.22201599180698395 0.21453119814395905 -0.0693281963467598
v -0.20818302035331726 0.2084304541349411 -0.07012909650802612
v -0.036347854882478714 0.14058828353881836 -0.10374093800783157
v -0.05445059761404991 0.14468085765838623 -0.1074657291173935
v -0.16052263975143433 0.19069130718708038 -0.07729291915893555
v -0.16999199986457825 0.19442307949066162 -0.07455922663211823
v -0.18039460480213165 0.1979130655527115 -0.07175452262163162
v -0.19325947761535645 0.20347481966018677 -0.07081837952136993
v -0.16902537643909454 0.2070039063692093 -0.07571783661842346
v -0.15924176573753357 0.20369262993335724 -0.07832115143537521
v -0.1485665887594223 0.19969692826271057 -0.08123601973056793
v -0.0539293996989727 0.16102002561092377 -0.10591394454240799
v -0.018445415422320366 0.13725878298282623 -0.1002369076013565
v -0.17258504033088684 0.24044351279735565 0.03895427659153938
v -0.17168372869491577 0.26457399129867554 0.027602218091487885
v -0.171467125415802 0.2792021632194519 0.007329216692596674
v -0.16907945275306702 0.2811274528503418 -0.016488634049892426
v -0.4181334674358368 0.17801518738269806 -0.02938368171453476
v -0.018106406554579735 -0.05725827068090439 -0.06970972567796707
v -0.019971752539277077 -0.081395722925663 -0.06793730705976486
v -0.03937891498208046 -0.08169050514698029 -0.07071948051452637
v -0.019429408013820648 0.06087639555335045 -0.09208721667528152
v -0.019125085324048996 0.12136189639568329 -0.10181580483913422
v -0.0972415879368782 0.11610455811023712 0.09964834153652191
v -0.08621638268232346 0.11697514355182648 0.10362476110458374
v -0.08792868256568909 0.13112212717533112 0.0980307012796402
v -0.09963976591825485 0.13044889271259308 0.09412381052970886
v -0.11507992446422577 0.1143488883972168 0.08905578404664993
v -0.10693905502557755 0.11534306406974792 0.09489157795906067
v -0.11000243574380875 0.12943346798419952 0.0892987921833992
v -0.11884454637765884 0.12788228690624237 0.08382377028465271
v -0.12206900119781494 0.1120731309056282 0.08265464007854462
v -0.12626461684703827 0.12531207501888275 0.0774274542927742
v -0.10428463667631149 0.10042700171470642 0.09919675439596176
v -0.09524281322956085 0.10121427476406097 0.10446716099977493
v -0.08446112275123596 0.10230676084756851 0.10798613727092743
v -0.11819184571504593 0.09878253936767578 0.08675038069486618
v -0.1119193360209465 0.0999041423201561 0.09309051185846329
v -0.004982577171176672 0.3386543095111847 0.09656418859958649
v -0.0055783470161259174 0.34338051080703735 0.11135357618331909
v -0.0010283277370035648 0.38653239607810974 0.12412535399198532
v -0.0006763598648831248 0.39106038212776184 0.12207214534282684
v -0.010249866172671318 0.25040096044540405 0.04985587298870087
v -0.009183157235383987 0.2616874575614929 0.04928041994571686
v -0.012706526555120945 0.11803348362445831 0.10182809084653854
v -0.013628569431602955 0.15064822137355804 0.09166760742664337
v -0.014799460768699646 0.16513505578041077 0.08529462665319443
v -0.015365395694971085 0.18105503916740417 0.07977072894573212
v -0.012138220481574535 0.24019968509674072 0.05498553439974785
v -0.013151817955076694 0.13459013402462006 0.09708265960216522
v -0.16037507355213165 -0.3232283890247345 -0.05684776231646538
v -0.14251039922237396 -0.3388555645942688 -0.07494406402111053
v -0.147925466299057 -0.31388384103775024 -0.07154130190610886
v -0.13446353375911713 -0.3256809711456299 -0.08418573439121246
v -0.1561775654554367 -0.2456340789794922 -0.046136196702718735
v -0.1559733897447586 -0.27164557576179504 -0.05327028036117554
v -0.15630324184894562 -0.21861319243907928 -0.0423944890499115
v -0.1148257851600647 -0.3329898715019226 -0.095965176820755
v -0.08978717029094696 -0.33532482385635376 -0.10484541952610016
v -0.08719310909509659 -0.31727689504623413 -0.10970112681388855
v -0.14153194427490234 -0.22154337167739868 -0.0643654391169548
v -0.14202332496643066 -0.2479015588760376 -0.06797195225954056
v -0.13955499231815338 -0.30897924304008484 -0.07854737341403961
v -0.1541575789451599 -0.2950764000415802 -0.06158014014363289
v -0.14121486246585846 -0.2944941222667694 -0.07634387165307999
v -0.11122539639472961 -0.31677842140197754 -0.10061415284872055
v -0.12897682189941406 -0.3133520483970642 -0.08868619054555893
v -0.05397985130548477 -0.1630917191505432 -0.08473773300647736
v -0.03138744831085205 -0.18193461000919342 -0.09427371621131897
v -0.057755909860134125 -0.18218554556369781 -0.09325702488422394
v -0.12811028957366943 -0.15566395223140717 -0.0520540252327919
v -0.11726777255535126 -0.1765769124031067 -0.07282180339097977
v -0.12708207964897156 -0.29617875814437866 -0.08997947722673416
v -0.10849593579769135 -0.2969231903553009 -0.10270775109529495
v -0.08494100719690323 -0.29621508717536926 -0.1126551628112793
v -0.08463713526725769 -0.22449874877929688 -0.10577070713043213
v -0.08445506542921066 -0.2481825053691864 -0.11138764023780823
v -0.10645998269319534 -0.24990710616111755 -0.10137991607189178
v -0.10637949407100677 -0.22461439669132233 -0.09642761200666428
v -0.12213093787431717 -0.19854822754859924 -0.0786193236708641
v -0.12495897710323334 -0.223888099193573 -0.0826466828584671
v -0.08299680799245834 -0.20151032507419586 -0.0983913242816925
v -0.10377585142850876 -0.20005588233470917 -0.09043532609939575
v -0.09888199716806412 -0.17857281863689423 -0.0833161249756813
v -0.12567652761936188 -0.24993804097175598 -0.08647216856479645
v -0.0564807690680027 -0.27134445309638977 -0.11844991147518158
v -0.08422845602035522 -0.27298715710639954 -0.11365071684122086
v -0.02768530696630478 -0.26944994926452637 -0.11549869924783707
v -0.07943666726350784 -0.18046800792217255 -0.08967602998018265
v -0.07421897351741791 -0.16118332743644714 -0.08122694492340088
v -0.06915789842605591 -0.14327144622802734 -0.07395391166210175
v -0.05876631662249565 -0.0824546366930008 -0.06911703199148178
v -0.11267708986997604 -0.5714000463485718 0.0802183449268341
v -0.0011353848967701197 -0.370858758687973 0.02674832008779049
v -0.001364200608804822 -0.36172330379486084 0.0029580220580101013
v -0.17284686863422394 -0.28861039876937866 0.05468728393316269
v -0.18000198900699615 -0.3050927221775055 -0.0159478597342968
v -0.16774874925613403 -0.29904705286026 -0.04115113615989685
v -0.026973921805620193 -0.37260597944259644 0.0817406177520752
v -0.012073666788637638 -0.37706872820854187 0.06311504542827606
v -0.15407375991344452 -0.29810672998428345 0.0795891210436821
v -0.10147856175899506 -0.3476119041442871 0.11069656908512115
v -0.004228679463267326 -0.37656641006469727 0.045977696776390076
v -0.1416088193655014 -0.2727952301502228 -0.07205194979906082
v -0.12621352076530457 -0.2749178409576416 -0.08871734142303467
v -0.10721427947282791 -0.27472519874572754 -0.10281883180141449
v -0.05709825083613396 -0.2941381633281708 -0.11706393957138062
v -0.026988735422492027 -0.29028335213661194 -0.11323367804288864
v -0.017363175749778748 -0.3181089758872986 0.10781621932983398
v -0.015200152061879635 -0.3102909326553345 0.11507714539766312
v -0.008158291690051556 -0.3119649887084961 0.11538530886173248
v -0.007519800215959549 -0.3240610659122467 0.10592897981405258
v -0.09358560293912888 -0.19974888861179352 0.09978878498077393
v -0.07324278354644775 -0.20576797425746918 0.10924666374921799
v -0.03529549390077591 -0.21346260607242584 0.12270160764455795
v -0.01862187683582306 -0.21538706123828888 0.12609200179576874
v -0.1454412192106247 -0.17465932667255402 0.05634056031703949
v -0.05353226512670517 -0.21013541519641876 0.11717874556779861
v -0.1329578459262848 -0.18377868831157684 0.07420983165502548
v -0.11445770412683487 -0.19239625334739685 0.08813927322626114
v -0.07632221281528473 -1.0310865640640259 -0.03404736891388893
v -0.0770183801651001 -1.0617557764053345 -0.02940055914223194
v -0.07736653089523315 -1.059525728225708 -0.04379769787192345
v -0.07296091318130493 -1.0287208557128906 -0.04751395061612129
v -0.08575857430696487 -1.0233099460601807 -0.0737539678812027
v -0.07608939707279205 -1.0256242752075195 -0.06654826551675797
v -0.099114790558815 -1.0231513977050781 -0.0757838562130928
v -0.09736134856939316 -1.054530382156372 -0.07483158260583878
v -0.10849354416131973 -1.055767297744751 -0.06838919222354889
v -0.1120307520031929 -1.0247694253921509 -0.07189618796110153
v -0.12155593186616898 -1.026053786277771 -0.06377366930246353
v -0.1249827966094017 -1.0583492517471313 -0.0502510666847229
v -0.1273702085018158 -1.0588492155075073 -0.032837748527526855
v -0.1325729936361313 -1.0291931629180908 -0.03541036695241928
v -0.12827809154987335 -1.0274332761764526 -0.05276919901371002
v -0.12894964218139648 -1.0342086553573608 -0.015525061637163162
v -0.12377756834030151 -1.0629267692565918 -0.013171643950045109
v -0.11434431374073029 -1.0375347137451172 -0.004769962280988693
v -0.08204180002212524 -1.0348068475723267 -0.019449790939688683
v -0.08027409017086029 -1.064408540725708 -0.013166702352464199
v -0.08468520641326904 -1.0547351837158203 -0.07389197498559952
v -0.0771404579281807 -1.0569920539855957 -0.0637412741780281
v -0.07178621739149094 -1.0276421308517456 -0.05718633159995079
v -0.07727349549531937 -1.0582371950149536 -0.0536520890891552
v -0.07530338317155838 -1.0895487070083618 -0.038209203630685806
v -0.07064040005207062 -1.0905240774154663 -0.022795747965574265
v -0.0842682346701622 -1.0845803022384644 -0.0740378275513649
v -0.08151359856128693 -1.0866572856903076 -0.06006163731217384
v -0.10460607707500458 -1.0852842330932617 -0.06463546305894852
v -0.09623490273952484 -1.0839462280273438 -0.0760439783334732
v -0.12578392028808594 -1.087628722190857 -0.04802200570702553
v -0.11779788881540298 -1.0569899082183838 -0.06052011623978615
v -0.11623632907867432 -1.0865365266799927 -0.05742768198251724
v -0.1277817040681839 -1.087328553199768 -0.030460968613624573
v -0.1223369687795639 -1.0896012783050537 -0.007562519051134586
v -0.07471466809511185 -1.0916112661361694 -0.004989098757505417
v -0.07968460768461227 -1.0884681940078735 -0.049136824905872345
v -0.127790167927742 -1.1853973865509033 0.1526993066072464
v -0.12063121050596237 -1.1860147714614868 0.1547819972038269
v -0.12234902381896973 -1.1806749105453491 0.15330593287944794
v -0.1268528252840042 -1.180895209312439 0.15213502943515778
v -0.09052789956331253 -1.1834162473678589 0.1655651181936264
v -0.07858926057815552 -1.186569333076477 0.1638469696044922
v -0.08085642755031586 -1.1748329401016235 0.16612178087234497
v -0.08923559635877609 -1.173500657081604 0.16728676855564117
v -0.1071467325091362 -1.185733437538147 0.16365572810173035
v -0.1150309219956398 -1.1859111785888672 0.16266468167304993
v -0.1124923825263977 -1.1895861625671387 0.15963397920131683
v -0.10764246433973312 -1.1891882419586182 0.16037531197071075
v -0.14666777849197388 -1.184246301651001 0.12091757357120514
v -0.15199682116508484 -1.1849746704101562 0.11787288635969162
v -0.15047569572925568 -1.188496470451355 0.11651653051376343
v -0.14666101336479187 -1.1888285875320435 0.11847510188817978
v -0.13470835983753204 -1.1860954761505127 0.14039671421051025
v -0.14036771655082703 -1.1868815422058105 0.13731561601161957
v -0.13848629593849182 -1.1901999711990356 0.13556316494941711
v -0.1347494125366211 -1.1907416582107544 0.13734936714172363
v -0.09123289585113525 -1.1695481538772583 0.14359094202518463
v -0.09157852083444595 -1.1708037853240967 0.1581023633480072
v -0.0785147175192833 -1.171958327293396 0.156620055437088
v -0.07669567316770554 -1.1675163507461548 0.14227285981178284
v -0.07193129509687424 -1.1813256740570068 0.15323029458522797
v -0.07927095144987106 -1.1869993209838867 0.15036378800868988
v -0.07730908691883087 -1.1874257326126099 0.13594721257686615
v -0.07013045251369476 -1.1791441440582275 0.137565016746521
v -0.09121458977460861 -1.1876659393310547 0.15157216787338257
v -0.09042587131261826 -1.188011646270752 0.13823676109313965
v -0.09786687791347504 -1.1807180643081665 0.14158019423484802
v -0.09980659186840057 -1.1800527572631836 0.1565384864807129
v -0.11596722155809402 -1.1811422109603882 0.1420745849609375
v -0.1192803829908371 -1.18376624584198 0.15421131253242493
v -0.11424864083528519 -1.1772003173828125 0.1556926667690277
v -0.11168763041496277 -1.1735923290252686 0.1428881734609604
v -0.10608335584402084 -1.1772575378417969 0.15732617676258087
v -0.10097923874855042 -1.173481822013855 0.14505906403064728
v -0.0971837118268013 -1.1830906867980957 0.14408141374588013
v -0.09987278282642365 -1.1836448907852173 0.15790607035160065
v -0.10442858934402466 -1.1888797283172607 0.15366306900978088
v -0.10156020522117615 -1.188634991645813 0.14037540555000305
v -0.11045347154140472 -1.1884980201721191 0.13971514999866486
v -0.11329866200685501 -1.1895383596420288 0.15215028822422028
v -0.1281680166721344 -1.1744511127471924 0.13469301164150238
v -0.12794345617294312 -1.178925633430481 0.14611850678920746
v -0.1203816756606102 -1.179132342338562 0.1474660485982895
v -0.11800940334796906 -1.1750779151916504 0.1374809741973877
v -0.11558552831411362 -1.1865768432617188 0.1482100933790207
v -0.1206403598189354 -1.1900842189788818 0.14606621861457825
v -0.11855478584766388 -1.1891486644744873 0.13540135324001312
v -0.11393119394779205 -1.1847002506256104 0.13838604092597961
v -0.12772983312606812 -1.1885977983474731 0.13349424302577972
v -0.12758572399616241 -1.1905956268310547 0.14471347630023956
v -0.13255621492862701 -1.180845856666565 0.13501858711242676
v -0.13216447830200195 -1.1847176551818848 0.14542609453201294
v -0.1457768976688385 -1.181725025177002 0.12032442539930344
v -0.1441533863544464 -1.1858186721801758 0.13023880124092102
v -0.14183808863162994 -1.1802316904067993 0.13152983784675598
v -0.14293821156024933 -1.175255537033081 0.12101954966783524
v -0.1359049379825592 -1.1792871952056885 0.13368263840675354
v -0.13534726202487946 -1.1754931211471558 0.12543518841266632
v -0.13121819496154785 -1.1835086345672607 0.13477559387683868
v -0.1330249309539795 -1.190672755241394 0.13225655257701874
v -0.13352923095226288 -1.1890286207199097 0.12389591336250305
v -0.13183873891830444 -1.1810994148254395 0.12791283428668976
v -0.13971799612045288 -1.1911760568618774 0.129834845662117
v -0.14130087196826935 -1.1891266107559204 0.11978223919868469
v -0.155030757188797 -1.1754359006881714 0.10338379442691803
v -0.15655581653118134 -1.1818681955337524 0.1008903756737709
v -0.15547844767570496 -1.1838432550430298 0.11060497164726257
v -0.15358172357082367 -1.1784707307815552 0.11181671917438507
v -0.14834000170230865 -1.177652359008789 0.1149897426366806
v -0.14885230362415314 -1.1747697591781616 0.1086532324552536
v -0.14434285461902618 -1.182213544845581 0.1156950294971466
v -0.1448509395122528 -1.1893032789230347 0.11338319629430771
v -0.14556962251663208 -1.1883203983306885 0.1072150468826294
v -0.14604473114013672 -1.1803951263427734 0.11047264188528061
v -0.15148423612117767 -1.1893147230148315 0.1109413430094719
v -0.15192709863185883 -1.1875940561294556 0.10258059203624725
v -0.07626231014728546 -1.1643104553222656 0.12742605805397034
v -0.09424129873514175 -1.1695870161056519 0.12915682792663574
v -0.08177080750465393 -1.1868433952331543 0.15955829620361328
v -0.06982830166816711 -1.1776890754699707 0.12249952554702759
v -0.08827311545610428 -1.1872498989105225 0.1600864678621292
v -0.09394713491201401 -1.188219666481018 0.12575702369213104
v -0.07776714861392975 -1.1874115467071533 0.12090444564819336
v -0.09617999941110611 -1.1810222864151 0.13511383533477783
v -0.1138482615351677 -1.180429458618164 0.162184938788414
v -0.11337891966104507 -1.1825987100601196 0.13249792158603668
v -0.11276240646839142 -1.188910961151123 0.12351848930120468
v -0.10904382914304733 -1.1803975105285645 0.16308914124965668
v -0.11211001127958298 -1.1712560653686523 0.1262616217136383
v -0.12893272936344147 -1.172731637954712 0.1164839044213295
v -0.1222287192940712 -1.1900596618652344 0.15190467238426208
v -0.1258818805217743 -1.190347671508789 0.15094521641731262
v -0.13023224472999573 -1.1892164945602417 0.1159384474158287
v -0.13249309360980988 -1.1801280975341797 0.1257006824016571
v -0.14018677175045013 -1.1827843189239502 0.13718047738075256
v -0.1467689722776413 -1.1799557209014893 0.11069334298372269
v -0.14384953677654266 -1.1889467239379883 0.10410204529762268
v -0.13682161271572113 -1.181881308555603 0.1383531540632248
v -0.14464883506298065 -1.171642541885376 0.10449415445327759
v -0.151240736246109 -1.1813410520553589 0.11687660217285156
v -0.15834420919418335 -1.179290771484375 0.08939675986766815
v -0.15323518216609955 -1.1876593828201294 0.09242656826972961
v -0.14844153821468353 -1.1805375814437866 0.11882157623767853
v -0.15574467182159424 -1.171550989151001 0.09308949112892151
v -0.08978531509637833 -1.037901759147644 -0.007466047536581755
v -0.08813054859638214 -1.0661460161209106 -0.0010657752864062786
v -0.10028427839279175 -1.0395644903182983 -0.0023408951237797737
v -0.1107107549905777 -1.0662554502487183 -0.0013571674935519695
v -0.09839016944169998 -1.0680618286132812 0.0024754346814006567
v -0.08545532822608948 -1.0921440124511719 0.008288590237498283
v -0.10914893448352814 -1.0927306413650513 0.005741261877119541
v -0.09675978124141693 -1.0925747156143188 0.012097363360226154
v -0.12766101956367493 -1.108865737915039 -0.04981527104973793
v -0.13065122067928314 -1.1101489067077637 -0.030998600646853447
v -0.11430417746305466 -1.107962965965271 -0.05732981488108635
v -0.0971078872680664 -1.1061277389526367 -0.07979883253574371
v -0.10464537888765335 -1.1070690155029297 -0.06762277334928513
v -0.08301794528961182 -1.111965298652649 0.020133821293711662
v -0.07439214736223221 -1.1146118640899658 0.001316931564360857
v -0.09619840979576111 -1.110756516456604 0.026100581511855125
v -0.11210264265537262 -1.1111539602279663 0.018475135788321495
v -0.07088612020015717 -1.1593397855758667 0.11053230613470078
v -0.07100585848093033 -1.1584498882293701 0.08853837847709656
v -0.08550218492746353 -1.147764801979065 0.09169119596481323
v -0.08973045647144318 -1.1577047109603882 0.11095207929611206
v -0.10420722514390945 -1.1490483283996582 0.08663597702980042
v -0.10764732211828232 -1.1618708372116089 0.10588167607784271
v -0.12143769860267639 -1.1517747640609741 0.0788213387131691
v -0.12464127689599991 -1.1633037328720093 0.09761761128902435
v -0.13686543703079224 -1.1554054021835327 0.06976506859064102
v -0.14051899313926697 -1.1647593975067139 0.08759273588657379
v -0.15038113296031952 -1.1614044904708862 0.06106221303343773
v -0.15440727770328522 -1.166622281074524 0.07906926423311234
v -0.15916754305362701 -1.1710960865020752 0.05648304894566536
v -0.16136762499809265 -1.1756854057312012 0.07513020932674408
v -0.06554625928401947 -1.1769031286239624 0.10518568009138107
v -0.066816546022892 -1.1747360229492188 0.08397289365530014
v -0.07576672732830048 -1.1888959407806396 0.10241755098104477
v -0.076640285551548 -1.1888511180877686 0.080989770591259
v -0.09298022836446762 -1.1892502307891846 0.10101237148046494
v -0.092752605676651 -1.1891131401062012 0.07904747128486633
v -0.15402178466320038 -1.1845333576202393 0.05830777436494827
v -0.1545686423778534 -1.1877809762954712 0.07734306901693344
v -0.11100045591592789 -1.1894946098327637 0.09642168879508972
v -0.11040818691253662 -1.1879628896713257 0.07465045899152756
v -0.1276465356349945 -1.1905549764633179 0.08989317715167999
v -0.12693051993846893 -1.1885361671447754 0.06866256892681122
v -0.14196041226387024 -1.190546989440918 0.08297307789325714
v -0.14150120317935944 -1.188347578048706 0.06281834095716476
v -0.08155328780412674 -1.139731526374817 0.06781509518623352
v -0.10046583414077759 -1.1341594457626343 0.06662815809249878
v -0.1177392229437828 -1.1382012367248535 0.05773037672042847
v -0.13252070546150208 -1.1450828313827515 0.04735512658953667
v -0.14464649558067322 -1.1555259227752686 0.03800808638334274
v -0.15468508005142212 -1.1655189990997314 0.03379533812403679
v -0.13174138963222504 -1.131923794746399 0.018811840564012527
v -0.13950783014297485 -1.1519783735275269 0.011571112088859081
v -0.1471996009349823 -1.1635448932647705 0.009759023785591125
v -0.1358383148908615 -1.1493276357650757 -0.015106257051229477
v -0.14102454483509064 -1.1620159149169922 -0.014734228141605854
v -0.12815047800540924 -1.1475090980529785 -0.05737636983394623
v -0.13595858216285706 -1.1619186401367188 -0.059084322303533554
v -0.13786952197551727 -1.1606566905975342 -0.03909134492278099
v -0.13177116215229034 -1.147474765777588 -0.03906789422035217
v -0.13026945292949677 -1.1311970949172974 -0.010950601659715176
v -0.1280636489391327 -1.1290762424468994 -0.03578295558691025
v -0.12288060039281845 -1.1278315782546997 -0.052449580281972885
v -0.12073709815740585 -1.1625702381134033 -0.08312559872865677
v -0.13099496066570282 -1.162637710571289 -0.07292784005403519
v -0.12424348294734955 -1.147186517715454 -0.07055168598890305
v -0.11706987023353577 -1.1459226608276367 -0.08252968639135361
v -0.10214300453662872 -1.1472554206848145 -0.08992650359869003
v -0.10480042546987534 -1.164499044418335 -0.0878099799156189
v -0.08672336488962173 -1.1501082181930542 -0.0800829529762268
v -0.08835291117429733 -1.1670931577682495 -0.08042300492525101
v -0.11052200943231583 -1.1260827779769897 -0.07518728822469711
v -0.11619261652231216 -1.1275793313980103 -0.06378986686468124
v -0.099980428814888 -1.1255804300308228 -0.08428005129098892
v -0.08598600327968597 -1.1283704042434692 -0.07602392137050629
v -0.08357878029346466 -1.130447268486023 -0.05929161608219147
v -0.08201078325510025 -1.1520920991897583 -0.06185026094317436
v -0.08071509003639221 -1.1683813333511353 -0.06303707510232925
v -0.07191549986600876 -1.1560766696929932 0.0631563737988472
v -0.07212194055318832 -1.1696431636810303 0.059054501354694366
v -0.11587291210889816 -1.1235545873641968 0.037271372973918915
v -0.09701716899871826 -1.1215159893035889 0.045589495450258255
v -0.07906759530305862 -1.1301113367080688 0.037560030817985535
v -0.07128819823265076 -1.1527656316757202 0.03514726459980011
v -0.07635538280010223 -1.1669971942901611 0.03133760392665863
v -0.07886463403701782 -1.165998935699463 0.0059892404824495316
v -0.07162461429834366 -1.1534467935562134 0.008338581770658493
v -0.08045309782028198 -1.180614948272705 0.05588720738887787
v -0.08548182994127274 -1.1740449666976929 0.028960615396499634
v -0.08736929297447205 -1.1723603010177612 0.004012375138700008
v -0.0790538489818573 -1.1662739515304565 -0.015957286581397057
v -0.07331670075654984 -1.1531774997711182 -0.014400536194443703
v -0.07972507923841476 -1.1667158603668213 -0.03330308943986893
v -0.07724302262067795 -1.1522313356399536 -0.03218791261315346
v -0.07971642166376114 -1.1521800756454468 -0.04629155993461609
v -0.07938513904809952 -1.1675151586532593 -0.04745803400874138
v -0.07641152292490005 -1.132907748222351 -0.03280143812298775
v -0.07995713502168655 -1.1313140392303467 -0.04533708468079567
v -0.07218050956726074 -1.1347324848175049 -0.014936057850718498
v -0.07164411246776581 -1.1339335441589355 0.008420723490417004
v -0.15139934420585632 -1.1792526245117188 0.03524806350469589
v -0.1459142118692398 -1.1750187873840332 0.01106388308107853
v -0.13997599482536316 -1.1718401908874512 -0.013207091949880123
v -0.1367141306400299 -1.1721874475479126 -0.03734731301665306
v -0.13213598728179932 -1.1737252473831177 -0.05613844469189644
v -0.1267610490322113 -1.1743431091308594 -0.06805463135242462
v -0.10534096509218216 -1.1742167472839355 -0.08022747188806534
v -0.11847949773073196 -1.1740235090255737 -0.07716348022222519
v -0.0933767557144165 -1.1760503053665161 -0.07515384256839752
v -0.08747836947441101 -1.1780076026916504 -0.06114095821976662
v -0.08584918081760406 -1.1788033246994019 -0.048140302300453186
v -0.08662746846675873 -1.1746455430984497 -0.017778964713215828
v -0.0856170654296875 -1.1776292324066162 -0.03438104689121246
v -0.06952421367168427 -1.115062952041626 -0.018507512286305428
v -0.0729612484574318 -1.1132845878601074 -0.03570728003978729
v -0.07865996658802032 -1.1115552186965942 -0.04712642729282379
v -0.08524146676063538 -1.107682228088379 -0.07383579760789871
v -0.08333045989274979 -1.109550952911377 -0.05820905417203903
v -0.09419558197259903 -1.1844171285629272 0.053299546241760254
v -0.11096025258302689 -1.1835671663284302 0.04938806593418121
v -0.12685897946357727 -1.1839711666107178 0.04412296041846275
v -0.14038436114788055 -1.1835182905197144 0.039169106632471085
v -0.13765233755111694 -1.1795204877853394 0.01421297900378704
v -0.1258663386106491 -1.1802608966827393 0.017839699983596802
v -0.11116810142993927 -1.1804357767105103 0.02198387123644352
v -0.09660452604293823 -1.1781160831451416 0.0262348260730505
v -0.13264909386634827 -1.1774208545684814 -0.010088836774230003
v -0.12236088514328003 -1.1790443658828735 -0.006553050596266985
v -0.10956869274377823 -1.179561734199524 -0.003588919062167406
v -0.09725458174943924 -1.1774003505706787 0.0010241265408694744
v -0.09539812058210373 -1.1801029443740845 -0.021076228469610214
v -0.10614537447690964 -1.180915355682373 -0.026167407631874084
v -0.11742454767227173 -1.179770588874817 -0.02889588475227356
v -0.12744532525539398 -1.1774243116378784 -0.03305807709693909
v -0.12299779057502747 -1.1778379678726196 -0.05062130466103554
v -0.1134963259100914 -1.17961847782135 -0.045829638838768005
v -0.10318703949451447 -1.1810096502304077 -0.042338643223047256
v -0.09443003684282303 -1.181147813796997 -0.03803514316678047
v -0.1189984679222107 -1.177843689918518 -0.061131689697504044
v -0.1060602068901062 -1.178041696548462 -0.07242630422115326
v -0.11372283846139908 -1.1777534484863281 -0.06859495490789413
v -0.09825024753808975 -1.1796025037765503 -0.06986835598945618
v -0.09500272572040558 -1.1807019710540771 -0.060056671500205994
v -0.09423112124204636 -1.181298017501831 -0.049551330506801605
v -0.10206834226846695 -1.1806174516677856 -0.05229363217949867
v -0.10152552276849747 -1.180078387260437 -0.0600147470831871
v -0.11122022569179535 -1.1791969537734985 -0.055477648973464966
v -0.10864709317684174 -1.1787790060043335 -0.06260402500629425
v -0.101948082447052 -1.1793713569641113 -0.0658450648188591
v -0.10555747896432877 -1.1787394285202026 -0.06700650602579117
v -0.1223875880241394 -1.113477349281311 -0.001881808741018176
v -0.09981086850166321 -0.7472584843635559 0.03412861377000809
v -0.08581960946321487 -0.7438867092132568 0.02918589487671852
v -0.11593560129404068 -0.7462615966796875 0.035400502383708954
v -0.1278647631406784 -0.3082498610019684 0.09835575520992279
v -0.07318912446498871 -0.07615377753973007 0.10331396758556366
v -0.0756823718547821 -0.03389107808470726 0.10004324465990067
v -0.0737491175532341 -0.05542665347456932 0.10105602443218231
v -0.13111604750156403 -0.3411827087402344 0.10318516939878464
v -0.11935541778802872 -0.008584661409258842 0.059113990515470505
v -0.10273201018571854 0.14497821033000946 0.08758841454982758
v -0.07617510855197906 0.43842753767967224 0.016885247081518173
v -0.07422413676977158 0.43555235862731934 0.01578112319111824
v -0.07312197983264923 0.43243178725242615 0.01410640962421894
v -0.0724346712231636 0.4302062392234802 0.011203320696949959
v -0.07173582911491394 0.42839232087135315 0.00819249078631401
v -0.07030846178531647 0.42791327834129333 0.005285409279167652
v -0.07473371922969818 0.43334341049194336 0.011599810793995857
v -0.07225637882947922 0.43593260645866394 0.008805934339761734
v -0.07290758192539215 0.4371277391910553 0.010744553990662098
v -0.07524167746305466 0.43557870388031006 0.0131358802318573
f 2 3 1
f 1 3 4
f 3 2 5
f 5 2 6
f 3 7 4
f 4 7 8
f 10 11 9
f 9 11 12
f 14 15 13
f 13 15 16
f 18 19 17
f 17 19 20
f 22 23 21
f 21 23 24
f 26 18 25
f 25 18 17
f 27 28 17
f 17 28 25
f 30 31 29
f 29 31 32
f 34 35 33
f 33 35 36
f 21 24 37
f 37 24 38
f 40 31 39
f 39 31 38
f 34 33 28
f 28 33 25
f 41 42 44
f 44 42 43
f 36 45 33
f 33 45 25
f 46 47 49
f 49 47 48
f 51 52 50
f 50 52 53
f 55 53 54
f 54 53 52
f 57 58 56
f 56 58 59
f 61 62 60
f 60 62 63
f 65 66 64
f 64 66 67
f 69 70 68
f 68 70 71
f 65 73 72
f 72 73 74
f 64 75 65
f 65 75 73
f 77 78 76
f 76 78 79
f 80 81 83
f 83 81 82
f 81 85 84
f 84 85 86
f 88 89 87
f 87 89 69
f 88 87 90
f 90 87 91
f 93 94 92
f 92 94 95
f 96 84 43
f 43 84 44
f 51 98 97
f 97 98 86
f 97 99 51
f 51 99 52
f 54 52 100
f 100 52 99
f 58 101 59
f 59 101 102
f 62 103 63
f 63 103 104
f 105 106 6
f 6 106 5
f 108 109 107
f 107 109 110
f 112 113 111
f 111 113 114
f 116 117 115
f 115 117 118
f 120 121 119
f 119 121 122
f 124 125 123
f 123 125 126
f 128 129 127
f 127 129 130
f 130 131 127
f 127 131 132
f 134 1 133
f 133 1 135
f 1 4 135
f 135 4 136
f 4 8 136
f 136 8 137
f 138 139 15
f 15 139 140
f 140 139 141
f 141 139 142
f 144 57 143
f 143 57 56
f 145 146 141
f 141 146 147
f 146 149 148
f 148 149 150
f 152 153 151
f 151 153 154
f 141 147 140
f 140 147 155
f 157 11 156
f 156 11 158
f 160 161 159
f 159 161 162
f 164 165 163
f 163 165 166
f 165 160 166
f 166 160 159
f 168 169 167
f 167 169 170
f 169 171 170
f 170 171 172
f 149 173 150
f 150 173 174
f 175 176 149
f 149 176 173
f 178 172 177
f 177 172 171
f 180 181 179
f 179 181 182
f 184 180 183
f 183 180 179
f 186 187 185
f 185 187 188
f 190 191 189
f 189 191 192
f 7 193 8
f 8 193 194
f 196 162 195
f 195 162 161
f 197 168 198
f 198 168 167
f 181 199 182
f 182 199 200
f 202 203 201
f 201 203 204
f 187 186 205
f 205 186 206
f 208 209 207
f 207 209 210
f 212 213 211
f 211 213 214
f 215 216 218
f 218 216 217
f 220 209 219
f 219 209 208
f 204 186 221
f 221 186 185
f 201 204 222
f 222 204 221
f 223 211 220
f 220 211 209
f 224 225 214
f 214 225 210
f 203 206 204
f 204 206 186
f 227 187 226
f 226 187 205
f 27 228 21
f 21 228 22
f 230 231 229
f 229 231 232
f 234 235 233
f 233 235 236
f 238 239 237
f 237 239 240
f 119 122 118
f 118 122 115
f 112 242 241
f 241 242 243
f 98 51 244
f 244 51 50
f 245 138 14
f 14 138 15
f 11 10 158
f 158 10 246
f 89 85 69
f 69 85 70
f 11 157 12
f 12 157 247
f 249 164 248
f 248 164 163
f 177 250 178
f 178 250 251
f 253 254 252
f 252 254 255
f 187 227 188
f 188 227 256
f 212 257 213
f 213 257 258
f 260 134 259
f 259 134 133
f 165 164 135
f 135 164 133
f 160 165 136
f 136 165 135
f 136 137 160
f 160 137 161
f 137 261 161
f 161 261 195
f 263 264 262
f 262 264 265
f 13 16 266
f 266 16 267
f 268 267 155
f 155 267 16
f 147 269 155
f 155 269 268
f 162 196 167
f 167 196 198
f 167 170 162
f 162 170 159
f 170 172 159
f 159 172 166
f 172 178 166
f 166 178 163
f 178 251 163
f 163 251 248
f 168 270 169
f 169 270 271
f 272 273 171
f 171 273 177
f 271 272 169
f 169 272 171
f 168 197 270
f 270 197 274
f 250 177 275
f 275 177 273
f 277 45 276
f 276 45 278
f 280 281 279
f 279 281 282
f 284 104 283
f 283 104 103
f 285 215 286
f 286 215 218
f 288 289 287
f 287 289 290
f 291 80 66
f 66 80 83
f 293 294 292
f 292 294 295
f 73 91 74
f 74 91 87
f 91 73 92
f 92 73 75
f 279 77 280
f 280 77 76
f 80 291 70
f 70 291 71
f 277 47 96
f 96 47 82
f 297 175 296
f 296 175 149
f 299 154 298
f 298 154 153
f 225 300 210
f 210 300 207
f 224 301 206
f 206 301 205
f 210 209 214
f 214 209 211
f 226 205 302
f 302 205 301
f 304 305 303
f 303 305 306
f 308 309 307
f 307 309 310
f 72 291 65
f 65 291 66
f 66 83 67
f 67 83 46
f 312 313 311
f 311 313 314
f 316 317 315
f 315 317 36
f 29 318 35
f 35 318 319
f 321 32 320
f 320 32 322
f 311 314 323
f 323 314 324
f 315 325 316
f 316 325 326
f 318 287 319
f 319 287 290
f 328 321 327
f 327 321 320
f 329 330 39
f 39 330 331
f 332 333 40
f 40 333 322
f 309 334 285
f 285 334 335
f 236 2 134
f 134 2 1
f 260 336 233
f 233 336 337
f 237 14 265
f 265 14 13
f 84 86 44
f 44 86 98
f 189 192 7
f 7 192 193
f 44 98 41
f 41 98 244
f 237 240 14
f 14 240 245
f 7 3 189
f 189 3 5
f 338 71 72
f 72 71 291
f 262 265 266
f 266 265 13
f 124 123 339
f 339 123 105
f 123 109 105
f 105 109 106
f 189 5 190
f 190 5 106
f 111 114 12
f 12 114 9
f 264 340 265
f 265 340 237
f 342 343 341
f 341 343 344
f 6 235 105
f 105 235 339
f 234 346 345
f 345 346 347
f 349 350 348
f 348 350 351
f 107 352 108
f 108 352 353
f 355 356 354
f 354 356 357
f 237 340 238
f 238 340 358
f 12 247 111
f 111 247 359
f 264 263 116
f 116 263 360
f 361 362 222
f 222 362 201
f 364 365 363
f 363 365 366
f 368 369 367
f 367 369 370
f 372 373 371
f 371 373 374
f 375 376 372
f 372 376 377
f 378 379 381
f 381 379 380
f 382 383 269
f 269 383 268
f 150 174 365
f 365 174 384
f 380 377 381
f 381 377 376
f 271 270 180
f 180 270 181
f 273 272 252
f 252 272 184
f 272 271 184
f 184 271 180
f 181 270 274
f 252 255 273
f 273 255 275
f 254 385 255
f 255 385 386
f 387 388 179
f 179 388 183
f 389 387 182
f 182 387 179
f 182 200 389
f 389 200 390
f 388 391 183
f 183 391 253
f 391 392 253
f 253 392 254
f 394 379 393
f 393 379 378
f 185 188 395
f 395 188 396
f 221 185 397
f 397 185 395
f 222 221 398
f 398 221 397
f 188 256 396
f 396 256 399
f 400 401 256
f 256 401 399
f 402 403 405
f 405 403 404
f 148 150 364
f 364 150 365
f 393 406 394
f 394 406 407
f 158 246 393
f 393 246 406
f 342 19 238
f 238 19 239
f 23 22 350
f 350 22 354
f 244 50 245
f 245 50 138
f 55 142 53
f 53 142 139
f 145 144 296
f 296 144 143
f 355 228 341
f 341 228 20
f 41 240 42
f 42 240 239
f 283 308 284
f 284 308 307
f 349 409 408
f 408 409 410
f 244 245 41
f 41 245 240
f 268 383 406
f 406 383 407
f 346 411 349
f 349 411 409
f 251 412 248
f 248 412 413
f 275 414 250
f 250 414 415
f 25 45 26
f 26 45 277
f 43 26 96
f 96 26 277
f 416 417 61
f 61 417 62
f 329 24 408
f 408 24 23
f 31 40 32
f 32 40 322
f 39 38 329
f 329 38 24
f 37 38 30
f 30 38 31
f 418 419 421
f 421 419 420
f 78 295 79
f 79 295 294
f 124 339 422
f 422 339 345
f 232 131 357
f 357 131 351
f 2 236 6
f 6 236 235
f 252 184 253
f 253 184 183
f 227 423 256
f 256 423 400
f 423 227 305
f 305 227 226
f 424 258 425
f 425 258 257
f 426 427 212
f 212 427 257
f 259 133 249
f 249 133 164
f 419 418 428
f 428 418 429
f 327 430 328
f 328 430 288
f 49 431 46
f 46 431 67
f 306 302 424
f 424 302 258
f 313 432 314
f 314 432 433
f 32 321 29
f 29 321 318
f 324 314 433
f 287 318 328
f 328 318 321
f 134 260 236
f 236 260 233
f 345 339 234
f 234 339 235
f 357 351 354
f 354 351 350
f 408 23 349
f 349 23 350
f 317 278 36
f 36 278 45
f 432 313 429
f 429 313 428
f 435 428 434
f 434 428 313
f 42 239 18
f 18 239 19
f 43 42 26
f 26 42 18
f 121 120 436
f 436 120 437
f 302 301 258
f 258 301 213
f 110 109 126
f 126 109 123
f 238 358 342
f 342 358 343
f 341 20 342
f 342 20 19
f 322 438 320
f 320 438 439
f 320 439 327
f 327 439 430
f 333 440 322
f 322 440 438
f 289 288 323
f 323 288 430
f 115 340 116
f 116 340 264
f 146 145 149
f 149 145 296
f 15 140 16
f 16 140 155
f 441 442 152
f 152 442 153
f 225 224 203
f 203 224 206
f 175 297 154
f 154 297 151
f 293 443 294
f 294 443 444
f 248 413 249
f 249 413 445
f 446 447 400
f 400 447 401
f 388 387 396
f 396 387 395
f 387 389 395
f 395 389 397
f 391 388 399
f 399 388 396
f 401 392 399
f 399 392 391
f 255 386 275
f 275 386 414
f 449 450 448
f 448 450 451
f 335 452 285
f 285 452 215
f 453 298 442
f 442 298 153
f 211 223 212
f 212 223 426
f 425 257 454
f 454 257 427
f 266 10 262
f 262 10 9
f 360 113 456
f 456 113 455
f 8 194 137
f 137 194 261
f 10 266 246
f 246 266 267
f 203 202 225
f 225 202 300
f 262 9 263
f 263 9 114
f 108 353 190
f 190 353 191
f 389 390 397
f 397 390 398
f 457 422 128
f 128 422 129
f 156 158 378
f 378 158 393
f 347 346 348
f 348 346 349
f 447 458 401
f 401 458 392
f 364 382 148
f 148 382 269
f 55 54 57
f 57 54 58
f 75 64 459
f 459 64 460
f 100 90 101
f 101 90 95
f 101 58 100
f 100 58 54
f 142 55 144
f 144 55 57
f 147 146 269
f 269 146 148
f 459 93 75
f 75 93 92
f 144 145 142
f 142 145 141
f 228 27 20
f 20 27 17
f 154 299 175
f 175 299 176
f 214 213 224
f 224 213 301
f 424 461 306
f 306 461 303
f 285 286 309
f 309 286 310
f 462 334 308
f 308 334 309
f 302 306 226
f 226 306 305
f 37 28 21
f 21 28 27
f 29 35 30
f 30 35 34
f 30 34 37
f 37 34 28
f 344 436 356
f 356 436 229
f 325 290 326
f 326 290 289
f 311 439 312
f 312 439 438
f 35 319 36
f 36 319 315
f 439 311 430
f 430 311 323
f 315 319 325
f 325 319 290
f 440 463 438
f 438 463 312
f 341 344 355
f 355 344 356
f 360 456 116
f 116 456 117
f 354 22 355
f 355 22 228
f 326 289 324
f 324 289 323
f 74 87 68
f 68 87 69
f 50 53 138
f 138 53 139
f 268 406 267
f 267 406 246
f 190 106 108
f 108 106 109
f 241 455 112
f 112 455 113
f 358 122 343
f 343 122 121
f 129 347 130
f 130 347 348
f 348 351 130
f 130 351 131
f 229 232 356
f 356 232 357
f 340 115 358
f 358 115 122
f 111 359 112
f 112 359 242
f 125 124 457
f 457 124 422
f 231 132 232
f 232 132 131
f 343 121 344
f 344 121 436
f 263 114 360
f 360 114 113
f 347 129 345
f 345 129 422
f 230 229 437
f 437 229 436
f 464 446 423
f 423 446 400
f 465 466 468
f 468 466 467
f 470 471 469
f 469 471 472
f 469 472 373
f 373 472 374
f 474 469 473
f 473 469 373
f 471 475 472
f 472 475 476
f 472 477 374
f 374 477 478
f 477 472 476
f 479 480 476
f 476 480 477
f 473 373 377
f 377 373 372
f 481 482 479
f 479 482 480
f 483 484 481
f 481 484 482
f 403 402 485
f 485 402 486
f 487 488 483
f 483 488 484
f 487 489 488
f 488 489 490
f 489 491 490
f 490 491 492
f 491 493 492
f 492 493 494
f 493 495 494
f 494 495 496
f 497 498 481
f 481 498 483
f 484 499 482
f 482 499 367
f 370 480 367
f 367 480 482
f 480 370 477
f 477 370 478
f 500 497 479
f 479 497 481
f 451 473 380
f 380 473 377
f 448 451 379
f 379 451 380
f 501 502 504
f 504 502 503
f 449 505 507
f 507 505 506
f 486 508 505
f 505 508 506
f 508 509 506
f 506 509 510
f 511 507 510
f 510 507 506
f 509 508 512
f 512 508 513
f 515 509 514
f 514 509 512
f 509 515 510
f 510 515 516
f 510 516 511
f 511 516 517
f 486 505 485
f 485 505 518
f 505 449 518
f 518 449 448
f 383 382 403
f 403 382 404
f 363 404 364
f 364 404 382
f 403 485 383
f 383 485 407
f 519 520 361
f 361 520 362
f 522 496 521
f 521 496 495
f 450 474 451
f 451 474 473
f 363 366 523
f 523 366 524
f 525 499 488
f 488 499 484
f 488 490 525
f 525 490 526
f 496 522 520
f 520 522 527
f 494 496 519
f 519 496 520
f 492 494 528
f 528 494 519
f 529 530 495
f 495 530 521
f 490 492 526
f 526 492 528
f 529 495 531
f 531 495 493
f 533 534 532
f 532 534 535
f 523 524 533
f 533 524 534
f 486 402 532
f 532 402 533
f 529 536 530
f 530 536 537
f 536 538 537
f 537 538 539
f 540 541 539
f 539 541 537
f 530 537 535
f 535 537 541
f 542 539 543
f 543 539 538
f 539 542 540
f 540 542 544
f 541 540 513
f 513 540 512
f 540 544 512
f 512 544 514
f 546 547 545
f 545 547 548
f 549 550 531
f 531 550 551
f 550 549 552
f 552 549 553
f 546 550 554
f 554 550 552
f 547 546 555
f 555 546 554
f 498 556 558
f 558 556 557
f 559 557 560
f 560 557 556
f 561 562 560
f 560 562 559
f 557 559 552
f 552 559 554
f 559 562 554
f 554 562 555
f 558 557 553
f 553 557 552
f 475 471 563
f 563 471 564
f 565 563 567
f 567 563 566
f 471 470 564
f 564 470 466
f 564 466 568
f 568 466 465
f 568 465 569
f 569 465 570
f 572 573 571
f 571 573 574
f 569 575 567
f 567 575 576
f 577 565 576
f 576 565 567
f 578 579 581
f 581 579 580
f 575 561 576
f 576 561 560
f 556 577 560
f 560 577 576
f 577 556 497
f 497 556 498
f 565 577 500
f 500 577 497
f 563 565 475
f 475 565 500
f 553 489 558
f 558 489 487
f 531 493 549
f 549 493 491
f 489 553 491
f 491 553 549
f 394 407 518
f 518 407 485
f 518 448 394
f 394 448 379
f 545 548 538
f 538 548 543
f 551 545 536
f 536 545 538
f 536 529 551
f 551 529 531
f 507 582 449
f 449 582 450
f 511 583 507
f 507 583 582
f 511 517 583
f 583 517 584
f 585 586 588
f 588 586 587
f 590 591 589
f 589 591 592
f 591 590 593
f 593 590 594
f 596 597 595
f 595 597 598
f 599 600 602
f 602 600 601
f 604 605 603
f 603 605 606
f 608 609 607
f 607 609 610
f 612 613 611
f 611 613 614
f 615 616 618
f 618 616 617
f 620 621 619
f 619 621 622
f 624 625 623
f 623 625 626
f 628 629 627
f 627 629 630
f 632 633 631
f 631 633 634
f 635 636 638
f 638 636 637
f 639 640 642
f 642 640 641
f 644 645 643
f 643 645 646
f 619 622 647
f 647 622 648
f 650 651 649
f 649 651 652
f 601 653 602
f 602 653 654
f 656 657 655
f 655 657 658
f 660 661 659
f 659 661 662
f 664 665 663
f 663 665 666
f 593 594 667
f 667 594 668
f 669 670 672
f 672 670 671
f 673 674 676
f 676 674 675
f 633 632 677
f 677 632 678
f 663 666 679
f 679 666 680
f 681 682 684
f 684 682 683
f 686 687 685
f 685 687 688
f 690 661 689
f 689 661 691
f 693 686 692
f 692 686 685
f 695 597 694
f 694 597 668
f 594 696 668
f 668 696 694
f 697 698 696
f 696 698 699
f 700 701 697
f 697 701 698
f 702 585 703
f 703 585 588
f 671 690 672
f 672 690 689
f 640 639 704
f 704 639 705
f 679 706 663
f 663 706 658
f 708 709 707
f 707 709 710
f 711 712 610
f 610 712 607
f 713 714 716
f 716 714 715
f 717 718 720
f 720 718 719
f 722 634 721
f 721 634 633
f 724 725 723
f 723 725 726
f 728 729 727
f 727 729 730
f 732 733 731
f 731 733 734
f 707 710 735
f 735 710 736
f 643 737 644
f 644 737 738
f 740 741 739
f 739 741 742
f 608 744 743
f 743 744 745
f 747 748 746
f 746 748 749
f 751 752 750
f 750 752 753
f 754 755 757
f 757 755 756
f 758 759 761
f 761 759 760
f 763 764 762
f 762 764 765
f 767 768 766
f 766 768 769
f 771 772 770
f 770 772 773
f 775 776 774
f 774 776 777
f 779 780 778
f 778 780 781
f 783 712 782
f 782 712 784
f 785 786 788
f 788 786 787
f 790 628 789
f 789 628 627
f 792 793 791
f 791 793 794
f 795 796 726
f 726 796 723
f 798 799 797
f 797 799 800
f 721 633 801
f 801 633 677
f 797 800 802
f 802 800 803
f 805 806 804
f 804 806 807
f 809 810 808
f 808 810 811
f 813 814 812
f 812 814 815
f 809 808 817
f 817 808 816
f 818 819 804
f 804 819 805
f 820 821 818
f 818 821 819
f 821 820 587
f 587 820 822
f 809 823 810
f 810 823 824
f 814 807 815
f 815 807 806
f 826 426 825
f 825 426 223
f 426 826 427
f 427 826 827
f 828 829 454
f 454 829 830
f 831 832 677
f 677 832 801
f 834 835 833
f 833 835 836
f 838 839 837
f 837 839 840
f 841 842 844
f 844 842 843
f 845 846 803
f 803 846 802
f 847 831 678
f 678 831 677
f 848 849 851
f 851 849 850
f 853 854 852
f 852 854 855
f 857 858 856
f 856 858 680
f 860 861 859
f 859 861 862
f 864 865 863
f 863 865 866
f 868 869 867
f 867 869 870
f 839 871 840
f 840 871 872
f 849 848 874
f 874 848 873
f 876 877 875
f 875 877 878
f 880 881 879
f 879 881 882
f 883 884 886
f 886 884 885
f 846 887 802
f 802 887 888
f 890 891 889
f 889 891 888
f 893 894 892
f 892 894 895
f 896 897 728
f 728 897 729
f 899 900 898
f 898 900 901
f 902 852 904
f 904 852 903
f 849 905 850
f 850 905 906
f 875 878 907
f 907 878 908
f 910 911 909
f 909 911 912
f 914 915 913
f 913 915 916
f 917 918 862
f 862 918 859
f 919 920 856
f 856 920 921
f 923 924 922
f 922 924 925
f 926 927 925
f 925 927 922
f 929 930 928
f 928 930 693
f 932 695 931
f 931 695 694
f 823 867 824
f 824 867 933
f 935 936 934
f 934 936 937
f 938 868 823
f 823 868 867
f 940 847 939
f 939 847 678
f 632 655 678
f 678 655 939
f 941 942 619
f 619 942 620
f 687 943 688
f 688 943 944
f 851 850 945
f 945 850 903
f 850 906 903
f 903 906 904
f 946 947 949
f 949 947 948
f 951 952 950
f 950 952 953
f 955 956 954
f 954 956 957
f 907 958 875
f 875 958 874
f 960 961 959
f 959 961 962
f 963 853 902
f 902 853 852
f 909 964 910
f 910 964 965
f 967 968 966
f 966 968 969
f 971 972 970
f 970 972 973
f 974 960 975
f 975 960 959
f 977 978 976
f 976 978 979
f 981 977 980
f 980 977 976
f 980 982 981
f 981 982 983
f 985 983 984
f 984 983 982
f 984 986 985
f 985 986 987
f 989 990 988
f 988 990 991
f 993 994 992
f 992 994 995
f 997 998 996
f 996 998 999
f 1001 1002 1000
f 1000 1002 1003
f 1005 1006 1004
f 1004 1006 1007
f 1004 1008 1005
f 1005 1008 1009
f 1008 1010 1009
f 1009 1010 1011
f 1013 1011 1012
f 1012 1011 1010
f 1014 1015 1017
f 1017 1015 1016
f 1019 1020 1018
f 1018 1020 1021
f 1022 1023 976
f 976 1023 980
f 1024 1025 982
f 982 1025 984
f 992 995 1026
f 1026 995 1027
f 956 955 1028
f 1028 955 1029
f 1030 1031 1033
f 1033 1031 1032
f 1010 1008 1034
f 1034 1008 1035
f 1008 1004 1035
f 1035 1004 1036
f 1037 1038 1002
f 1002 1038 1007
f 1002 1001 1037
f 1037 1001 1039
f 1040 1041 997
f 997 1041 998
f 1015 1014 1043
f 1043 1014 1042
f 1044 1045 1047
f 1047 1045 1046
f 1044 1020 1048
f 1048 1020 1049
f 1050 1051 1003
f 1003 1051 1000
f 1052 1050 1006
f 1006 1050 1003
f 1053 1054 1011
f 1011 1054 1009
f 1013 1045 1055
f 1055 1045 1056
f 1058 1059 1057
f 1057 1059 1060
f 1062 1063 1061
f 1061 1063 1064
f 1065 1066 1050
f 1050 1066 1051
f 1067 1065 1052
f 1052 1065 1050
f 1068 1069 1054
f 1054 1069 1070
f 1071 1068 1053
f 1053 1068 1054
f 1073 1071 1072
f 1072 1071 1074
f 1074 1071 1055
f 1055 1071 1053
f 1076 1077 1075
f 1075 1077 1078
f 1079 1080 1057
f 1057 1080 1058
f 1081 1082 1064
f 1064 1082 1061
f 1084 1085 1083
f 1083 1085 1086
f 1088 1089 1087
f 1087 1089 1090
f 1092 1093 1091
f 1091 1093 1094
f 1096 1097 1095
f 1095 1097 1098
f 1099 1100 1102
f 1102 1100 1101
f 1103 1104 1099
f 1099 1104 1100
f 1106 1107 1105
f 1105 1107 1108
f 1110 1111 1109
f 1109 1111 1112
f 1114 1115 1113
f 1113 1115 1116
f 1118 1119 1117
f 1117 1119 1077
f 1117 1120 1122
f 1122 1120 1121
f 1105 1123 1106
f 1106 1123 1124
f 1125 1126 1128
f 1128 1126 1127
f 1130 1131 1129
f 1129 1131 1132
f 1134 1135 1133
f 1133 1135 1114
f 1113 1136 1114
f 1114 1136 1133
f 1118 1137 1113
f 1113 1137 1136
f 1118 1117 1137
f 1137 1117 1122
f 1139 1140 1138
f 1138 1140 1141
f 1143 953 1142
f 1142 953 952
f 1145 957 1144
f 1144 957 956
f 1028 1146 956
f 956 1146 1144
f 1014 1147 1042
f 1042 1147 1148
f 1014 1017 1147
f 1147 1017 1149
f 1059 1058 1150
f 1150 1058 1151
f 1153 1080 1152
f 1152 1080 1154
f 1156 1088 1155
f 1155 1088 1087
f 1157 1158 1106
f 1106 1158 1107
f 1106 1124 1157
f 1157 1124 1159
f 1161 1162 1160
f 1160 1162 1163
f 1165 1166 1164
f 1164 1166 1167
f 1168 1031 1012
f 1012 1031 1046
f 1024 1023 1035
f 1035 1023 1034
f 1036 1038 1025
f 1025 1038 1169
f 1170 1171 1039
f 1039 1171 1037
f 1028 1029 1042
f 1042 1029 1043
f 1172 1173 1175
f 1175 1173 1174
f 1055 1053 1013
f 1013 1053 1011
f 1005 1009 1070
f 1070 1009 1054
f 996 999 1062
f 1062 999 1063
f 1016 1060 1017
f 1017 1060 1059
f 1017 1059 1149
f 1149 1059 1150
f 1177 1178 1176
f 1176 1178 1103
f 1176 1072 1179
f 1179 1072 1074
f 1073 1102 1086
f 1086 1102 1083
f 1180 1181 1067
f 1067 1181 1065
f 1182 1183 1184
f 1184 1183 1181
f 1186 1187 1185
f 1185 1187 1188
f 1189 1190 798
f 798 1190 799
f 1192 1193 1191
f 1191 1193 1194
f 1195 1196 1194
f 1194 1196 1191
f 1196 1195 1198
f 1198 1195 1197
f 1200 674 1199
f 1199 674 673
f 928 1201 1203
f 1203 1201 1202
f 861 1204 862
f 862 1204 921
f 1205 1206 913
f 913 1206 1207
f 882 1208 879
f 879 1208 1209
f 1210 1211 1167
f 1167 1211 1164
f 1212 769 1213
f 1213 769 768
f 727 1214 728
f 728 1214 1215
f 1217 1218 1216
f 1216 1218 1219
f 1220 813 1221
f 1221 813 812
f 827 828 427
f 427 828 454
f 1223 1224 1222
f 1222 1224 1165
f 1226 1227 1225
f 1225 1227 1228
f 851 1229 848
f 848 1229 1230
f 834 854 835
f 835 854 1231
f 1233 1234 1232
f 1232 1234 1235
f 1237 751 1236
f 1236 751 750
f 743 819 1238
f 1238 819 821
f 1240 1241 1239
f 1239 1241 1242
f 1244 1245 1243
f 1243 1245 1246
f 844 1247 841
f 841 1247 1248
f 1250 1251 1249
f 1249 1251 1252
f 1254 893 1253
f 1253 893 1237
f 1255 1256 1258
f 1258 1256 1257
f 1260 1261 1259
f 1259 1261 1262
f 945 903 855
f 855 903 852
f 855 1263 945
f 945 1263 1264
f 832 845 801
f 801 845 803
f 800 721 803
f 803 721 801
f 721 800 722
f 722 800 799
f 1266 1267 1265
f 1265 1267 1268
f 1270 795 1269
f 1269 795 726
f 725 1271 726
f 726 1271 1269
f 737 765 738
f 738 765 764
f 759 740 760
f 760 740 739
f 717 1272 1274
f 1274 1272 1273
f 1163 1226 1275
f 1275 1226 1225
f 1277 882 1276
f 1276 882 881
f 1041 1040 1027
f 1027 1040 1026
f 900 935 901
f 901 935 934
f 1164 1278 1165
f 1165 1278 1222
f 1211 1279 1164
f 1164 1279 1278
f 442 1280 453
f 453 1280 1281
f 788 1282 785
f 785 1282 1283
f 1285 1286 1284
f 1284 1286 1287
f 1284 1288 1285
f 1285 1288 1289
f 757 1289 754
f 754 1289 1288
f 605 604 675
f 675 604 676
f 1290 1291 1293
f 1293 1291 1292
f 1295 1296 1294
f 1294 1296 1297
f 696 699 694
f 694 699 931
f 1298 1299 592
f 592 1299 589
f 1299 1300 589
f 589 1300 700
f 1300 1301 700
f 700 1301 701
f 743 745 819
f 819 745 805
f 1303 1304 1302
f 1302 1304 1305
f 1306 1307 1305
f 1305 1307 1302
f 609 1298 610
f 610 1298 592
f 587 822 588
f 588 822 1308
f 703 588 1309
f 1309 588 1308
f 1310 703 571
f 571 703 1309
f 1311 1312 789
f 789 1312 790
f 825 223 1313
f 1313 223 220
f 219 1314 220
f 220 1314 1313
f 1315 1316 1311
f 1311 1316 1312
f 1317 1318 1319
f 1319 1318 1241
f 441 1320 442
f 442 1320 1280
f 1321 217 572
f 572 217 216
f 1323 1230 1322
f 1322 1230 1229
f 1324 1325 631
f 631 1325 656
f 1034 1168 1010
f 1010 1168 1012
f 1327 1328 1326
f 1326 1328 1329
f 1331 1202 1330
f 1330 1202 1201
f 571 1309 572
f 572 1309 1321
f 573 572 1332
f 1332 572 216
f 1334 1335 1333
f 1333 1335 1336
f 1337 1338 918
f 918 1338 859
f 1339 863 1340
f 1340 863 866
f 1341 1342 1344
f 1344 1342 1343
f 1345 1346 919
f 919 1346 920
f 1347 1348 673
f 673 1348 1199
f 693 1349 928
f 928 1349 1201
f 1351 1257 1350
f 1350 1257 1256
f 1350 1352 1351
f 1351 1352 1353
f 653 930 654
f 654 930 662
f 1279 1354 1278
f 1278 1354 1355
f 1357 1358 1356
f 1356 1358 1359
f 937 1360 1140
f 1140 1360 1361
f 1225 1228 909
f 909 1228 964
f 901 934 1362
f 1362 934 1139
f 1364 1365 1363
f 1363 1365 1362
f 1367 912 1366
f 1366 912 911
f 1143 1142 1368
f 1368 1142 1369
f 1144 1186 1145
f 1145 1186 1185
f 1146 1175 1144
f 1144 1175 1186
f 1175 1146 1172
f 1172 1146 1148
f 1147 1018 1148
f 1148 1018 1172
f 1018 1147 1019
f 1019 1147 1149
f 1149 1150 1019
f 1019 1150 1370
f 1150 1151 1370
f 1370 1151 1371
f 1151 1153 1371
f 1371 1153 1177
f 1152 1156 1178
f 1178 1156 1372
f 1155 1158 1373
f 1373 1158 1374
f 1157 1159 1376
f 1376 1159 1375
f 1378 1379 1377
f 1377 1379 1380
f 1382 1383 1381
f 1381 1383 1384
f 1382 1386 1385
f 1385 1386 1387
f 1386 1233 1387
f 1387 1233 1232
f 1389 1390 1388
f 1388 1390 1391
f 1393 1394 1392
f 1392 1394 1395
f 1397 1398 1396
f 1396 1398 1399
f 629 1397 630
f 630 1397 1396
f 1342 1400 1343
f 1343 1400 1401
f 1403 1404 1402
f 1402 1404 1405
f 1407 1408 1406
f 1406 1408 1409
f 1411 1412 1410
f 1410 1412 1413
f 793 1414 794
f 794 1414 1415
f 1417 1341 1416
f 1416 1341 1344
f 704 705 1347
f 1347 705 1418
f 741 1419 742
f 742 1419 1420
f 1422 669 1421
f 1421 669 672
f 645 1423 646
f 646 1423 1424
f 1196 1198 614
f 614 1198 611
f 613 1425 614
f 614 1425 1426
f 1427 616 659
f 659 616 660
f 614 1426 1196
f 1196 1426 1191
f 696 594 697
f 697 594 590
f 697 590 700
f 700 590 589
f 703 1310 702
f 702 1310 1428
f 1421 672 1192
f 1192 672 689
f 1271 648 1269
f 1269 648 622
f 621 1270 622
f 622 1270 1269
f 1429 1430 1417
f 1417 1430 1341
f 1431 1432 1434
f 1434 1432 1433
f 1436 1437 1435
f 1435 1437 1438
f 1440 1441 1439
f 1439 1441 1442
f 1443 1444 1446
f 1446 1444 1445
f 823 809 938
f 938 809 817
f 810 1447 811
f 811 1447 1448
f 1449 1450 679
f 679 1450 706
f 913 916 1205
f 1205 916 1451
f 1275 1225 912
f 912 1225 909
f 1452 1453 880
f 880 1453 881
f 1444 1401 1445
f 1445 1401 1400
f 936 1454 937
f 937 1454 1360
f 824 1455 810
f 810 1455 1447
f 631 656 632
f 632 656 655
f 966 1456 967
f 967 1456 1457
f 1459 1460 1458
f 1458 1460 1461
f 1460 1462 1461
f 1461 1462 1463
f 972 974 973
f 973 974 975
f 990 995 991
f 991 995 994
f 1464 1187 1033
f 1033 1187 1174
f 1018 1021 1172
f 1172 1021 1173
f 1000 999 1001
f 1001 999 998
f 976 979 1022
f 1022 979 1032
f 1023 1024 980
f 980 1024 982
f 989 986 1171
f 1171 986 1169
f 1171 1170 989
f 989 1170 990
f 1170 1027 990
f 990 1027 995
f 1041 1039 998
f 998 1039 1001
f 1051 1063 1000
f 1000 1063 999
f 1066 1064 1051
f 1051 1064 1063
f 1183 1081 1066
f 1066 1081 1064
f 1178 1372 1103
f 1103 1372 1104
f 1092 1091 1465
f 1465 1091 1182
f 1467 1465 1466
f 1466 1465 1468
f 1469 1470 1184
f 1184 1470 1468
f 1095 1098 1471
f 1471 1098 1101
f 1076 1374 1120
f 1120 1374 1376
f 1110 1472 1127
f 1127 1472 1132
f 1472 1473 1132
f 1132 1473 1129
f 1474 1475 1466
f 1466 1475 1473
f 1119 1118 1116
f 1116 1118 1113
f 1375 1121 1376
f 1376 1121 1120
f 1127 1132 1128
f 1128 1132 1131
f 1227 1476 1228
f 1228 1476 1361
f 1365 1477 1362
f 1362 1477 872
f 1478 1479 1323
f 1323 1479 1230
f 1480 1481 914
f 914 1481 915
f 913 1277 914
f 914 1277 1276
f 1168 1034 1022
f 1022 1034 1023
f 1035 1036 1024
f 1024 1036 1025
f 1039 1041 1170
f 1170 1041 1027
f 1042 1148 1028
f 1028 1148 1146
f 968 1459 969
f 969 1459 1458
f 1482 1483 664
f 664 1483 665
f 1485 1486 1484
f 1484 1486 1487
f 1489 1490 1488
f 1488 1490 1491
f 1492 1493 722
f 722 1493 634
f 1495 1496 1494
f 1494 1496 1497
f 1498 1207 1339
f 1339 1207 863
f 1224 1499 1165
f 1165 1499 1166
f 1160 1163 1500
f 1500 1163 1275
f 1500 877 1160
f 1160 877 1501
f 876 873 1502
f 1502 873 1479
f 945 1264 851
f 851 1264 1229
f 835 1231 839
f 839 1231 871
f 1503 1283 778
f 778 1283 1282
f 716 715 1505
f 1505 715 1504
f 1446 1445 1507
f 1507 1445 1506
f 779 792 1381
f 1381 792 791
f 1430 1409 1341
f 1341 1409 1342
f 1411 1429 1508
f 1508 1429 1417
f 635 1510 1509
f 1509 1510 1511
f 1377 1380 1315
f 1315 1380 1316
f 1445 1400 1506
f 1506 1400 1408
f 918 917 1336
f 1336 917 1333
f 1513 1514 1512
f 1512 1514 870
f 1515 1516 1363
f 1363 1516 1364
f 1453 1517 881
f 881 1517 1276
f 992 1518 993
f 993 1518 1519
f 1520 1029 1518
f 1518 1029 955
f 1520 1026 1521
f 1521 1026 1040
f 1522 1015 1521
f 1521 1015 1043
f 996 1523 997
f 997 1523 1522
f 1060 1016 1524
f 1524 1016 1523
f 1061 1525 1062
f 1062 1525 1524
f 1079 1527 1526
f 1526 1527 1528
f 1093 1529 1094
f 1094 1529 1528
f 1111 1530 1112
f 1112 1530 1531
f 1532 1533 1105
f 1105 1533 1123
f 934 937 1139
f 1139 937 1140
f 1138 1363 1139
f 1139 1363 1362
f 1534 1222 1355
f 1355 1222 1278
f 1535 1223 1534
f 1534 1223 1222
f 821 587 1238
f 1238 587 586
f 1319 711 1317
f 1317 711 1536
f 1538 1200 1537
f 1537 1200 1199
f 1508 1417 1539
f 1539 1417 1416
f 1540 1541 840
f 840 1541 837
f 1231 898 871
f 871 898 901
f 1500 1275 1367
f 1367 1275 912
f 1543 1379 1542
f 1542 1379 1395
f 1539 772 1508
f 1508 772 1544
f 1546 1403 1545
f 1545 1403 1402
f 1548 1549 1547
f 1547 1549 1550
f 1552 1548 1551
f 1551 1548 1547
f 1554 1555 1553
f 1553 1555 1556
f 1558 1559 1557
f 1557 1559 1560
f 1562 1563 1561
f 1561 1563 1564
f 1566 1567 1565
f 1565 1567 1568
f 1570 1571 1569
f 1569 1571 1572
f 1574 1575 1573
f 1573 1575 1576
f 1577 1578 1572
f 1572 1578 1569
f 1580 1581 1579
f 1579 1581 1582
f 1584 1585 1583
f 1583 1585 1586
f 1588 1555 1587
f 1587 1555 1589
f 1591 1592 1590
f 1590 1592 1593
f 1595 1596 1594
f 1594 1596 1597
f 1596 1581 1597
f 1597 1581 1576
f 1599 1570 1598
f 1598 1570 1569
f 1601 1602 1600
f 1600 1602 1603
f 1605 1606 1604
f 1604 1606 1607
f 1608 1609 1568
f 1568 1609 1565
f 1611 1612 1610
f 1610 1612 1613
f 1615 1616 1614
f 1614 1616 1617
f 1619 1617 1618
f 1618 1617 1616
f 1621 1622 1620
f 1620 1622 1623
f 1625 1626 1624
f 1624 1626 1627
f 1629 1630 1628
f 1628 1630 1631
f 1633 1634 1632
f 1632 1634 1635
f 1636 1637 1639
f 1639 1637 1638
f 1641 1642 1640
f 1640 1642 1643
f 1624 1627 1644
f 1644 1627 1645
f 1647 1648 1646
f 1646 1648 1649
f 1651 1652 1650
f 1650 1652 1653
f 1655 1656 1654
f 1654 1656 1657
f 1659 1660 1658
f 1658 1660 1661
f 1662 1663 1631
f 1631 1663 1628
f 1651 1665 1664
f 1664 1665 1666
f 1667 1656 1619
f 1619 1656 1617
f 1669 1670 1668
f 1668 1670 1671
f 1632 1635 1672
f 1672 1635 1673
f 1674 1675 1638
f 1638 1675 1639
f 1677 1678 1676
f 1676 1678 1679
f 1680 1640 1681
f 1681 1640 1643
f 1682 1683 1643
f 1643 1683 1681
f 1670 1669 1235
f 1235 1669 1232
f 1396 1399 1674
f 1674 1399 1675
f 627 630 1679
f 1679 630 1676
f 1681 1315 1680
f 1680 1315 1311
f 1683 1377 1681
f 1681 1377 1315
f 1672 1673 1387
f 1387 1673 1385
f 1636 1684 1646
f 1646 1684 1685
f 1687 1688 1686
f 1686 1688 1689
f 1585 1690 1586
f 1586 1690 1691
f 1599 1692 1551
f 1551 1692 1693
f 1552 1558 1694
f 1694 1558 1557
f 1696 1615 1695
f 1695 1615 1614
f 1698 1699 1697
f 1697 1699 1623
f 1700 1701 1703
f 1703 1701 1702
f 1705 1706 1704
f 1704 1706 1707
f 1708 1709 1640
f 1640 1709 1641
f 1710 1711 1713
f 1713 1711 1712
f 1652 1655 1653
f 1653 1655 1654
f 1714 1699 1712
f 1712 1699 1713
f 1715 1710 1716
f 1716 1710 1713
f 1717 1708 1680
f 1680 1708 1640
f 1393 1392 1715
f 1715 1392 1710
f 1719 1720 1718
f 1718 1720 1721
f 1680 1311 1717
f 1717 1311 789
f 1378 1711 1392
f 1392 1711 1710
f 1388 1391 1719
f 1719 1391 1720
f 1723 1606 1722
f 1722 1606 1689
f 1725 1568 1724
f 1724 1568 1567
f 1726 1647 1685
f 1685 1647 1646
f 1728 1554 1727
f 1727 1554 1553
f 1591 1687 1600
f 1600 1687 1686
f 1730 1595 1729
f 1729 1595 1594
f 1601 1605 1731
f 1731 1605 1604
f 1733 1663 1732
f 1732 1663 1734
f 1736 1639 1735
f 1735 1639 1675
f 1658 1644 1737
f 1737 1644 1645
f 1726 1662 1724
f 1724 1662 1631
f 1399 1738 1675
f 1675 1738 1735
f 1621 1667 1739
f 1739 1667 1619
f 1714 1740 1620
f 1620 1740 1741
f 1592 1549 1593
f 1593 1549 1742
f 1602 1571 1603
f 1603 1571 1550
f 1688 1690 1689
f 1689 1690 1722
f 1588 1559 1582
f 1582 1559 1579
f 1673 1735 1385
f 1385 1735 1738
f 1387 1232 1672
f 1672 1232 1669
f 1580 1692 1573
f 1573 1692 1743
f 1377 1683 1378
f 1378 1683 1711
f 1664 1666 1744
f 1744 1666 1745
f 1744 1696 1664
f 1664 1696 1695
f 1746 1747 1732
f 1732 1747 1748
f 1749 1750 1677
f 1677 1750 1678
f 1709 1708 1750
f 1750 1708 1678
f 1668 1632 1669
f 1669 1632 1672
f 1633 1746 1734
f 1734 1746 1732
f 1679 1678 1717
f 1717 1678 1708
f 789 627 1717
f 1717 627 1679
f 1563 1723 1564
f 1564 1723 1722
f 1728 1584 1751
f 1751 1584 1583
f 1674 1676 1396
f 1396 1676 630
f 1666 1566 1745
f 1745 1566 1565
f 1627 1629 1645
f 1645 1629 1628
f 1637 1749 1638
f 1638 1749 1677
f 1648 1665 1649
f 1649 1665 1752
f 1740 1642 1741
f 1741 1642 1657
f 1676 1674 1677
f 1677 1674 1638
f 1683 1682 1711
f 1711 1682 1712
f 1618 1753 1619
f 1619 1753 1739
f 1701 1739 1702
f 1702 1739 1753
f 1754 1214 1756
f 1756 1214 1755
f 647 1757 619
f 619 1757 941
f 1759 1193 1758
f 1758 1193 691
f 1419 1760 1420
f 1420 1760 1761
f 682 1762 683
f 683 1762 1763
f 1412 780 1413
f 1413 780 1384
f 1383 1398 1384
f 1384 1398 1413
f 1197 1424 1764
f 1764 1424 1423
f 1537 1287 1538
f 1538 1287 1286
f 1634 1684 1635
f 1635 1684 1736
f 1724 1631 1725
f 1725 1631 1630
f 1562 1730 1610
f 1610 1730 1729
f 1735 1673 1736
f 1736 1673 1635
f 1757 1195 941
f 941 1195 1194
f 1766 200 1765
f 1765 200 199
f 475 500 476
f 476 500 479
f 498 558 483
f 483 558 487
f 545 551 546
f 546 551 550
f 453 1281 219
f 219 1281 1314
f 298 453 208
f 208 453 219
f 368 1765 1767
f 1767 1765 199
f 523 405 363
f 363 405 404
f 523 533 405
f 405 533 402
f 298 208 299
f 299 208 207
f 299 207 176
f 176 207 300
f 176 300 173
f 173 300 202
f 173 202 174
f 174 202 201
f 1337 918 1768
f 1768 918 1336
f 1769 1770 1338
f 1338 1770 859
f 581 570 578
f 578 570 1771
f 555 562 580
f 580 562 561
f 504 1772 501
f 501 1772 548
f 517 542 584
f 584 542 543
f 515 514 516
f 516 514 544
f 542 517 544
f 544 517 516
f 561 575 580
f 580 575 581
f 575 569 581
f 581 569 570
f 501 548 1773
f 1773 548 547
f 1774 1775 570
f 570 1775 1771
f 369 368 1776
f 1776 368 1767
f 372 369 375
f 375 369 1776
f 822 1280 1308
f 1308 1280 1320
f 820 1281 822
f 822 1281 1280
f 818 1314 820
f 820 1314 1281
f 1314 818 1313
f 1313 818 804
f 807 814 825
f 825 814 826
f 814 813 826
f 826 813 827
f 813 1220 827
f 827 1220 828
f 580 579 555
f 555 579 547
f 1477 1540 872
f 872 1540 840
f 367 499 368
f 368 499 1765
f 1766 1765 525
f 525 1765 499
f 1777 1766 526
f 526 1766 525
f 520 527 362
f 362 527 384
f 361 1778 519
f 519 1778 528
f 371 1779 372
f 372 1779 369
f 369 1779 370
f 370 1779 478
f 1779 371 478
f 478 371 374
f 1778 1777 528
f 528 1777 526
f 1781 1782 1780
f 1780 1782 1783
f 431 460 67
f 67 460 64
f 68 338 74
f 74 338 72
f 1785 1782 1784
f 1784 1782 1786
f 1787 1788 1790
f 1790 1788 1789
f 1792 1789 1791
f 1791 1789 1793
f 1791 1794 1792
f 1792 1794 1795
f 1794 1796 1795
f 1795 1796 1797
f 1797 1798 938
f 938 1798 868
f 1798 1799 868
f 868 1799 869
f 1801 1802 1800
f 1800 1802 1451
f 1803 1804 1205
f 1205 1804 1206
f 1805 1806 864
f 864 1806 865
f 1806 1807 865
f 865 1807 1808
f 68 71 338
f 287 328 288
f 1320 1321 1308
f 1308 1321 1309
f 1320 441 1321
f 1321 441 217
f 441 152 217
f 217 152 218
f 151 286 152
f 152 286 218
f 297 310 151
f 151 310 286
f 296 307 297
f 297 307 310
f 296 143 307
f 307 143 284
f 143 56 284
f 284 56 104
f 56 59 104
f 104 59 63
f 59 102 63
f 63 102 60
f 102 94 60
f 60 94 282
f 93 459 279
f 279 459 77
f 459 460 77
f 77 460 78
f 460 431 78
f 78 431 295
f 431 49 295
f 295 49 292
f 48 421 49
f 49 421 292
f 276 278 418
f 418 278 429
f 317 432 278
f 278 432 429
f 432 317 433
f 433 317 316
f 326 324 316
f 316 324 433
f 1536 592 1809
f 1809 592 591
f 1810 744 1812
f 1812 744 1811
f 1814 1815 1813
f 1813 1815 1816
f 1817 748 1818
f 1818 748 747
f 1812 1819 1810
f 1810 1819 1817
f 1820 1821 748
f 748 1821 749
f 1823 1824 1822
f 1822 1824 1825
f 1827 1828 1826
f 1826 1828 1829
f 1831 1832 1830
f 1830 1832 1833
f 1834 1827 1243
f 1243 1827 1826
f 1313 804 825
f 825 804 807
f 1835 1253 1236
f 1236 1253 1237
f 1836 1837 1438
f 1438 1837 1435
f 1838 1505 1840
f 1840 1505 1839
f 1841 1842 716
f 716 1842 713
f 1843 1844 1510
f 1510 1844 1845
f 1847 1848 1846
f 1846 1848 1849
f 1850 1240 1822
f 1822 1240 1239
f 636 1831 637
f 637 1831 1830
f 1852 1853 1851
f 1851 1853 1854
f 1855 1856 1858
f 1858 1856 1857
f 1846 1849 1859
f 1859 1849 1860
f 1343 1401 1509
f 1509 1401 1861
f 1509 1861 635
f 635 1861 636
f 1863 1864 1862
f 1862 1864 1865
f 1283 1503 1867
f 1867 1503 1866
f 1868 1867 681
f 681 1867 682
f 1286 1285 683
f 683 1285 684
f 757 756 1274
f 1274 756 1869
f 1274 1869 717
f 717 1869 718
f 1434 1433 719
f 719 1433 720
f 1200 1538 1545
f 1545 1538 1763
f 1285 1289 684
f 684 1289 1273
f 684 1273 681
f 681 1273 1272
f 785 1283 1868
f 1868 1283 1867
f 786 785 1870
f 1870 785 1868
f 1289 757 1273
f 1273 757 1274
f 1539 1416 1871
f 1871 1416 1872
f 773 1871 1403
f 1403 1871 1404
f 675 674 1405
f 1405 674 1402
f 1864 1873 1865
f 1865 1873 1874
f 638 1843 635
f 635 1843 1510
f 1344 1343 1511
f 1511 1343 1509
f 772 1539 773
f 773 1539 1871
f 674 1200 1402
f 1402 1200 1545
f 1538 1286 1763
f 1763 1286 683
f 1444 1443 1875
f 1875 1443 1876
f 1875 1876 1831
f 1831 1876 1832
f 1416 1344 1872
f 1872 1344 1511
f 1877 1878 774
f 774 1878 1879
f 1878 1847 1879
f 1879 1847 1846
f 1880 714 1881
f 1881 714 1848
f 1401 1444 1861
f 1861 1444 1875
f 1861 1875 636
f 636 1875 1831
f 1823 1863 1882
f 1882 1863 1862
f 1441 1440 1884
f 1884 1440 1883
f 1883 1852 1884
f 1884 1852 1851
f 1886 1887 1885
f 1885 1887 1888
f 1358 1889 1359
f 1359 1889 1890
f 1891 1886 1892
f 1892 1886 1885
f 774 1879 775
f 775 1879 1893
f 1859 1893 1846
f 1846 1893 1879
f 713 1842 1849
f 1849 1842 1860
f 1318 1895 1894
f 1894 1895 1896
f 1873 1897 1874
f 1874 1897 1898
f 1898 605 1899
f 1899 605 675
f 1405 1844 675
f 675 1844 1899
f 1404 1845 1405
f 1405 1845 1844
f 593 1296 591
f 591 1296 1809
f 1295 1292 1900
f 1900 1292 1895
f 606 1897 1291
f 1291 1897 1896
f 1510 1845 1511
f 1511 1845 1872
f 1871 1872 1404
f 1404 1872 1845
f 1866 770 1762
f 1762 770 1546
f 1762 682 1866
f 1866 682 1867
f 1870 1868 1272
f 1272 1868 681
f 1272 717 1870
f 1870 717 720
f 1870 720 786
f 786 720 1433
f 786 1433 787
f 787 1433 1432
f 1261 1414 1432
f 1432 1414 787
f 1389 1234 1260
f 1260 1234 1415
f 1719 1670 1388
f 1388 1670 1235
f 1718 1671 1719
f 1719 1671 1670
f 1705 1747 1718
f 1718 1747 1671
f 1659 1901 1704
f 1704 1901 1748
f 1877 1903 1902
f 1902 1903 1904
f 1259 1905 1390
f 1390 1905 1394
f 1715 1720 1393
f 1393 1720 1391
f 1716 1721 1715
f 1715 1721 1720
f 1698 1706 1716
f 1716 1706 1721
f 277 276 47
f 47 276 48
f 84 96 81
f 81 96 82
f 80 70 81
f 81 70 85
f 99 97 88
f 88 97 89
f 90 100 88
f 88 100 99
f 101 95 102
f 102 95 94
f 1906 1907 280
f 280 1907 281
f 97 86 89
f 89 86 85
f 60 282 61
f 61 282 281
f 83 82 46
f 46 82 47
f 293 292 420
f 420 292 421
f 419 1908 420
f 420 1908 1909
f 92 95 91
f 91 95 90
f 279 282 93
f 93 282 94
f 276 418 48
f 48 418 421
f 1910 1660 1697
f 1697 1660 1707
f 1703 1624 1700
f 1700 1624 1644
f 1622 1910 1623
f 1623 1910 1697
f 1701 1700 1911
f 1911 1700 1661
f 1700 1644 1661
f 1661 1644 1658
f 1901 1737 1733
f 1733 1737 1645
f 1625 1912 1604
f 1604 1912 1731
f 1912 1913 1731
f 1731 1913 1914
f 1913 1577 1914
f 1914 1577 1572
f 1915 1578 1616
f 1616 1578 1618
f 1915 1916 1598
f 1598 1916 1743
f 1916 1574 1743
f 1743 1574 1573
f 1575 1917 1576
f 1576 1917 1597
f 1917 1609 1597
f 1597 1609 1594
f 1608 1611 1729
f 1729 1611 1610
f 1918 1612 1629
f 1629 1612 1630
f 1626 1918 1627
f 1627 1918 1629
f 1920 1921 1919
f 1919 1921 1922
f 1920 1924 1923
f 1923 1924 1925
f 1926 1927 1924
f 1924 1927 1925
f 1929 1930 1928
f 1928 1930 1931
f 1932 1933 1935
f 1935 1933 1934
f 1937 1938 1936
f 1936 1938 1939
f 1941 1942 1940
f 1940 1942 1943
f 1941 1945 1944
f 1944 1945 1946
f 1947 1948 1694
f 1694 1948 1949
f 1950 1951 1953
f 1953 1951 1952
f 1955 1956 1954
f 1954 1956 1589
f 1958 1956 1957
f 1957 1956 1932
f 1960 1934 1959
f 1959 1934 1933
f 1962 1963 1961
f 1961 1963 1964
f 1965 1955 1751
f 1751 1955 1954
f 1935 1930 1932
f 1932 1930 1957
f 1951 1950 1926
f 1926 1950 1929
f 1966 1967 1593
f 1593 1967 1590
f 1969 1967 1968
f 1968 1967 1964
f 1962 1921 1970
f 1970 1921 1971
f 1963 1945 1964
f 1964 1945 1968
f 1972 1948 1922
f 1922 1948 1919
f 1966 1972 1961
f 1961 1972 1922
f 1958 1953 1587
f 1587 1953 1560
f 1974 1975 1973
f 1973 1975 1976
f 1978 1979 1977
f 1977 1979 1691
f 1979 1975 1691
f 1691 1975 1586
f 1938 1942 1939
f 1939 1942 1980
f 1952 1947 1557
f 1557 1947 1694
f 1969 1978 1981
f 1981 1978 1977
f 1983 1984 1982
f 1982 1984 1985
f 1986 1987 1989
f 1989 1987 1988
f 1990 1991 1983
f 1983 1991 1984
f 1990 1993 1992
f 1992 1993 1994
f 1995 1996 1994
f 1994 1996 1997
f 1999 2000 1998
f 1998 2000 2001
f 2003 2004 2002
f 2002 2004 2005
f 2007 2008 2006
f 2006 2008 2009
f 2011 2012 2010
f 2010 2012 2013
f 2014 2015 2017
f 2017 2015 2016
f 2018 2019 2021
f 2021 2019 2020
f 2022 1989 2024
f 2024 1989 2023
f 1989 1988 2023
f 2023 1988 2025
f 2026 2027 2017
f 2017 2027 2014
f 2029 2030 2028
f 2028 2030 2031
f 2033 2034 2032
f 2032 2034 2035
f 2032 2035 2036
f 2036 2035 2037
f 2039 2040 2038
f 2038 2040 2041
f 1982 2042 1983
f 1983 2042 2043
f 2045 2046 2044
f 2044 2046 2047
f 2049 2050 2048
f 2048 2050 2051
f 2053 2054 2052
f 2052 2054 2055
f 2057 2058 2056
f 2056 2058 2059
f 2060 2061 2033
f 2033 2061 2034
f 2063 2064 2062
f 2062 2064 2065
f 2066 2035 2067
f 2067 2035 2034
f 2069 2039 2068
f 2068 2039 2038
f 2025 2070 2023
f 2023 2070 2071
f 2072 2024 2071
f 2071 2024 2023
f 2074 2020 2073
f 2073 2020 2019
f 2050 2049 2047
f 2047 2049 2075
f 1983 2043 1990
f 1990 2043 1993
f 2006 2050 2007
f 2007 2050 2076
f 2050 2006 2051
f 2051 2006 2077
f 2079 2080 2078
f 2078 2080 2081
f 2082 2083 2085
f 2085 2083 2084
f 2010 2013 2086
f 2086 2013 2087
f 2089 2033 2088
f 2088 2033 2032
f 2090 2060 2089
f 2089 2060 2033
f 2092 2093 2091
f 2091 2093 2094
f 2096 1986 2095
f 2095 1986 2097
f 2097 1986 2022
f 2022 1986 1989
f 2015 2094 2016
f 2016 2094 2098
f 2016 2098 2100
f 2100 2098 2099
f 2017 2016 2101
f 2101 2016 2100
f 2017 2101 2026
f 2026 2101 2102
f 2100 2099 2104
f 2104 2099 2103
f 2104 2105 2100
f 2100 2105 2101
f 2105 2106 2101
f 2101 2106 2102
f 2108 2061 2107
f 2107 2061 2109
f 2111 2112 2110
f 2110 2112 2020
f 2020 2074 2110
f 2110 2074 2113
f 2115 2116 2114
f 2114 2116 2117
f 2118 2119 1995
f 1995 2119 2120
f 2121 2122 2027
f 2027 2122 2014
f 2047 2075 2044
f 2044 2075 2123
f 2124 2125 2127
f 2127 2125 2126
f 2129 2130 2128
f 2128 2130 2131
f 2132 2133 2057
f 2057 2133 2058
f 2134 1999 2136
f 2136 1999 2135
f 2055 2138 2137
f 2137 2138 2139
f 2141 2142 2140
f 2140 2142 2143
f 2083 2082 2064
f 2064 2082 2065
f 2082 2144 2065
f 2065 2144 2145
f 2040 2146 2041
f 2041 2146 2147
f 2060 2090 2148
f 2148 2090 2149
f 2048 2051 2137
f 2137 2051 2150
f 2151 1997 2135
f 2135 1997 1996
f 2152 2150 2077
f 2077 2150 2051
f 2046 2045 2118
f 2118 2045 2119
f 2154 2155 2153
f 2153 2155 2156
f 2158 2159 2157
f 2157 2159 2160
f 2162 2163 2161
f 2161 2163 2164
f 2164 2163 2165
f 2165 2163 2166
f 2168 2169 2167
f 2167 2169 2170
f 2003 2172 2171
f 2171 2172 2173
f 2174 2175 2002
f 2002 2175 2176
f 2145 2177 2065
f 2065 2177 2062
f 2178 2179 2180
f 2180 2179 2134
f 2181 2052 2152
f 2152 2052 2150
f 2040 2127 2146
f 2146 2127 2182
f 2130 2162 2131
f 2131 2162 2161
f 2052 2055 2150
f 2150 2055 2137
f 2184 2185 2183
f 2183 2185 2186
f 2159 2030 2160
f 2160 2030 2187
f 2146 2182 2029
f 2029 2182 2188
f 2189 2190 2192
f 2192 2190 2191
f 2172 2003 2176
f 2176 2003 2002
f 1998 2151 1999
f 1999 2151 2135
f 2177 2172 2062
f 2062 2172 2176
f 2172 2177 2173
f 2173 2177 2193
f 2063 2194 2064
f 2064 2194 2195
f 2066 2197 2196
f 2196 2197 2198
f 2002 2005 2174
f 2174 2005 2199
f 2004 2003 2200
f 2200 2003 2171
f 2198 2201 2171
f 2171 2201 2200
f 2197 2202 2198
f 2198 2202 2201
f 2202 2197 2203
f 2203 2197 2204
f 2196 2198 2173
f 2173 2198 2171
f 2205 2069 2170
f 2170 2069 2206
f 2197 2066 2204
f 2204 2066 2067
f 2107 2207 2108
f 2108 2207 2208
f 2210 2208 2209
f 2209 2208 2207
f 2185 2211 2212
f 2213 2214 2211
f 2211 2214 2212
f 1998 2001 2213
f 2213 2001 2214
f 2134 2215 1999
f 1999 2215 2000
f 2216 2217 2219
f 2219 2217 2218
f 2206 2220 2170
f 2170 2220 2167
f 2069 2068 2206
f 2206 2068 2221
f 2151 1998 2222
f 2222 1998 2213
f 2124 2039 2205
f 2205 2039 2069
f 2142 2223 2143
f 2143 2223 2128
f 2203 2186 2202
f 2202 2186 2185
f 2185 2184 2211
f 2211 2184 2224
f 2224 2225 2222
f 2222 2225 2226
f 2071 2227 2072
f 2072 2227 2228
f 2229 2074 2230
f 2230 2074 2073
f 2074 2229 2113
f 2113 2229 2231
f 2232 2225 2227
f 2227 2225 2224
f 2233 2234 2031
f 2031 2234 2028
f 2236 2231 2235
f 2235 2231 2229
f 2230 2183 2229
f 2229 2183 2235
f 2237 1987 2096
f 2096 1987 1986
f 2152 2238 2181
f 2181 2238 2239
f 2080 2240 2081
f 2081 2240 2241
f 2236 2242 1971
f 1971 2242 1970
f 1925 2113 1923
f 1923 2113 2231
f 2110 1927 2111
f 2111 1927 1928
f 2103 2111 1931
f 1931 2111 1928
f 1931 2243 2103
f 2103 2243 2104
f 2105 2104 2244
f 2244 2104 2243
f 1939 1980 2148
f 2148 1980 2109
f 1980 1944 2109
f 2109 1944 2107
f 1946 2245 2207
f 2207 2245 2209
f 2245 1970 2209
f 2209 1970 2242
f 2231 2236 1923
f 1923 2236 1971
f 2113 1925 2110
f 2110 1925 1927
f 2234 2246 2028
f 2028 2246 2147
f 2247 2248 2058
f 2058 2248 2059
f 2114 2117 2249
f 2249 2117 2250
f 2252 2253 2251
f 2251 2253 2254
f 2094 2015 2091
f 2091 2015 2255
f 2256 2255 2014
f 2014 2255 2015
f 2257 2145 2258
f 2258 2145 2144
f 2131 2161 2123
f 2123 2161 2044
f 2045 2044 2164
f 2164 2044 2161
f 2045 2164 2119
f 2119 2164 2165
f 2259 2120 2165
f 2165 2120 2119
f 2260 2261 2259
f 2259 2261 2120
f 2205 2262 2124
f 2124 2262 2125
f 2180 2263 2178
f 2178 2263 2264
f 2265 2266 2092
f 2092 2266 2093
f 1992 2267 2268
f 2184 2228 2224
f 2224 2228 2227
f 2048 2269 2049
f 2049 2269 2141
f 2129 2168 2157
f 2157 2168 2167
f 2049 2141 2075
f 2075 2141 2140
f 2199 2215 2270
f 2270 2215 2271
f 2142 2141 2272
f 2272 2141 2269
f 2089 2026 2090
f 2090 2026 2102
f 2146 2029 2147
f 2147 2029 2028
f 2111 2103 2112
f 2112 2103 2099
f 2061 2060 2109
f 2109 2060 2148
f 2273 2274 2041
f 2041 2274 2038
f 2260 2275 2261
f 2261 2275 2136
f 2057 2138 2132
f 2132 2138 2276
f 2272 2269 2056
f 2056 2269 2139
f 2277 2278 2270
f 2270 2278 2199
f 2029 2188 2030
f 2030 2188 2187
f 2040 2039 2127
f 2127 2039 2124
f 2064 2195 2083
f 2083 2195 2279
f 2056 2139 2057
f 2057 2139 2138
f 2278 2277 2247
f 2247 2277 2248
f 2062 2176 2063
f 2063 2176 2175
f 2280 2210 2242
f 2242 2210 2209
f 2282 2233 2281
f 2281 2233 2031
f 2216 2219 2283
f 2283 2219 2221
f 2158 2220 2218
f 2218 2220 2219
f 2217 2282 2218
f 2218 2282 2281
f 2220 2158 2167
f 2167 2158 2157
f 2223 2264 2128
f 2128 2264 2263
f 2261 1996 2120
f 2120 1996 1995
f 2213 2211 2222
f 2222 2211 2224
f 2283 2221 2284
f 2284 2221 2068
f 2135 1996 2136
f 2136 1996 2261
f 2144 2081 2258
f 2258 2081 2241
f 2235 2280 2236
f 2236 2280 2242
f 2246 2273 2147
f 2147 2273 2041
f 2036 2285 2032
f 2032 2285 2088
f 2077 2286 2152
f 2152 2286 2238
f 1937 1960 1973
f 1973 1960 1959
f 2070 2232 2071
f 2071 2232 2227
f 2244 2287 2105
f 2105 2287 2106
f 1936 1939 2149
f 2149 1939 2148
f 1944 1946 2107
f 2107 1946 2207
f 2285 2121 2088
f 2088 2121 2027
f 2253 2249 2254
f 2254 2249 2250
f 2006 2009 2077
f 2077 2009 2286
f 2289 2086 2288
f 2288 2086 2087
f 2223 2142 2290
f 2290 2142 2272
f 2128 2131 2143
f 2143 2131 2123
f 2156 2291 2153
f 2153 2291 2175
f 2292 2293 2278
f 2278 2293 2294
f 2075 2140 2123
f 2123 2140 2143
f 2262 2169 2275
f 2275 2169 2180
f 2275 2180 2136
f 2136 2180 2134
f 2274 2284 2038
f 2038 2284 2068
f 2127 2126 2182
f 2182 2126 2166
f 2094 2093 2098
f 2098 2093 2021
f 2098 2021 2099
f 2099 2021 2112
f 2018 2021 2266
f 2266 2021 2093
f 2251 2289 2252
f 2252 2289 2288
f 1997 2151 2226
f 2226 2151 2222
f 2206 2221 2220
f 2220 2221 2219
f 2269 2048 2139
f 2139 2048 2137
f 2159 2158 2281
f 2281 2158 2218
f 2156 2155 2190
f 2190 2155 2191
f 1974 1965 1583
f 1583 1965 1751
f 2088 2027 2089
f 2089 2027 2026
f 2030 2159 2031
f 2031 2159 2281
f 2106 2149 2102
f 2102 2149 2090
f 2287 1936 2106
f 2106 1936 2149
f 2293 2154 2294
f 2294 2154 2153
f 2021 2020 2112
f 2247 2295 2278
f 2278 2295 2292
f 2284 2296 2283
f 2283 2296 2297
f 2298 2296 2274
f 2274 2296 2284
f 2273 2299 2274
f 2274 2299 2298
f 2246 2300 2273
f 2273 2300 2299
f 2283 2297 2216
f 2216 2297 2301
f 2216 2301 2217
f 2217 2301 2302
f 2302 2303 2217
f 2217 2303 2282
f 2304 2301 2305
f 2305 2301 2297
f 2307 2308 2306
f 2306 2308 2309
f 2306 2310 2307
f 2307 2310 2311
f 2307 2312 2308
f 2308 2312 2313
f 2314 2315 2312
f 2312 2315 2316
f 2316 2317 2312
f 2312 2317 2313
f 2317 2305 2313
f 2313 2305 2318
f 2314 2312 2311
f 2311 2312 2307
f 2319 2320 2322
f 2322 2320 2321
f 2322 2311 2319
f 2319 2311 2310
f 2313 2318 2308
f 2308 2318 2309
f 2296 2298 2318
f 2318 2298 2309
f 2309 2298 2323
f 2323 2298 2299
f 2306 2309 2324
f 2324 2309 2323
f 2310 2306 2325
f 2325 2306 2324
f 2296 2318 2297
f 2297 2318 2305
f 2319 2310 2326
f 2326 2310 2325
f 2328 2325 2327
f 2327 2325 2324
f 2325 2328 2326
f 2326 2328 2329
f 2331 2328 2330
f 2330 2328 2327
f 2332 2333 2327
f 2327 2333 2330
f 2328 2331 2329
f 2329 2331 2334
f 2324 2323 2327
f 2327 2323 2332
f 2300 2332 2299
f 2299 2332 2323
f 2326 2335 2319
f 2319 2335 2320
f 2305 2317 2336
f 2336 2317 2316
f 2336 2316 2337
f 2337 2316 2315
f 2338 2304 2336
f 2336 2304 2305
f 2337 2339 2336
f 2336 2339 2338
f 2337 2315 2341
f 2341 2315 2340
f 2342 2300 2234
f 2234 2300 2246
f 2303 2343 2282
f 2282 2343 2233
f 2234 2233 2342
f 2342 2233 2343
f 2342 2343 2333
f 2333 2343 2344
f 2333 2344 2330
f 2330 2344 2345
f 2346 2344 2303
f 2303 2344 2343
f 2332 2300 2333
f 2333 2300 2342
f 2347 2346 2302
f 2302 2346 2303
f 2301 2304 2302
f 2302 2304 2347
f 2304 2338 2347
f 2347 2338 2348
f 2348 2349 2347
f 2347 2349 2346
f 2350 2351 2348
f 2348 2351 2349
f 2349 2345 2346
f 2346 2345 2344
f 2345 2349 2352
f 2352 2349 2351
f 2338 2339 2348
f 2348 2339 2350
f 2350 2339 2353
f 2353 2339 2354
f 2356 2357 2355
f 2355 2357 2353
f 2351 2350 2357
f 2357 2350 2353
f 2353 2354 2355
f 2355 2354 2335
f 2320 2335 2341
f 2341 2335 2354
f 2339 2337 2354
f 2354 2337 2341
f 2352 2331 2345
f 2345 2331 2330
f 2356 2334 2352
f 2352 2334 2331
f 2356 2352 2357
f 2357 2352 2351
f 2355 2329 2356
f 2356 2329 2334
f 2335 2326 2355
f 2355 2326 2329
f 2321 2314 2322
f 2322 2314 2311
f 2321 2320 2340
f 2340 2320 2341
f 2315 2314 2340
f 2340 2314 2321
f 2125 2260 2126
f 2126 2260 2259
f 2157 2160 2129
f 2129 2160 2130
f 2188 2163 2187
f 2187 2163 2162
f 2182 2166 2188
f 2188 2166 2163
f 2180 2169 2263
f 2263 2169 2168
f 2160 2187 2130
f 2130 2187 2162
f 2275 2260 2262
f 2262 2260 2125
f 2128 2263 2129
f 2129 2263 2168
f 2262 2205 2169
f 2169 2205 2170
f 2165 2166 2259
f 2259 2166 2126
f 2359 2360 2358
f 2358 2360 2361
f 2363 2364 2362
f 2362 2364 2365
f 2367 2363 2366
f 2366 2363 2362
f 2368 2369 2371
f 2371 2369 2370
f 2372 2373 2248
f 2248 2373 2059
f 2364 2374 2365
f 2365 2374 2375
f 2377 2378 2376
f 2376 2378 2379
f 2290 2380 2223
f 2223 2380 2381
f 2223 2381 2264
f 2264 2381 2382
f 2384 2385 2383
f 2383 2385 2386
f 2364 2371 2374
f 2374 2371 2387
f 2059 2373 2290
f 2290 2373 2380
f 2378 2360 2379
f 2379 2360 2388
f 2374 2387 2359
f 2359 2387 2389
f 2390 2367 2386
f 2386 2367 2391
f 2393 2394 2392
f 2392 2394 2395
f 2386 2391 2383
f 2383 2391 2396
f 2367 2366 2391
f 2391 2366 2397
f 2363 2367 2368
f 2368 2367 2390
f 2398 2399 2361
f 2361 2399 2358
f 2399 2400 2358
f 2358 2400 2375
f 2390 2401 2368
f 2368 2401 2369
f 2372 2384 2376
f 2376 2384 2383
f 2374 2359 2375
f 2375 2359 2358
f 2402 2403 2365
f 2365 2403 2362
f 2359 2389 2360
f 2360 2389 2388
f 2364 2363 2371
f 2371 2363 2368
f 2405 2398 2404
f 2404 2398 2361
f 2392 2395 2406
f 2406 2395 2397
f 2377 2396 2394
f 2394 2396 2395
f 2394 2393 2404
f 2404 2393 2405
f 2396 2377 2383
f 2383 2377 2376
f 2406 2397 2407
f 2407 2397 2366
f 2400 2402 2375
f 2375 2402 2365
f 2385 2270 2401
f 2401 2270 2271
f 2403 2407 2362
f 2362 2407 2366
f 2371 2370 2387
f 2387 2370 2382
f 2391 2397 2396
f 2396 2397 2395
f 2378 2377 2404
f 2404 2377 2394
f 2360 2378 2361
f 2361 2378 2404
f 2407 2408 2406
f 2406 2408 2409
f 2410 2408 2403
f 2403 2408 2407
f 2411 2410 2402
f 2402 2410 2403
f 2412 2411 2400
f 2400 2411 2402
f 2406 2409 2392
f 2392 2409 2413
f 2392 2413 2393
f 2393 2413 2414
f 2415 2405 2414
f 2414 2405 2393
f 2416 2413 2417
f 2417 2413 2409
f 2419 2420 2418
f 2418 2420 2421
f 2420 2422 2421
f 2421 2422 2423
f 2420 2424 2422
f 2422 2424 2425
f 2426 2427 2424
f 2424 2427 2428
f 2428 2429 2424
f 2424 2429 2425
f 2426 2424 2419
f 2419 2424 2420
f 2419 2418 2431
f 2431 2418 2430
f 2425 2432 2422
f 2422 2432 2423
f 2408 2410 2432
f 2432 2410 2423
f 2423 2410 2433
f 2433 2410 2411
f 2421 2423 2434
f 2434 2423 2433
f 2435 2418 2434
f 2434 2418 2421
f 2429 2417 2425
f 2425 2417 2432
f 2408 2432 2409
f 2409 2432 2417
f 2418 2435 2430
f 2430 2435 2436
f 2438 2435 2437
f 2437 2435 2434
f 2435 2438 2436
f 2436 2438 2439
f 2441 2438 2440
f 2440 2438 2437
f 2442 2443 2437
f 2437 2443 2440
f 2439 2438 2444
f 2444 2438 2441
f 2433 2442 2434
f 2434 2442 2437
f 2412 2442 2411
f 2411 2442 2433
f 2436 2445 2430
f 2430 2445 2446
f 2430 2446 2431
f 2431 2446 2447
f 2417 2429 2448
f 2448 2429 2428
f 2427 2449 2428
f 2428 2449 2448
f 2450 2416 2448
f 2448 2416 2417
f 2451 2450 2449
f 2449 2450 2448
f 2427 2452 2449
f 2449 2452 2453
f 2447 2446 2452
f 2452 2446 2453
f 2454 2412 2399
f 2399 2412 2400
f 2415 2455 2405
f 2405 2455 2398
f 2399 2398 2454
f 2454 2398 2455
f 2454 2455 2443
f 2443 2455 2456
f 2443 2456 2440
f 2440 2456 2457
f 2458 2456 2415
f 2415 2456 2455
f 2443 2442 2454
f 2454 2442 2412
f 2459 2458 2414
f 2414 2458 2415
f 2413 2416 2414
f 2414 2416 2459
f 2459 2416 2460
f 2460 2416 2450
f 2460 2461 2459
f 2459 2461 2458
f 2462 2463 2460
f 2460 2463 2461
f 2461 2457 2458
f 2458 2457 2456
f 2457 2461 2464
f 2464 2461 2463
f 2451 2462 2450
f 2450 2462 2460
f 2462 2451 2465
f 2465 2451 2466
f 2468 2469 2467
f 2467 2469 2465
f 2463 2462 2469
f 2469 2462 2465
f 2465 2466 2467
f 2467 2466 2445
f 2446 2445 2453
f 2453 2445 2466
f 2451 2449 2466
f 2466 2449 2453
f 2464 2441 2457
f 2457 2441 2440
f 2468 2444 2464
f 2464 2444 2441
f 2468 2464 2469
f 2469 2464 2463
f 2467 2439 2468
f 2468 2439 2444
f 2445 2436 2467
f 2467 2436 2439
f 2447 2426 2431
f 2431 2426 2419
f 2427 2426 2452
f 2452 2426 2447
f 2369 2179 2370
f 2370 2179 2178
f 2376 2379 2372
f 2372 2379 2373
f 2389 2381 2388
f 2388 2381 2380
f 2387 2382 2389
f 2389 2382 2381
f 2270 2385 2277
f 2277 2385 2384
f 2379 2388 2373
f 2373 2388 2380
f 2401 2271 2369
f 2369 2271 2179
f 2248 2277 2372
f 2372 2277 2384
f 2401 2390 2385
f 2385 2390 2386
f 2264 2382 2178
f 2178 2382 2370
f 2215 2134 2271
f 2271 2134 2179
f 2005 2000 2199
f 2199 2000 2215
f 2004 2001 2005
f 2005 2001 2000
f 2200 2214 2004
f 2004 2214 2001
f 2470 2471 2473
f 2473 2471 2472
f 2475 2476 2474
f 2474 2476 2477
f 2479 2475 2478
f 2478 2475 2474
f 2481 2482 2480
f 2480 2482 2483
f 2476 2484 2477
f 2477 2484 2485
f 2487 2488 2486
f 2486 2488 2489
f 2133 2490 2058
f 2058 2490 2491
f 2058 2491 2247
f 2247 2491 2492
f 2494 2495 2493
f 2493 2495 2496
f 2476 2483 2484
f 2484 2483 2497
f 2472 2498 2488
f 2488 2498 2489
f 2484 2497 2471
f 2471 2497 2499
f 2500 2479 2496
f 2496 2479 2501
f 2502 2503 2505
f 2505 2503 2504
f 2496 2501 2493
f 2493 2501 2506
f 2479 2478 2501
f 2501 2478 2507
f 2475 2479 2480
f 2480 2479 2500
f 2508 2509 2473
f 2473 2509 2470
f 2509 2510 2470
f 2470 2510 2485
f 2511 2481 2500
f 2500 2481 2480
f 2512 2494 2486
f 2486 2494 2493
f 2485 2484 2470
f 2470 2484 2471
f 2513 2514 2477
f 2477 2514 2474
f 2471 2499 2472
f 2472 2499 2498
f 2476 2475 2483
f 2483 2475 2480
f 2516 2508 2515
f 2515 2508 2473
f 2502 2505 2517
f 2517 2505 2507
f 2504 2487 2505
f 2505 2487 2506
f 2503 2516 2504
f 2504 2516 2515
f 2506 2487 2493
f 2493 2487 2486
f 2517 2507 2518
f 2518 2507 2478
f 2510 2513 2485
f 2485 2513 2477
f 2511 2495 2293
f 2293 2495 2154
f 2514 2518 2474
f 2474 2518 2478
f 2483 2482 2497
f 2497 2482 2492
f 2501 2507 2506
f 2506 2507 2505
f 2488 2487 2515
f 2515 2487 2504
f 2472 2488 2473
f 2473 2488 2515
f 2518 2519 2517
f 2517 2519 2520
f 2521 2519 2514
f 2514 2519 2518
f 2522 2521 2513
f 2513 2521 2514
f 2523 2522 2510
f 2510 2522 2513
f 2517 2520 2502
f 2502 2520 2524
f 2502 2524 2503
f 2503 2524 2525
f 2525 2526 2503
f 2503 2526 2516
f 2527 2524 2528
f 2528 2524 2520
f 2530 2531 2529
f 2529 2531 2532
f 2531 2533 2532
f 2532 2533 2534
f 2531 2535 2533
f 2533 2535 2536
f 2537 2538 2535
f 2535 2538 2539
f 2539 2540 2535
f 2535 2540 2536
f 2537 2535 2530
f 2530 2535 2531
f 2529 2541 2530
f 2530 2541 2542
f 2543 2534 2536
f 2536 2534 2533
f 2519 2521 2543
f 2543 2521 2534
f 2534 2521 2544
f 2544 2521 2522
f 2532 2534 2545
f 2545 2534 2544
f 2529 2532 2546
f 2546 2532 2545
f 2536 2540 2543
f 2543 2540 2528
f 2519 2543 2520
f 2520 2543 2528
f 2541 2529 2547
f 2547 2529 2546
f 2548 2549 2545
f 2545 2549 2546
f 2549 2550 2546
f 2546 2550 2547
f 2551 2552 2548
f 2548 2552 2549
f 2548 2553 2551
f 2551 2553 2554
f 2550 2549 2555
f 2555 2549 2552
f 2545 2544 2548
f 2548 2544 2553
f 2523 2553 2522
f 2522 2553 2544
f 2547 2556 2541
f 2541 2556 2557
f 2541 2557 2542
f 2542 2557 2558
f 2528 2540 2559
f 2559 2540 2539
f 2538 2560 2539
f 2539 2560 2559
f 2561 2527 2559
f 2559 2527 2528
f 2560 2562 2559
f 2559 2562 2561
f 2560 2538 2564
f 2564 2538 2563
f 2558 2557 2563
f 2563 2557 2564
f 2565 2523 2509
f 2509 2523 2510
f 2526 2566 2516
f 2516 2566 2508
f 2509 2508 2565
f 2565 2508 2566
f 2565 2566 2554
f 2554 2566 2567
f 2554 2567 2551
f 2551 2567 2568
f 2569 2567 2526
f 2526 2567 2566
f 2553 2523 2554
f 2554 2523 2565
f 2570 2569 2525
f 2525 2569 2526
f 2524 2527 2525
f 2525 2527 2570
f 2527 2561 2570
f 2570 2561 2571
f 2571 2572 2570
f 2570 2572 2569
f 2573 2574 2571
f 2571 2574 2572
f 2572 2568 2569
f 2569 2568 2567
f 2568 2572 2575
f 2575 2572 2574
f 2562 2573 2561
f 2561 2573 2571
f 2573 2562 2576
f 2576 2562 2577
f 2579 2580 2578
f 2578 2580 2576
f 2574 2573 2580
f 2580 2573 2576
f 2576 2577 2578
f 2578 2577 2556
f 2557 2556 2564
f 2564 2556 2577
f 2562 2560 2577
f 2577 2560 2564
f 2575 2552 2568
f 2568 2552 2551
f 2579 2555 2575
f 2575 2555 2552
f 2579 2575 2580
f 2580 2575 2574
f 2550 2555 2578
f 2578 2555 2579
f 2556 2547 2578
f 2578 2547 2550
f 2558 2537 2542
f 2542 2537 2530
f 2538 2537 2563
f 2563 2537 2558
f 2292 2295 2481
f 2481 2295 2482
f 2486 2489 2512
f 2512 2489 2581
f 2499 2491 2498
f 2498 2491 2490
f 2497 2492 2499
f 2499 2492 2491
f 2155 2154 2494
f 2494 2154 2495
f 2581 2489 2490
f 2490 2489 2498
f 2293 2292 2511
f 2511 2292 2481
f 2191 2155 2512
f 2512 2155 2494
f 2500 2496 2511
f 2511 2496 2495
f 2247 2492 2295
f 2295 2492 2482
f 2583 2584 2582
f 2582 2584 2585
f 2587 2588 2586
f 2586 2588 2589
f 2591 2587 2590
f 2590 2587 2586
f 2593 2594 2592
f 2592 2594 2595
f 2596 2597 2599
f 2599 2597 2598
f 2588 2600 2589
f 2589 2600 2601
f 2602 2603 2605
f 2605 2603 2604
f 2606 2607 2609
f 2609 2607 2608
f 2609 2608 2190
f 2190 2608 2610
f 2611 2612 2614
f 2614 2612 2613
f 2600 2588 2615
f 2615 2588 2595
f 2599 2598 2606
f 2606 2598 2607
f 2584 2616 2604
f 2604 2616 2605
f 2600 2615 2583
f 2583 2615 2617
f 2591 2619 2618
f 2618 2619 2614
f 2621 2622 2620
f 2620 2622 2623
f 2619 2624 2614
f 2614 2624 2611
f 2591 2590 2619
f 2619 2590 2625
f 2587 2591 2592
f 2592 2591 2618
f 2626 2627 2585
f 2585 2627 2582
f 2627 2628 2582
f 2582 2628 2601
f 2629 2593 2618
f 2618 2593 2592
f 2602 2597 2611
f 2611 2597 2612
f 2600 2583 2601
f 2601 2583 2582
f 2630 2631 2589
f 2589 2631 2586
f 2583 2617 2584
f 2584 2617 2616
f 2588 2587 2595
f 2595 2587 2592
f 2633 2626 2632
f 2632 2626 2585
f 2620 2623 2634
f 2634 2623 2625
f 2622 2603 2623
f 2623 2603 2624
f 2621 2633 2622
f 2622 2633 2632
f 2611 2624 2602
f 2602 2624 2603
f 2634 2625 2635
f 2635 2625 2590
f 2628 2630 2601
f 2601 2630 2589
f 2613 2195 2629
f 2629 2195 2194
f 2631 2635 2586
f 2586 2635 2590
f 2595 2594 2615
f 2615 2594 2610
f 2619 2625 2624
f 2624 2625 2623
f 2632 2604 2622
f 2622 2604 2603
f 2585 2584 2632
f 2632 2584 2604
f 2635 2636 2634
f 2634 2636 2637
f 2638 2636 2631
f 2631 2636 2635
f 2639 2638 2630
f 2630 2638 2631
f 2640 2639 2628
f 2628 2639 2630
f 2634 2637 2620
f 2620 2637 2641
f 2620 2641 2621
f 2621 2641 2642
f 2642 2643 2621
f 2621 2643 2633
f 2641 2637 2644
f 2644 2637 2645
f 2646 2647 2649
f 2649 2647 2648
f 2648 2650 2649
f 2649 2650 2651
f 2648 2652 2650
f 2650 2652 2653
f 2652 2654 2656
f 2656 2654 2655
f 2656 2657 2652
f 2652 2657 2653
f 2654 2652 2647
f 2647 2652 2648
f 2647 2646 2659
f 2659 2646 2658
f 2660 2651 2653
f 2653 2651 2650
f 2636 2638 2660
f 2660 2638 2651
f 2651 2638 2661
f 2661 2638 2639
f 2651 2661 2649
f 2649 2661 2662
f 2663 2646 2662
f 2662 2646 2649
f 2653 2657 2660
f 2660 2657 2645
f 2636 2660 2637
f 2637 2660 2645
f 2646 2663 2658
f 2658 2663 2664
f 2665 2666 2662
f 2662 2666 2663
f 2666 2667 2663
f 2663 2667 2664
f 2668 2669 2665
f 2665 2669 2666
f 2665 2670 2668
f 2668 2670 2671
f 2667 2666 2672
f 2672 2666 2669
f 2662 2661 2665
f 2665 2661 2670
f 2640 2670 2639
f 2639 2670 2661
f 2673 2674 2664
f 2664 2674 2658
f 2658 2674 2659
f 2659 2674 2675
f 2645 2657 2676
f 2676 2657 2656
f 2677 2676 2655
f 2655 2676 2656
f 2676 2678 2645
f 2645 2678 2644
f 2677 2679 2676
f 2676 2679 2678
f 2655 2680 2677
f 2677 2680 2681
f 2675 2674 2680
f 2680 2674 2681
f 2682 2640 2627
f 2627 2640 2628
f 2643 2683 2633
f 2633 2683 2626
f 2682 2627 2683
f 2683 2627 2626
f 2683 2684 2682
f 2682 2684 2671
f 2684 2685 2671
f 2671 2685 2668
f 2686 2684 2643
f 2643 2684 2683
f 2670 2640 2671
f 2671 2640 2682
f 2687 2686 2642
f 2642 2686 2643
f 2642 2641 2687
f 2687 2641 2644
f 2687 2644 2688
f 2688 2644 2678
f 2688 2689 2687
f 2687 2689 2686
f 2690 2691 2688
f 2688 2691 2689
f 2689 2685 2686
f 2686 2685 2684
f 2685 2689 2692
f 2692 2689 2691
f 2679 2690 2678
f 2678 2690 2688
f 2690 2679 2693
f 2693 2679 2694
f 2696 2697 2695
f 2695 2697 2693
f 2691 2690 2697
f 2697 2690 2693
f 2693 2694 2695
f 2695 2694 2673
f 2674 2673 2681
f 2681 2673 2694
f 2679 2677 2694
f 2694 2677 2681
f 2685 2692 2668
f 2668 2692 2669
f 2696 2672 2692
f 2692 2672 2669
f 2696 2692 2697
f 2697 2692 2691
f 2695 2667 2696
f 2696 2667 2672
f 2673 2664 2695
f 2695 2664 2667
f 2675 2654 2659
f 2659 2654 2647
f 2655 2654 2680
f 2680 2654 2675
f 2291 2156 2593
f 2593 2156 2594
f 2597 2602 2598
f 2598 2602 2605
f 2616 2617 2607
f 2607 2617 2608
f 2615 2610 2617
f 2617 2610 2608
f 2597 2596 2612
f 2612 2596 2698
f 2598 2605 2607
f 2607 2605 2616
f 2194 2291 2629
f 2629 2291 2593
f 2629 2618 2613
f 2613 2618 2614
f 2190 2610 2156
f 2156 2610 2594
f 2700 2010 2699
f 2699 2010 2086
f 2267 2701 2116
f 2116 2701 2702
f 2116 2702 2117
f 2117 2702 2703
f 2704 2705 2250
f 2250 2705 2254
f 2011 2706 2267
f 2267 2706 2701
f 2699 2086 2707
f 2707 2086 2289
f 2010 2700 2011
f 2011 2700 2706
f 2708 2707 2251
f 2251 2707 2289
f 2703 2704 2117
f 2117 2704 2250
f 2705 2708 2254
f 2254 2708 2251
f 2709 2710 2708
f 2708 2710 2707
f 2711 2709 2705
f 2705 2709 2708
f 2712 2711 2704
f 2704 2711 2705
f 2713 2712 2703
f 2703 2712 2704
f 2707 2710 2699
f 2699 2710 2714
f 2699 2714 2700
f 2700 2714 2715
f 2716 2706 2715
f 2715 2706 2700
f 2714 2710 2717
f 2717 2710 2718
f 2720 2721 2719
f 2719 2721 2722
f 2721 2723 2722
f 2722 2723 2724
f 2721 2725 2723
f 2723 2725 2726
f 2727 2728 2725
f 2725 2728 2726
f 2729 2725 2720
f 2720 2725 2721
f 2731 2729 2730
f 2730 2729 2720
f 2719 2732 2720
f 2720 2732 2730
f 2726 2733 2723
f 2723 2733 2724
f 2709 2711 2733
f 2733 2711 2724
f 2724 2711 2734
f 2734 2711 2712
f 2722 2724 2735
f 2735 2724 2734
f 2719 2722 2736
f 2736 2722 2735
f 2726 2728 2733
f 2733 2728 2718
f 2709 2733 2710
f 2710 2733 2718
f 2732 2719 2737
f 2737 2719 2736
f 2738 2739 2735
f 2735 2739 2736
f 2739 2740 2736
f 2736 2740 2737
f 2741 2742 2738
f 2738 2742 2739
f 2738 2743 2741
f 2741 2743 2744
f 2740 2739 2745
f 2745 2739 2742
f 2735 2734 2738
f 2738 2734 2743
f 2713 2743 2712
f 2712 2743 2734
f 2737 2746 2732
f 2732 2746 2747
f 2732 2747 2730
f 2730 2747 2731
f 2718 2728 2748
f 2748 2728 2727
f 2749 2750 2727
f 2727 2750 2748
f 2748 2751 2718
f 2718 2751 2717
f 2750 2752 2748
f 2748 2752 2751
f 2750 2749 2754
f 2754 2749 2753
f 2731 2747 2753
f 2753 2747 2754
f 2727 2725 2749
f 2749 2725 2729
f 2749 2729 2753
f 2753 2729 2731
f 2702 2755 2703
f 2703 2755 2713
f 2706 2716 2701
f 2701 2716 2756
f 2755 2702 2756
f 2756 2702 2701
f 2756 2757 2755
f 2755 2757 2744
f 2757 2758 2744
f 2744 2758 2741
f 2759 2757 2716
f 2716 2757 2756
f 2743 2713 2744
f 2744 2713 2755
f 2760 2759 2715
f 2715 2759 2716
f 2715 2714 2760
f 2760 2714 2717
f 2760 2717 2761
f 2761 2717 2751
f 2761 2762 2760
f 2760 2762 2759
f 2763 2764 2761
f 2761 2764 2762
f 2762 2758 2759
f 2759 2758 2757
f 2758 2762 2765
f 2765 2762 2764
f 2752 2763 2751
f 2751 2763 2761
f 2763 2752 2766
f 2766 2752 2767
f 2768 2769 2766
f 2766 2769 2770
f 2764 2763 2770
f 2770 2763 2766
f 2766 2767 2768
f 2768 2767 2746
f 2747 2746 2754
f 2754 2746 2767
f 2752 2750 2767
f 2767 2750 2754
f 2758 2765 2741
f 2741 2765 2742
f 2769 2745 2765
f 2765 2745 2742
f 2769 2765 2770
f 2770 2765 2764
f 2768 2740 2769
f 2769 2740 2745
f 2746 2737 2768
f 2768 2737 2740
f 2201 2212 2200
f 2200 2212 2214
f 2201 2202 2212
f 2212 2202 2185
f 2512 2581 2191
f 2191 2581 2192
f 2059 2290 2056
f 2056 2290 2272
f 2174 2199 2294
f 2294 2199 2278
f 2063 2175 2194
f 2194 2175 2291
f 2192 2581 2133
f 2133 2581 2490
f 2133 2132 2192
f 2192 2132 2189
f 2054 2276 2055
f 2055 2276 2138
f 2083 2279 2084
f 2084 2279 2771
f 2771 2279 2599
f 2599 2279 2596
f 2606 2772 2599
f 2599 2772 2771
f 2772 2773 2771
f 2771 2773 2084
f 2773 2774 2084
f 2084 2774 2085
f 2085 2775 2082
f 2082 2775 2144
f 2774 2078 2085
f 2085 2078 2775
f 2078 2774 2079
f 2079 2774 2776
f 2774 2773 2776
f 2776 2773 2777
f 2773 2772 2777
f 2777 2772 2778
f 2190 2189 2609
f 2609 2189 2778
f 2053 2052 2779
f 2779 2052 2181
f 2144 2775 2081
f 2081 2775 2078
f 2294 2153 2174
f 2174 2153 2175
f 2132 2276 2189
f 2189 2276 2778
f 2606 2609 2772
f 2772 2609 2778
f 2195 2613 2698
f 2698 2613 2612
f 2596 2279 2698
f 2698 2279 2195
f 2054 2777 2276
f 2276 2777 2778
f 2777 2054 2776
f 2776 2054 2053
f 2053 2779 2776
f 2776 2779 2079
f 2779 2181 2079
f 2079 2181 2080
f 2181 2239 2080
f 2080 2239 2240
f 2122 2256 2014
f 2042 1982 2076
f 2076 1982 2007
f 1982 1985 2007
f 2007 1985 2008
f 2095 2097 2265
f 2265 2097 2266
f 2076 2050 2042
f 2042 2050 2047
f 2046 2043 2047
f 2047 2043 2042
f 2118 1993 2046
f 2046 1993 2043
f 1995 1994 2118
f 2118 1994 1993
f 2267 1992 2011
f 2011 1992 2012
f 1997 2012 1994
f 1994 2012 1992
f 2226 2013 1997
f 1997 2013 2012
f 2225 2087 2226
f 2226 2087 2013
f 2225 2232 2087
f 2087 2232 2288
f 2232 2070 2288
f 2288 2070 2252
f 2070 2025 2252
f 2252 2025 2253
f 1988 2249 2025
f 2025 2249 2253
f 2116 2115 2267
f 2267 2115 2268
f 2096 1984 2237
f 2237 1984 1991
f 2095 1985 2096
f 2096 1985 1984
f 2265 2008 2095
f 2095 2008 1985
f 2092 2009 2265
f 2265 2009 2008
f 2091 2286 2092
f 2092 2286 2009
f 2255 2238 2091
f 2091 2238 2286
f 2256 2239 2255
f 2255 2239 2238
f 2122 2240 2256
f 2256 2240 2239
f 2121 2241 2122
f 2122 2241 2240
f 2022 2018 2097
f 2097 2018 2266
f 2022 2024 2018
f 2018 2024 2019
f 2024 2072 2019
f 2019 2072 2073
f 2072 2228 2073
f 2073 2228 2230
f 2228 2184 2230
f 2230 2184 2183
f 2121 2285 2241
f 2241 2285 2258
f 2285 2036 2258
f 2258 2036 2257
f 2177 2145 2193
f 2193 2145 2257
f 2173 2193 2196
f 2196 2193 2037
f 2036 2037 2257
f 2257 2037 2193
f 2196 2037 2066
f 2066 2037 2035
f 2061 2108 2034
f 2034 2108 2067
f 2108 2208 2067
f 2067 2208 2204
f 2208 2210 2204
f 2204 2210 2203
f 2210 2280 2203
f 2203 2280 2186
f 2183 2186 2235
f 2235 2186 2280
f 1987 2114 1988
f 1988 2114 2249
f 2237 2115 1987
f 1987 2115 2114
f 1991 2268 2237
f 2237 2268 2115
f 1991 1990 2268
f 2268 1990 1992
f 107 110 2781
f 2781 110 2780
f 117 2782 118
f 118 2782 2783
f 119 2784 120
f 120 2784 2785
f 125 2786 126
f 126 2786 2787
f 127 2788 128
f 128 2788 2789
f 127 132 2788
f 2788 132 2790
f 231 230 2792
f 2792 230 2791
f 118 2783 119
f 119 2783 2784
f 241 243 2794
f 2794 243 2793
f 2781 2795 107
f 107 2795 352
f 120 2785 437
f 437 2785 2796
f 126 2787 110
f 110 2787 2780
f 455 2797 456
f 456 2797 2798
f 128 2789 457
f 457 2789 2799
f 456 2798 117
f 117 2798 2782
f 2794 2797 241
f 241 2797 455
f 457 2799 125
f 125 2799 2786
f 132 231 2790
f 2790 231 2792
f 230 437 2791
f 2791 437 2796
f 2792 2789 2790
f 2790 2789 2788
f 2785 2784 2801
f 2801 2784 2800
f 2786 2802 2787
f 2787 2802 2803
f 2792 2791 2805
f 2805 2791 2804
f 2784 2783 2800
f 2800 2783 2806
f 2785 2801 2796
f 2796 2801 2807
f 2787 2803 2780
f 2780 2803 2808
f 2789 2809 2799
f 2799 2809 2810
f 2799 2810 2786
f 2786 2810 2802
f 2791 2796 2804
f 2804 2796 2807
f 2789 2792 2809
f 2809 2792 2805
f 2812 2797 2811
f 2811 2797 2794
f 2809 2805 2810
f 2810 2805 2804
f 2810 2804 2802
f 2802 2804 2807
f 2802 2807 2803
f 2803 2807 2801
f 2808 2803 2800
f 2800 2803 2801
f 2814 699 2813
f 2813 699 698
f 2808 2815 2780
f 2780 2815 2781
f 2817 2782 2816
f 2816 2782 2798
f 2815 2818 2781
f 2781 2818 2795
f 2797 2812 2798
f 2798 2812 2816
f 2783 2782 2806
f 2806 2782 2817
f 2800 2806 2808
f 2808 2806 2815
f 2794 2793 2811
f 2811 2793 2819
f 174 201 384
f 384 201 362
f 200 1766 390
f 390 1766 1777
f 1777 1778 390
f 390 1778 398
f 1778 361 398
f 398 361 222
f 2820 2821 628
f 628 2821 629
f 1406 2820 790
f 790 2820 628
f 794 1415 1233
f 1233 1415 1234
f 1406 790 1407
f 1407 790 1312
f 1407 1312 2822
f 2822 1312 1316
f 2823 1380 1543
f 1543 1380 1379
f 1385 1738 1382
f 1382 1738 1383
f 1381 791 1382
f 1382 791 1386
f 791 794 1386
f 1386 794 1233
f 1259 1390 1260
f 1260 1390 1389
f 1905 1542 1394
f 1394 1542 1395
f 1410 1413 1397
f 1397 1413 1398
f 2821 1410 629
f 629 1410 1397
f 2823 2822 1380
f 1380 2822 1316
f 1392 1395 1378
f 1378 1395 1379
f 1738 1399 1383
f 1383 1399 1398
f 1388 1235 1389
f 1389 1235 1234
f 1393 1391 1394
f 1394 1391 1390
f 1381 1384 779
f 779 1384 780
f 1282 788 792
f 792 788 793
f 1431 1262 1432
f 1432 1262 1261
f 1400 1342 1408
f 1408 1342 1409
f 1508 1544 1411
f 1411 1544 1412
f 788 787 793
f 793 787 1414
f 2821 2820 1429
f 1429 2820 1430
f 2822 2823 1506
f 1506 2823 1507
f 778 1282 779
f 779 1282 792
f 2820 1406 1430
f 1430 1406 1409
f 1410 2821 1411
f 1411 2821 1429
f 1407 2822 1408
f 1408 2822 1506
f 1544 781 1412
f 1412 781 780
f 1260 1415 1261
f 1261 1415 1414
f 1334 2824 923
f 923 2824 924
f 2826 1268 2825
f 2825 1268 1267
f 769 1212 2827
f 2827 1212 2828
f 1492 1190 1266
f 1266 1190 1267
f 1488 2829 1489
f 1489 2829 2830
f 922 1329 923
f 923 1329 1328
f 1484 2831 1485
f 1485 2831 2832
f 1482 2833 1485
f 1485 2833 1486
f 1324 1493 1489
f 1489 1493 1490
f 1265 1491 1266
f 1266 1491 1490
f 2835 2836 2834
f 2834 2836 2837
f 1250 2838 2827
f 2827 2838 2839
f 1488 1491 2840
f 2840 1491 2841
f 1268 2826 2842
f 2842 2826 2843
f 2844 2845 1495
f 1495 2845 1496
f 1427 2847 2846
f 2846 2847 926
f 2829 1488 2848
f 2848 1488 2840
f 1329 922 2849
f 2849 922 927
f 2850 2851 768
f 768 2851 1213
f 1265 1268 2852
f 2852 1268 2842
f 1491 1265 2841
f 2841 1265 2852
f 2854 2855 2853
f 2853 2855 2856
f 2855 2857 2856
f 2856 2857 598
f 2857 2858 598
f 598 2858 595
f 2858 2859 595
f 595 2859 626
f 649 652 2860
f 2860 652 2861
f 639 642 2862
f 2862 642 2863
f 2864 705 2862
f 2862 705 639
f 2865 1418 2864
f 2864 1418 705
f 2866 2867 2865
f 2865 2867 1418
f 1760 1348 1761
f 1761 1348 2867
f 1764 2868 1197
f 1197 2868 1198
f 2869 611 2868
f 2868 611 1198
f 2870 612 2869
f 2869 612 611
f 1352 1350 944
f 944 1350 688
f 1350 1256 688
f 688 1256 685
f 1256 1255 685
f 685 1255 692
f 1255 2871 692
f 692 2871 2872
f 701 2873 698
f 698 2873 2813
f 2872 1349 692
f 692 1349 693
f 1696 1744 1574
f 1574 1744 1575
f 1753 1618 1577
f 1577 1618 1578
f 1729 1594 1608
f 1608 1594 1609
f 1725 1630 1611
f 1611 1630 1612
f 1604 1607 1625
f 1625 1607 1626
f 1624 1703 1625
f 1625 1703 1912
f 1703 1702 1912
f 1912 1702 1913
f 1702 1753 1913
f 1913 1753 1577
f 1598 1569 1915
f 1915 1569 1578
f 1616 1615 1915
f 1915 1615 1916
f 1615 1696 1916
f 1916 1696 1574
f 1744 1745 1575
f 1575 1745 1917
f 1745 1565 1917
f 1917 1565 1609
f 1568 1725 1608
f 1608 1725 1611
f 2874 1613 1918
f 1918 1613 1612
f 1607 2874 1626
f 1626 2874 1918
f 1610 1613 1562
f 1562 1613 1563
f 1547 1550 1570
f 1570 1550 1571
f 1573 1576 1580
f 1580 1576 1581
f 1553 1556 1595
f 1595 1556 1596
f 1556 1582 1596
f 1596 1582 1581
f 1551 1547 1599
f 1599 1547 1570
f 1731 1914 1601
f 1601 1914 1602
f 1686 1689 1605
f 1605 1689 1606
f 1598 1743 1599
f 1599 1743 1692
f 2874 1607 1723
f 1723 1607 1606
f 1727 1553 1730
f 1730 1553 1595
f 1600 1686 1601
f 1601 1686 1605
f 1914 1572 1602
f 1602 1572 1571
f 1579 1693 1580
f 1580 1693 1692
f 1613 2874 1563
f 1563 2874 1723
f 1561 1727 1562
f 1562 1727 1730
f 1949 1742 1548
f 1548 1742 1549
f 1694 1949 1552
f 1552 1949 1548
f 1954 1589 1554
f 1554 1589 1555
f 1693 1579 1558
f 1558 1579 1559
f 1561 1564 1584
f 1584 1564 1585
f 1582 1556 1588
f 1588 1556 1555
f 1600 1603 1591
f 1591 1603 1592
f 1981 1977 1687
f 1687 1977 1688
f 1564 1722 1585
f 1585 1722 1690
f 1551 1693 1552
f 1552 1693 1558
f 1751 1954 1728
f 1728 1954 1554
f 1590 1981 1591
f 1591 1981 1687
f 1603 1550 1592
f 1592 1550 1549
f 1977 1691 1688
f 1688 1691 1690
f 1587 1560 1588
f 1588 1560 1559
f 1727 1561 1728
f 1728 1561 1584
f 2875 1919 1947
f 1947 1919 1948
f 1557 1560 1952
f 1952 1560 1953
f 1933 1932 1955
f 1955 1932 1956
f 1587 1589 1958
f 1958 1589 1956
f 1959 1933 1965
f 1965 1933 1955
f 1961 1964 1966
f 1966 1964 1967
f 1981 1590 1969
f 1969 1590 1967
f 1742 1949 1972
f 1972 1949 1948
f 1593 1742 1966
f 1966 1742 1972
f 1957 1950 1958
f 1958 1950 1953
f 1583 1586 1974
f 1974 1586 1975
f 1940 1943 1978
f 1978 1943 1979
f 1943 1976 1979
f 1979 1976 1975
f 1951 2875 1952
f 1952 2875 1947
f 1968 1940 1969
f 1969 1940 1978
f 1973 1959 1974
f 1974 1959 1965
f 1923 1971 1920
f 1920 1971 1921
f 1919 2875 1920
f 1920 2875 1924
f 2875 1951 1924
f 1924 1951 1926
f 1950 1957 1929
f 1929 1957 1930
f 2244 2243 1934
f 1934 2243 1935
f 1973 1976 1937
f 1937 1976 1938
f 1944 1980 1941
f 1941 1980 1942
f 1940 1968 1941
f 1941 1968 1945
f 2287 2244 1960
f 1960 2244 1934
f 1970 2245 1962
f 1962 2245 1963
f 2243 1931 1935
f 1935 1931 1930
f 1927 1926 1928
f 1928 1926 1929
f 1961 1922 1962
f 1962 1922 1921
f 2245 1946 1963
f 1963 1946 1945
f 1976 1943 1938
f 1938 1943 1942
f 1936 2287 1937
f 1937 2287 1960
f 743 1238 608
f 608 1238 609
f 607 1811 608
f 608 1811 744
f 1304 2876 1305
f 1305 2876 2877
f 586 585 1298
f 1298 585 1299
f 585 702 1299
f 1299 702 1300
f 702 1428 1300
f 1300 1428 1301
f 1238 586 609
f 609 586 1298
f 2878 2879 1218
f 1218 2879 2877
f 2880 2881 1812
f 1812 2881 1819
f 2883 1821 2882
f 2882 1821 1820
f 2840 2841 620
f 620 2841 621
f 2842 2843 795
f 795 2843 796
f 892 895 2844
f 2844 895 2845
f 2848 2840 942
f 942 2840 620
f 2849 927 1202
f 1202 927 1203
f 2852 2842 1270
f 1270 2842 795
f 2841 2852 621
f 621 2852 1270
f 941 1759 942
f 942 1759 2884
f 659 929 1427
f 1427 929 2847
f 1237 2851 751
f 751 2851 2850
f 1216 2885 1217
f 1217 2885 1754
f 2887 734 2886
f 2886 734 733
f 2889 1816 2888
f 2888 1816 1815
f 2890 1245 2889
f 2889 1245 1816
f 1824 2891 1825
f 1825 2891 1246
f 2892 2893 2895
f 2895 2893 2894
f 1854 1833 1851
f 1851 1833 1832
f 1851 1832 1884
f 1884 1832 1876
f 1884 1876 1441
f 1441 1876 1443
f 1441 1443 1442
f 1442 1443 1446
f 1442 1446 2896
f 2896 1446 1507
f 2897 2823 2898
f 2898 2823 1543
f 1542 2899 1543
f 1543 2899 2898
f 1542 1905 2899
f 2899 1905 2900
f 1905 1259 2900
f 2900 1259 2901
f 1262 1431 2902
f 2902 1431 1904
f 1431 1434 1904
f 1904 1434 1902
f 1902 1434 2903
f 2903 1434 719
f 2903 719 2904
f 2904 719 718
f 1869 1881 718
f 718 1881 2904
f 1881 1869 1880
f 1880 1869 756
f 1880 756 2905
f 2905 756 755
f 2905 755 2906
f 2906 755 758
f 762 2907 763
f 763 2907 2908
f 724 723 2909
f 2909 723 894
f 796 895 723
f 723 895 894
f 2843 2845 796
f 796 2845 895
f 2826 1496 2843
f 2843 1496 2845
f 2825 1497 2826
f 2826 1497 1496
f 1189 2836 2825
f 2825 2836 1497
f 797 891 798
f 798 891 2837
f 802 888 797
f 797 888 891
f 2910 2911 2913
f 2913 2911 2912
f 1780 1783 2915
f 2915 1783 2914
f 2916 2917 831
f 831 2917 832
f 2918 2919 845
f 845 2919 846
f 2920 2916 847
f 847 2916 831
f 2921 2922 857
f 857 2922 858
f 2923 2924 860
f 860 2924 861
f 2919 2912 846
f 846 2912 887
f 2925 2920 940
f 940 2920 847
f 2924 2926 861
f 861 2926 1204
f 2917 2918 832
f 832 2918 845
f 2927 2928 1449
f 1449 2928 1450
f 2929 2930 889
f 889 2930 2931
f 2896 1507 2897
f 2897 1507 2823
f 2902 2901 1262
f 1262 2901 1259
f 2932 2933 750
f 750 2933 1236
f 2933 2934 1236
f 1236 2934 1835
f 2936 2937 2935
f 2935 2937 2938
f 2940 2941 2939
f 2939 2941 2942
f 2943 2944 1841
f 1841 2944 1842
f 2945 1860 2944
f 2944 1860 1842
f 2945 2946 1860
f 1860 2946 1859
f 1889 2947 1890
f 1890 2947 1856
f 1856 2947 1857
f 1857 2947 2948
f 2950 709 2949
f 2949 709 1829
f 2952 730 2951
f 2951 730 729
f 2866 2953 2867
f 2867 2953 1761
f 2953 2954 1761
f 1761 2954 1420
f 2954 2955 1420
f 1420 2955 742
f 2955 2956 742
f 742 2956 739
f 2956 2957 739
f 739 2957 760
f 2957 2958 760
f 760 2958 761
f 2958 2959 761
f 761 2959 2960
f 2959 2961 2960
f 2960 2961 2962
f 2963 2964 1839
f 1839 2964 1840
f 2964 2965 1840
f 1840 2965 2942
f 2966 2950 2939
f 2939 2950 2949
f 2935 2967 2936
f 2936 2967 2968
f 2969 2970 736
f 736 2970 735
f 734 2887 1815
f 1815 2887 2888
f 2887 2882 2888
f 2888 2882 2881
f 1819 1820 1817
f 1817 1820 748
f 1195 1757 1197
f 1197 1757 1424
f 1757 647 1424
f 1424 647 646
f 647 648 646
f 646 648 643
f 648 1271 643
f 643 1271 737
f 1271 725 737
f 737 725 765
f 725 724 765
f 765 724 762
f 762 724 2907
f 2907 724 2909
f 1254 1437 2909
f 2909 1437 2907
f 1438 1253 1836
f 1836 1253 1835
f 1836 1835 2938
f 2938 1835 2934
f 2971 2972 2935
f 2935 2972 2967
f 897 896 2969
f 2969 896 2970
f 1815 1814 734
f 734 1814 731
f 728 1215 896
f 896 1215 732
f 2885 1216 733
f 733 1216 2886
f 1216 1219 2886
f 2886 1219 2883
f 2876 1304 1821
f 1821 1304 749
f 1304 1303 749
f 749 1303 746
f 1818 2973 1817
f 1817 2973 1810
f 747 2974 1818
f 1818 2974 2973
f 747 746 2974
f 2974 746 1303
f 2976 2977 2975
f 2975 2977 2978
f 2976 2979 2901
f 2901 2979 2900
f 2980 2981 2982
f 2982 2981 2979
f 2981 2980 2983
f 2983 2980 2984
f 2985 2897 2983
f 2983 2897 2898
f 2987 2988 2986
f 2986 2988 2985
f 2896 2988 1442
f 1442 2988 1439
f 1903 2977 1904
f 1904 2977 2902
f 1856 1855 1890
f 1890 1855 2989
f 2989 2990 1890
f 1890 2990 1359
f 2990 2991 1359
f 1359 2991 1356
f 2946 2992 1859
f 1859 2992 1893
f 2992 2993 1893
f 1893 2993 775
f 2993 2994 775
f 775 2994 776
f 2986 1356 2987
f 2987 1356 2991
f 2975 2978 776
f 776 2978 777
f 2982 2994 2980
f 2980 2994 2995
f 1357 2984 2995
f 2995 2984 2980
f 2995 2996 1357
f 1357 2996 1358
f 2996 2997 1358
f 1358 2997 1889
f 2998 2999 2932
f 2932 2999 2933
f 2999 2971 2933
f 2933 2971 2934
f 1837 1836 2937
f 2937 1836 2938
f 2943 1841 2941
f 2941 1841 1838
f 3001 2944 3000
f 3000 2944 2943
f 3001 3002 2944
f 2944 3002 2945
f 3002 3003 2945
f 2945 3003 2946
f 2997 3003 1889
f 1889 3003 2947
f 2947 3003 2948
f 2948 3003 3002
f 3001 3004 3002
f 3002 3004 2948
f 3000 3005 3001
f 3001 3005 3004
f 2940 3006 3000
f 3000 3006 3005
f 2999 3007 2971
f 2971 3007 2972
f 2998 2951 2999
f 2999 2951 3007
f 3008 2952 2998
f 2998 2952 2951
f 2966 2965 2936
f 2936 2965 2937
f 2935 2938 2971
f 2971 2938 2934
f 3003 2997 2946
f 2946 2997 2992
f 2997 2996 2992
f 2992 2996 2993
f 2996 2995 2993
f 2993 2995 2994
f 1356 2986 1357
f 1357 2986 2984
f 2982 2975 2994
f 2994 2975 776
f 1844 1843 1899
f 1899 1843 3009
f 1843 638 3009
f 3009 638 3010
f 638 637 3010
f 3010 637 3011
f 637 1830 3011
f 3011 1830 3012
f 1830 1833 3012
f 3012 1833 2894
f 1833 1854 2894
f 2894 1854 2895
f 1854 1853 2895
f 2895 1853 1888
f 1858 1857 1885
f 1885 1857 1892
f 1899 3009 1898
f 1898 3009 1874
f 3009 3010 1874
f 1874 3010 1865
f 3010 3011 1865
f 1865 3011 1862
f 3011 3012 1862
f 1862 3012 1882
f 3012 2894 1882
f 1882 2894 2893
f 1850 2890 782
f 782 2890 2889
f 783 2880 1811
f 1811 2880 1812
f 744 1810 745
f 745 1810 2973
f 745 2973 805
f 805 2973 806
f 2973 2974 806
f 806 2974 815
f 1303 812 2974
f 2974 812 815
f 1303 1302 812
f 812 1302 1221
f 1307 3013 1302
f 1302 3013 1221
f 1734 3014 1633
f 1633 3014 1634
f 1646 1649 1636
f 1636 1649 1637
f 1654 1657 1641
f 1641 1657 1642
f 1639 1736 1636
f 1636 1736 1684
f 1716 1713 1698
f 1698 1713 1699
f 1718 1721 1705
f 1705 1721 1706
f 1653 1654 1709
f 1709 1654 1641
f 1620 1623 1714
f 1714 1623 1699
f 1712 1682 1714
f 1714 1682 1740
f 1668 1671 1746
f 1746 1671 1747
f 1752 1650 1749
f 1749 1650 1750
f 1750 1650 1709
f 1709 1650 1653
f 1632 1668 1633
f 1633 1668 1746
f 1649 1752 1637
f 1637 1752 1749
f 1682 1643 1740
f 1740 1643 1642
f 3014 1685 1634
f 1634 1685 1684
f 1704 1748 1705
f 1705 1748 1747
f 1697 1707 1698
f 1698 1707 1706
f 1739 1701 1621
f 1621 1701 1622
f 1567 1566 1647
f 1647 1566 1648
f 1664 1695 1651
f 1651 1695 1652
f 1614 1617 1655
f 1655 1617 1656
f 1704 1707 1659
f 1659 1707 1660
f 3014 1734 1662
f 1662 1734 1663
f 1650 1752 1651
f 1651 1752 1665
f 1741 1657 1667
f 1667 1657 1656
f 1695 1614 1652
f 1652 1614 1655
f 1724 1567 1726
f 1726 1567 1647
f 1645 1628 1733
f 1733 1628 1663
f 1685 3014 1726
f 1726 3014 1662
f 1620 1741 1621
f 1621 1741 1667
f 1566 1666 1648
f 1648 1666 1665
f 1658 1737 1659
f 1659 1737 1901
f 1911 1661 1910
f 1910 1661 1660
f 1701 1911 1622
f 1622 1911 1910
f 1732 1748 1733
f 1733 1748 1901
f 1857 2948 1892
f 1892 2948 3004
f 1892 3004 1891
f 1891 3004 3005
f 1828 3006 1829
f 1829 3006 2949
f 2967 736 2968
f 2968 736 710
f 2972 2969 2967
f 2967 2969 736
f 2969 2972 897
f 897 2972 3007
f 897 3007 729
f 729 3007 2951
f 3016 753 3015
f 3015 753 752
f 3018 767 3017
f 3017 767 766
f 3019 3020 1249
f 1249 3020 3021
f 2915 2914 3019
f 3019 2914 3020
f 3023 2914 3022
f 3022 2914 1783
f 2827 2839 769
f 769 2839 766
f 3025 2838 3024
f 3024 2838 3021
f 768 767 2850
f 2850 767 3026
f 2850 3026 751
f 751 3026 752
f 750 753 2932
f 2932 753 3027
f 3008 2998 3027
f 3027 2998 2932
f 3028 3029 3008
f 3008 3029 2952
f 3029 3030 2952
f 2952 3030 730
f 3032 3033 3031
f 3031 3033 3034
f 3036 3037 3035
f 3035 3037 3038
f 2870 3039 612
f 612 3039 3040
f 3041 3042 3031
f 3031 3042 3038
f 3034 1352 3043
f 3043 1352 944
f 612 3040 613
f 613 3040 3044
f 613 3044 1425
f 1425 3044 1422
f 3045 3042 669
f 669 3042 670
f 3041 3043 599
f 599 3043 600
f 772 771 1544
f 1544 771 781
f 1503 771 1866
f 1866 771 770
f 771 1503 781
f 781 1503 778
f 61 281 416
f 416 281 1907
f 283 103 3046
f 3046 103 3047
f 76 79 3048
f 3048 79 3049
f 280 76 1906
f 1906 76 3048
f 3051 335 3050
f 3050 335 334
f 3053 417 3052
f 3052 417 416
f 3055 435 3054
f 3054 435 434
f 428 435 419
f 419 435 1908
f 420 1909 293
f 293 1909 443
f 79 294 3049
f 3049 294 444
f 3057 444 3056
f 3056 444 443
f 3051 3058 335
f 335 3058 452
f 216 215 1332
f 1332 215 452
f 308 283 462
f 462 283 3046
f 3050 334 3059
f 3059 334 462
f 103 62 3047
f 3047 62 417
f 313 312 434
f 434 312 463
f 3061 574 3060
f 3060 574 573
f 1310 3062 1428
f 1428 3062 3063
f 1258 3064 1255
f 1255 3064 2871
f 932 3065 2853
f 2853 3065 3066
f 699 2814 931
f 931 2814 3067
f 3068 1301 3063
f 3063 1301 1428
f 571 574 1310
f 1310 574 3062
f 3060 573 3069
f 3069 573 1332
f 3070 3071 1906
f 1906 3071 1907
f 3072 3073 1908
f 1908 3073 1909
f 3075 2814 3074
f 3074 2814 2813
f 2854 3076 1258
f 1258 3076 3064
f 2871 3077 2872
f 2872 3077 3078
f 3074 2813 3079
f 3079 2813 2873
f 2872 3078 1349
f 1349 3078 3080
f 2873 701 3068
f 3068 701 1301
f 1330 1201 3080
f 3080 1201 1349
f 1264 1263 3081
f 3081 1263 3082
f 3083 3084 3082
f 3082 3084 3081
f 811 1448 3086
f 3086 1448 3085
f 808 811 3087
f 3087 811 3086
f 3088 3083 833
f 833 3083 3082
f 884 3089 885
f 885 3089 3090
f 3087 1790 808
f 808 1790 816
f 1790 3087 1787
f 1787 3087 3091
f 3092 3091 3086
f 3086 3091 3087
f 3093 3094 3084
f 3084 3094 3095
f 3089 3096 3090
f 3090 3096 3088
f 3097 3093 3083
f 3083 3093 3084
f 3099 3100 3098
f 3098 3100 1786
f 3101 1788 2913
f 2913 1788 3102
f 838 837 885
f 885 837 886
f 886 837 3103
f 3103 837 1541
f 3094 3093 3104
f 3104 3093 3097
f 3105 3106 3089
f 3089 3106 3096
f 3108 3109 3107
f 3107 3109 3110
f 3111 3112 3091
f 3091 3112 1787
f 3114 3108 3113
f 3113 3108 3107
f 3114 3115 3112
f 3112 3115 3102
f 3091 3092 3111
f 3111 3092 3116
f 839 838 835
f 835 838 836
f 885 3090 838
f 838 3090 836
f 3110 3117 1247
f 1247 3117 3118
f 1247 3118 1248
f 1248 3118 3119
f 3120 3121 3119
f 3119 3121 1248
f 1247 844 3110
f 3110 844 3107
f 844 843 3107
f 3107 843 3113
f 843 3099 3113
f 3113 3099 3122
f 1781 3123 3098
f 3098 3123 3124
f 2915 2931 1780
f 1780 2931 2930
f 3019 3125 2915
f 2915 3125 2931
f 890 3125 2834
f 2834 3125 1252
f 3125 3019 1252
f 1252 3019 1249
f 907 908 946
f 946 908 947
f 1185 1188 1369
f 1369 1188 948
f 954 957 951
f 951 957 952
f 910 965 953
f 953 965 950
f 905 958 960
f 960 958 961
f 3126 978 949
f 949 978 962
f 936 935 967
f 967 935 968
f 994 993 969
f 969 993 966
f 902 904 971
f 971 904 972
f 983 985 973
f 973 985 970
f 906 905 974
f 974 905 960
f 977 981 959
f 959 981 975
f 911 910 1143
f 1143 910 953
f 952 957 1142
f 1142 957 1145
f 911 1143 1366
f 1366 1143 1368
f 1185 1369 1145
f 1145 1369 1142
f 993 1519 966
f 966 1519 1456
f 965 1454 950
f 950 1454 1457
f 900 899 1459
f 1459 899 1460
f 988 991 1461
f 1461 991 1458
f 899 963 1460
f 1460 963 1462
f 985 987 970
f 970 987 1463
f 904 906 972
f 972 906 974
f 981 983 975
f 975 983 973
f 935 900 968
f 968 900 1459
f 991 994 1458
f 1458 994 969
f 1154 1526 1088
f 1088 1526 1089
f 1109 1112 1092
f 1092 1112 1093
f 1083 1098 1084
f 1084 1098 1097
f 1078 1471 1100
f 1100 1471 1101
f 1075 1078 1104
f 1104 1078 1100
f 1152 1154 1156
f 1156 1154 1088
f 1156 1155 1372
f 1372 1155 1373
f 1372 1373 1104
f 1104 1373 1075
f 1467 1109 1465
f 1465 1109 1092
f 1465 1182 1468
f 1468 1182 1184
f 1474 1470 1096
f 1096 1470 1097
f 1102 1101 1083
f 1083 1101 1098
f 1112 1531 1093
f 1093 1531 1529
f 1102 1073 1099
f 1099 1073 1072
f 1526 1154 1079
f 1079 1154 1080
f 1081 1091 1082
f 1082 1091 1094
f 1069 1068 1085
f 1085 1068 1086
f 1153 1151 1080
f 1080 1151 1058
f 1371 1177 1179
f 1179 1177 1176
f 1099 1072 1103
f 1103 1072 1176
f 1068 1071 1086
f 1086 1071 1073
f 1085 1084 1180
f 1180 1084 1469
f 1066 1065 1183
f 1183 1065 1181
f 1153 1152 1177
f 1177 1152 1178
f 1091 1081 1182
f 1182 1081 1183
f 1057 1525 1079
f 1079 1525 1527
f 1120 1117 1076
f 1076 1117 1077
f 1087 1090 1107
f 1107 1090 1108
f 1127 1126 1110
f 1110 1126 1111
f 1095 1116 1096
f 1096 1116 1115
f 1471 1078 1119
f 1119 1078 1077
f 1087 1107 1155
f 1155 1107 1158
f 1376 1374 1157
f 1157 1374 1158
f 1076 1075 1374
f 1374 1075 1373
f 1109 1467 1110
f 1110 1467 1472
f 1467 1466 1472
f 1472 1466 1473
f 1135 1475 1114
f 1114 1475 1115
f 1471 1119 1095
f 1095 1119 1116
f 1126 1532 1111
f 1111 1532 1530
f 914 1276 1480
f 1480 1276 1517
f 3127 3128 1223
f 1223 3128 1224
f 824 933 1455
f 1455 933 3129
f 3131 1448 3130
f 3130 1448 1447
f 3132 3133 1452
f 1452 3133 1453
f 3130 1447 1322
f 1322 1447 1455
f 933 1514 3129
f 3129 1514 3134
f 1161 3135 1480
f 1480 3135 1481
f 3128 3136 1224
f 1224 3136 1499
f 3133 1162 1453
f 1453 1162 1517
f 1515 3127 1535
f 1535 3127 1223
f 3095 3085 3131
f 3131 3085 1448
f 3137 3092 3085
f 3085 3092 3086
f 3138 3116 3137
f 3137 3116 3092
f 3110 3109 3117
f 3117 3109 3139
f 3105 3140 3117
f 3117 3140 3118
f 3140 3141 3118
f 3118 3141 3119
f 3142 3120 3141
f 3141 3120 3119
f 1498 3143 1277
f 1277 3143 882
f 3144 3145 1340
f 1340 3145 1339
f 1340 3146 3144
f 3144 3146 3147
f 3145 3144 3143
f 3143 3144 3148
f 871 901 872
f 872 901 1362
f 3149 3148 3147
f 3147 3148 3144
f 1208 3150 1209
f 3098 1786 1781
f 1781 1786 1782
f 2930 2929 3123
f 3123 2929 2911
f 1794 1791 2916
f 2916 1791 2917
f 1793 3101 2918
f 2918 3101 2919
f 1796 1794 2920
f 2920 1794 2916
f 3151 3152 2921
f 2921 3152 2922
f 3153 3154 2923
f 2923 3154 2924
f 2919 3101 2912
f 2912 3101 2913
f 3155 1796 2925
f 2925 1796 2920
f 3154 3156 2924
f 2924 3156 2926
f 1791 1793 2917
f 2917 1793 2918
f 3157 3158 2927
f 2927 3158 2928
f 1780 2930 1781
f 1781 2930 3123
f 2825 1267 1189
f 1189 1267 1190
f 2827 2828 1250
f 1250 2828 1251
f 1489 2830 1324
f 1324 2830 1325
f 923 1328 1334
f 1334 1328 1335
f 1485 2832 1482
f 1482 2832 1483
f 1266 1490 1492
f 1492 1490 1493
f 1333 1346 1334
f 1334 1346 2824
f 722 799 1492
f 1492 799 1190
f 664 657 1482
f 1482 657 2833
f 631 634 1324
f 1324 634 1493
f 2828 1494 1251
f 1251 1494 2835
f 1249 3021 1250
f 1250 3021 2838
f 798 2837 1189
f 1189 2837 2836
f 3100 842 3160
f 3160 842 3159
f 1788 3101 1789
f 1789 3101 1793
f 1792 816 1789
f 1789 816 1790
f 817 816 1795
f 1795 816 1792
f 938 817 1797
f 1797 817 1795
f 1796 3155 1797
f 1797 3155 1798
f 3155 3158 1798
f 1798 3158 1799
f 3157 3152 1801
f 1801 3152 1802
f 3151 3156 1803
f 1803 3156 1804
f 3154 3153 1805
f 1805 3153 1806
f 3153 3161 1806
f 1806 3161 1807
f 3099 843 3100
f 3100 843 842
f 1788 1787 3102
f 3102 1787 3112
f 2910 3115 3124
f 3124 3115 3122
f 3099 3098 3122
f 3122 3098 3124
f 416 1907 3052
f 3052 1907 3071
f 3046 3047 3163
f 3163 3047 3162
f 249 445 259
f 259 445 3164
f 425 3165 424
f 424 3165 461
f 408 410 329
f 329 410 330
f 39 331 40
f 40 331 332
f 305 304 423
f 423 304 464
f 385 254 458
f 458 254 392
f 250 415 251
f 251 415 412
f 233 337 234
f 234 337 3166
f 435 3055 1908
f 1908 3055 3072
f 443 1909 3056
f 3056 1909 3073
f 3167 3049 3057
f 3057 3049 444
f 452 3058 1332
f 1332 3058 3069
f 234 3166 346
f 346 3166 411
f 3046 3163 462
f 462 3163 3059
f 259 3164 260
f 260 3164 336
f 3047 417 3162
f 3162 417 3053
f 463 3168 434
f 434 3168 3054
f 454 830 425
f 425 830 3165
f 3062 3169 3063
f 3063 3169 3170
f 1355 1354 1534
f 1534 1354 3171
f 3063 3170 3068
f 3068 3170 3172
f 574 3061 3062
f 3062 3061 3169
f 1534 3171 1535
f 1535 3171 3173
f 3079 2873 3172
f 3172 2873 3068
f 2838 3025 2839
f 2839 3025 3174
f 3176 3177 3175
f 3175 3177 3178
f 3180 1125 3179
f 3179 1125 1128
f 3182 3183 3181
f 3181 3183 3184
f 1134 3185 1130
f 1130 3185 3182
f 3186 3187 3189
f 3189 3187 3188
f 3191 3189 3190
f 3190 3189 3188
f 1137 1122 3190
f 3190 1122 3192
f 3175 3178 3193
f 3193 3178 3194
f 3181 3184 3179
f 3179 3184 3195
f 3197 3198 3196
f 3196 3198 3180
f 3200 3178 3199
f 3199 3178 3177
f 3202 3196 3201
f 3201 3196 3195
f 3204 3184 3203
f 3203 3184 3183
f 3206 3207 3205
f 3205 3207 3186
f 3205 3186 3208
f 3208 3186 3189
f 3209 3208 3191
f 3191 3208 3189
f 3210 3194 3200
f 3200 3194 3178
f 3201 3195 3204
f 3204 3195 3184
f 3197 3211 3177
f 3177 3211 3199
f 3213 3214 3212
f 3212 3214 3215
f 3217 3218 3216
f 3216 3218 3219
f 3221 3222 3220
f 3220 3222 3223
f 3225 3226 3224
f 3224 3226 3227
f 3229 3230 3228
f 3228 3230 3231
f 3233 3234 3232
f 3232 3234 3235
f 3237 3238 3236
f 3236 3238 3239
f 3238 3240 3239
f 3239 3240 3241
f 3232 3235 3242
f 3242 3235 3243
f 3245 3246 3244
f 3244 3246 3247
f 3248 3249 3245
f 3245 3249 3246
f 3251 3252 3250
f 3250 3252 3253
f 3255 3252 3254
f 3254 3252 3251
f 3256 3257 3259
f 3259 3257 3258
f 3261 3262 3260
f 3260 3262 3263
f 3265 3263 3264
f 3264 3263 3262
f 3256 3259 3266
f 3266 3259 3267
f 3269 3270 3268
f 3268 3270 3271
f 3269 3272 3270
f 3270 3272 3273
f 3274 3275 3277
f 3277 3275 3276
f 3278 3279 3276
f 3276 3279 3277
f 3281 3282 3280
f 3280 3282 3283
f 3280 3284 3281
f 3281 3284 3285
f 3287 3288 3286
f 3286 3288 3289
f 3290 3291 3288
f 3288 3291 3289
f 3234 3218 3235
f 3235 3218 3217
f 3232 3292 3233
f 3233 3292 3293
f 3239 3294 3236
f 3236 3294 3219
f 3233 3293 3237
f 3237 3293 3295
f 3296 3294 3241
f 3241 3294 3239
f 3240 3238 3297
f 3297 3238 3298
f 3217 3216 3235
f 3235 3216 3243
f 3297 3299 3240
f 3240 3299 3242
f 3246 3300 3247
f 3247 3300 3223
f 3301 3302 3254
f 3254 3302 3244
f 3249 3303 3246
f 3246 3303 3300
f 3245 3304 3248
f 3248 3304 3292
f 3252 3221 3253
f 3253 3221 3220
f 3250 3248 3299
f 3299 3248 3292
f 3222 3221 3255
f 3255 3221 3252
f 3297 3301 3251
f 3251 3301 3254
f 3258 3214 3259
f 3259 3214 3213
f 3257 3256 3304
f 3304 3256 3305
f 3263 3306 3260
f 3260 3306 3215
f 3261 3257 3302
f 3302 3257 3304
f 3307 3306 3265
f 3265 3306 3263
f 3262 3301 3264
f 3264 3301 3308
f 3259 3213 3267
f 3267 3213 3212
f 3308 3309 3264
f 3264 3309 3266
f 3270 3310 3271
f 3271 3310 3231
f 3311 3312 3278
f 3278 3312 3268
f 3270 3273 3310
f 3310 3273 3313
f 3272 3269 3305
f 3305 3269 3314
f 3277 3229 3274
f 3274 3229 3228
f 3275 3272 3309
f 3309 3272 3305
f 3279 3230 3277
f 3277 3230 3229
f 3276 3308 3278
f 3278 3308 3311
f 3281 3315 3282
f 3282 3315 3227
f 3290 3316 3283
f 3283 3316 3317
f 3281 3285 3315
f 3315 3285 3318
f 3284 3280 3314
f 3314 3280 3319
f 3289 3225 3286
f 3286 3225 3224
f 3287 3284 3312
f 3284 3314 3312
f 3291 3226 3289
f 3289 3226 3225
f 3288 3311 3290
f 3290 3311 3316
f 3212 3215 3307
f 3307 3215 3306
f 3294 3296 3219
f 3219 3296 3216
f 3303 3220 3300
f 3300 3220 3223
f 3224 3227 3318
f 3318 3227 3315
f 3228 3231 3313
f 3313 3231 3310
f 3234 3233 3236
f 3236 3233 3237
f 3243 3241 3242
f 3242 3241 3240
f 3247 3255 3244
f 3244 3255 3254
f 3253 3249 3250
f 3250 3249 3248
f 3260 3258 3261
f 3261 3258 3257
f 3266 3267 3264
f 3264 3267 3265
f 3268 3271 3278
f 3278 3271 3279
f 3274 3273 3275
f 3275 3273 3272
f 3283 3282 3290
f 3290 3282 3291
f 3286 3285 3287
f 3287 3285 3284
f 3218 3234 3219
f 3219 3234 3236
f 3295 3298 3237
f 3237 3298 3238
f 3216 3296 3243
f 3243 3296 3241
f 3242 3299 3232
f 3232 3299 3292
f 3223 3222 3247
f 3247 3222 3255
f 3244 3302 3245
f 3245 3302 3304
f 3303 3249 3220
f 3220 3249 3253
f 3297 3251 3299
f 3299 3251 3250
f 3215 3214 3260
f 3260 3214 3258
f 3301 3262 3302
f 3302 3262 3261
f 3212 3307 3267
f 3267 3307 3265
f 3266 3309 3256
f 3256 3309 3305
f 3271 3231 3279
f 3279 3231 3230
f 3268 3312 3269
f 3269 3312 3314
f 3228 3313 3274
f 3274 3313 3273
f 3308 3276 3309
f 3309 3276 3275
f 3282 3227 3291
f 3291 3227 3226
f 3317 3319 3283
f 3283 3319 3280
f 3224 3318 3286
f 3286 3318 3285
f 3312 3311 3287
f 3311 3288 3287
f 3320 3321 3194
f 3194 3321 3193
f 1375 3321 1121
f 1121 3321 3322
f 3323 3324 3322
f 3322 3324 3192
f 3175 1124 3176
f 3176 1124 1123
f 3179 3195 3180
f 3180 3195 3196
f 3181 1131 3182
f 3182 1131 1130
f 3207 3185 3186
f 3186 3185 3187
f 1136 3188 1133
f 1133 3188 3187
f 3190 3188 1137
f 1137 3188 1136
f 3193 1159 3175
f 3175 1159 1124
f 3179 1128 3181
f 3181 1128 1131
f 1533 3198 1123
f 1123 3198 3176
f 3321 1375 3193
f 3193 1375 1159
f 3321 3320 3322
f 3322 3320 3323
f 1122 1121 3192
f 3192 1121 3322
f 3194 3210 3320
f 3320 3210 3325
f 3324 3323 3327
f 3327 3323 3326
f 3320 3325 3323
f 3323 3325 3326
f 3208 3328 3205
f 3205 3328 3329
f 3330 3206 3329
f 3329 3206 3205
f 3203 3331 3204
f 3204 3331 3332
f 3210 3333 3325
f 3325 3333 3334
f 3325 3334 3326
f 3326 3334 3335
f 3327 3326 3336
f 3336 3326 3335
f 3327 3209 3324
f 3324 3209 3191
f 3190 3192 3191
f 3191 3192 3324
f 3338 3339 3337
f 3337 3339 3340
f 3338 3341 3339
f 3339 3341 3342
f 3341 3343 3342
f 3342 3343 3344
f 3343 3345 3344
f 3344 3345 3346
f 3345 3347 3346
f 3346 3347 3348
f 3347 3349 3348
f 3348 3349 3350
f 3337 3340 3351
f 3351 3340 3352
f 3351 3352 3353
f 3353 3352 3354
f 3353 3354 3355
f 3355 3354 3356
f 3350 3349 3357
f 3357 3349 3358
f 3355 3356 3359
f 3359 3356 3360
f 3359 3360 3361
f 3361 3360 3362
f 3361 3362 3363
f 3363 3362 3364
f 3363 3364 3358
f 3358 3364 3357
f 3339 3342 3365
f 3365 3342 3366
f 3342 3344 3366
f 3366 3344 3367
f 3344 3346 3367
f 3367 3346 3368
f 3346 3348 3368
f 3368 3348 3369
f 3348 3350 3369
f 3369 3350 3370
f 3368 3369 3371
f 3371 3369 3372
f 3369 3370 3372
f 3372 3370 3373
f 3373 3374 3372
f 3372 3374 3375
f 3377 3378 3376
f 3376 3378 3379
f 3377 3375 3378
f 3378 3375 3374
f 3375 3380 3372
f 3372 3380 3371
f 3377 3381 3375
f 3375 3381 3380
f 3376 3382 3377
f 3377 3382 3381
f 3384 3385 3383
f 3383 3385 3386
f 3384 3383 3388
f 3388 3383 3387
f 3388 3387 3389
f 3389 3387 3390
f 3392 3385 3391
f 3391 3385 3384
f 3388 3393 3384
f 3384 3393 3391
f 3389 3394 3388
f 3388 3394 3393
f 3389 3395 3394
f 3394 3395 3396
f 3395 3389 3397
f 3397 3389 3390
f 3339 3365 3340
f 3340 3365 3398
f 3340 3398 3352
f 3352 3398 3399
f 3371 3400 3368
f 3368 3400 3367
f 3400 3401 3367
f 3367 3401 3366
f 3366 3401 3365
f 3365 3401 3402
f 3398 3365 3403
f 3403 3365 3402
f 3398 3403 3399
f 3399 3403 3404
f 3403 3405 3404
f 3404 3405 3406
f 3352 3399 3354
f 3354 3399 3407
f 3399 3404 3407
f 3407 3404 3408
f 3404 3406 3408
f 3408 3406 3409
f 3405 3410 3406
f 3406 3410 3411
f 3410 3412 3411
f 3411 3412 3413
f 3397 3414 3395
f 3395 3414 3415
f 3417 3415 3416
f 3416 3415 3412
f 3410 3418 3412
f 3412 3418 3416
f 3410 3405 3418
f 3418 3405 3419
f 3405 3403 3419
f 3419 3403 3402
f 3370 3350 3420
f 3420 3350 3357
f 3373 3370 3421
f 3421 3370 3420
f 3374 3373 3422
f 3422 3373 3421
f 3378 3374 3423
f 3423 3374 3422
f 3378 3423 3379
f 3379 3423 3424
f 3424 3425 3379
f 3379 3425 3386
f 3383 3426 3387
f 3387 3426 3427
f 3387 3427 3390
f 3390 3427 3428
f 3390 3428 3397
f 3397 3428 3429
f 3429 3430 3397
f 3397 3430 3414
f 3411 3413 3431
f 3431 3413 3432
f 3406 3411 3409
f 3409 3411 3431
f 3401 3400 3335
f 3335 3400 3336
f 3401 3335 3402
f 3402 3335 3334
f 3402 3334 3419
f 3419 3334 3333
f 3419 3333 3418
f 3418 3333 3433
f 3418 3433 3416
f 3416 3433 3434
f 3435 3417 3434
f 3434 3417 3416
f 3394 3396 3436
f 3436 3396 3437
f 3393 3394 3332
f 3332 3394 3436
f 3393 3332 3391
f 3391 3332 3331
f 3330 3392 3331
f 3331 3392 3391
f 3382 3329 3381
f 3381 3329 3328
f 3354 3407 3356
f 3356 3407 3438
f 3356 3438 3360
f 3360 3438 3439
f 3360 3439 3362
f 3362 3439 3440
f 3362 3440 3364
f 3364 3440 3441
f 3364 3441 3357
f 3357 3441 3420
f 3421 3420 3442
f 3442 3420 3441
f 3442 3441 3443
f 3443 3441 3440
f 3443 3440 3444
f 3444 3440 3439
f 3444 3439 3445
f 3445 3439 3438
f 3445 3438 3408
f 3408 3438 3407
f 3422 3421 3446
f 3446 3421 3442
f 3446 3442 3447
f 3447 3442 3443
f 3447 3443 3448
f 3448 3443 3444
f 3448 3444 3449
f 3449 3444 3445
f 3449 3445 3409
f 3409 3445 3408
f 3409 3431 3449
f 3449 3431 3450
f 3449 3450 3448
f 3448 3450 3451
f 3451 3452 3448
f 3448 3452 3447
f 3447 3452 3446
f 3446 3452 3453
f 3446 3453 3422
f 3422 3453 3423
f 3424 3423 3454
f 3454 3423 3453
f 3452 3455 3453
f 3453 3455 3454
f 3452 3451 3455
f 3455 3451 3456
f 3450 3457 3451
f 3451 3457 3456
f 3431 3432 3450
f 3450 3432 3457
f 3454 3458 3424
f 3424 3458 3425
f 3427 3426 3459
f 3459 3426 3460
f 3428 3427 3461
f 3461 3427 3459
f 3428 3461 3429
f 3429 3461 3462
f 3462 3463 3429
f 3429 3463 3430
f 3464 3465 3462
f 3462 3465 3463
f 3455 3466 3454
f 3454 3466 3458
f 3465 3464 3466
f 3466 3464 3467
f 3461 3459 3468
f 3468 3459 3469
f 3468 3469 3464
f 3464 3469 3467
f 3464 3462 3468
f 3468 3462 3461
f 3459 3460 3469
f 3469 3460 3467
f 3295 3351 3298
f 3298 3351 3353
f 3353 3355 3298
f 3298 3355 3297
f 3297 3355 3301
f 3301 3355 3359
f 3301 3359 3308
f 3308 3359 3361
f 3308 3361 3311
f 3311 3361 3363
f 3311 3363 3316
f 3316 3363 3358
f 3316 3358 3317
f 3317 3358 3349
f 3349 3347 3317
f 3317 3347 3319
f 3347 3345 3319
f 3319 3345 3314
f 3345 3343 3314
f 3314 3343 3305
f 3343 3341 3305
f 3305 3341 3304
f 3304 3341 3292
f 3292 3341 3338
f 3292 3338 3293
f 3293 3338 3337
f 3293 3337 3295
f 3295 3337 3351
f 3437 3202 3436
f 3436 3202 3201
f 3436 3201 3332
f 3332 3201 3204
f 3433 3200 3434
f 3434 3200 3199
f 3211 3435 3199
f 3199 3435 3434
f 3333 3210 3433
f 3433 3210 3200
f 3380 3470 3371
f 3400 3371 3336
f 3336 3371 3470
f 3381 3328 3380
f 3380 3328 3470
f 3470 3328 3209
f 3209 3328 3208
f 3336 3470 3327
f 3327 3470 3209
f 1545 1763 1546
f 1546 1763 1762
f 1403 1546 773
f 773 1546 770
f 1221 3013 1220
f 1220 3013 3471
f 1305 2877 1306
f 1306 2877 2879
f 1220 3471 828
f 828 3471 829
f 1217 1754 3472
f 3472 1754 1756
f 1049 3473 1048
f 1048 3473 3474
f 1371 1179 3473
f 3473 1179 3474
f 1074 3475 1179
f 1179 3475 3474
f 3474 3475 1048
f 1048 3475 1056
f 919 666 1345
f 1345 666 665
f 856 680 919
f 919 680 666
f 679 680 1449
f 1449 680 858
f 1367 878 1500
f 1500 878 877
f 1366 908 1367
f 1367 908 878
f 1512 916 1513
f 1513 916 915
f 947 1368 948
f 948 1368 1369
f 1047 1021 1044
f 1044 1021 1020
f 1370 1049 1019
f 1019 1049 1020
f 1173 1030 1174
f 1174 1030 1033
f 3126 1188 1464
f 1464 1188 1187
f 1800 1451 1512
f 1512 1451 916
f 1175 1174 1186
f 1186 1174 1187
f 1030 1173 1047
f 1047 1173 1021
f 1513 915 3476
f 3476 915 1481
f 1345 665 3477
f 3477 665 1483
f 1502 1501 876
f 876 1501 877
f 1205 1451 1803
f 1803 1451 1802
f 3479 2832 3478
f 3478 2832 2831
f 1449 858 2927
f 2927 858 2922
f 908 1366 947
f 947 1366 1368
f 949 948 3126
f 3126 948 1188
f 3480 3135 1502
f 1502 3135 1501
f 2927 2922 3157
f 3157 2922 3152
f 3477 1483 3479
f 3479 1483 2832
f 1803 1802 3151
f 3151 1802 3152
f 663 658 664
f 664 658 657
f 655 658 939
f 939 658 706
f 1512 870 1800
f 1800 870 869
f 875 874 876
f 876 874 873
f 849 874 905
f 905 874 958
f 949 962 946
f 946 962 961
f 978 3126 979
f 979 3126 1464
f 1031 1168 1032
f 1032 1168 1022
f 1045 1013 1046
f 1046 1013 1012
f 1045 1044 1056
f 1056 1044 1048
f 1047 1046 1030
f 1030 1046 1031
f 939 706 940
f 940 706 1450
f 979 1464 1032
f 1032 1464 1033
f 3480 1478 3476
f 3476 1478 3134
f 2829 1487 2830
f 2830 1487 1486
f 848 1230 873
f 873 1230 1479
f 867 870 933
f 933 870 1514
f 1800 869 1801
f 1801 869 1799
f 2830 1486 1325
f 1325 1486 2833
f 940 1450 2925
f 2925 1450 2928
f 946 961 907
f 907 961 958
f 959 962 977
f 977 962 978
f 3476 3134 1513
f 1513 3134 1514
f 2925 2928 3155
f 3155 2928 3158
f 1325 2833 656
f 656 2833 657
f 1801 1799 3157
f 3157 1799 3158
f 1074 1055 3475
f 3475 1055 1056
f 1371 3473 1370
f 1370 3473 1049
f 2884 615 3481
f 3481 615 618
f 3478 2831 2846
f 2846 2831 617
f 2831 1484 617
f 617 1484 618
f 1484 1487 618
f 618 1487 3481
f 2848 3481 2829
f 2829 3481 1487
f 1480 1517 1161
f 1161 1517 1162
f 3129 1323 1455
f 1455 1323 1322
f 3129 3134 1323
f 1323 3134 1478
f 1535 3173 1515
f 1515 3173 1516
f 3085 3095 3137
f 3137 3095 3094
f 3137 3094 3138
f 3138 3094 3104
f 3117 3139 3105
f 3105 3139 3106
f 1138 1141 3127
f 3127 1141 3128
f 3081 3131 1264
f 1264 3131 3130
f 1227 1226 3132
f 3132 1226 3133
f 1264 3130 1229
f 1229 3130 1322
f 1160 1501 1161
f 1161 1501 3135
f 1141 1476 3128
f 3128 1476 3136
f 1226 1163 3133
f 3133 1163 1162
f 1363 1138 1515
f 1515 1138 3127
f 3084 3095 3081
f 3081 3095 3131
f 3089 884 3105
f 3105 884 3140
f 884 883 3140
f 3140 883 3141
f 883 3482 3141
f 3141 3482 3142
f 3476 1481 3480
f 3480 1481 3135
f 1502 1479 3480
f 3480 1479 1478
f 3168 463 440
f 714 1880 715
f 715 1880 2905
f 896 732 2970
f 2970 732 731
f 1263 834 3082
f 3082 834 833
f 898 1231 853
f 853 1231 854
f 3125 890 2931
f 2931 890 889
f 1237 893 2851
f 2851 893 892
f 898 853 899
f 899 853 963
f 988 987 989
f 989 987 986
f 1002 1007 1003
f 1003 1007 1006
f 1038 1036 1007
f 1007 1036 1004
f 1070 1052 1005
f 1005 1052 1006
f 1069 1067 1070
f 1070 1067 1052
f 1130 1129 1134
f 1134 1129 1135
f 879 1167 880
f 880 1167 1166
f 1171 1169 1037
f 1037 1169 1038
f 1085 1180 1069
f 1069 1180 1067
f 1209 1210 879
f 879 1210 1167
f 2885 1215 1754
f 1754 1215 1214
f 1263 855 834
f 834 855 854
f 708 1244 1826
f 1826 1244 1243
f 2909 894 1254
f 1254 894 893
f 1228 1361 964
f 964 1361 1360
f 2908 2907 1436
f 1436 2907 1437
f 2990 1440 2991
f 2991 1440 1439
f 964 1360 965
f 965 1360 1454
f 950 1457 951
f 951 1457 1456
f 970 1463 971
f 971 1463 1462
f 1025 1169 984
f 984 1169 986
f 1084 1097 1469
f 1469 1097 1470
f 1096 1115 1474
f 1474 1115 1475
f 1140 1361 1141
f 1141 1361 1476
f 1212 1495 2828
f 2828 1495 1494
f 880 1166 1452
f 1452 1166 1499
f 715 2905 1504
f 1504 2905 2906
f 954 1519 955
f 955 1519 1518
f 1026 1520 992
f 992 1520 1518
f 1029 1520 1043
f 1043 1520 1521
f 997 1522 1040
f 1040 1522 1521
f 1015 1522 1016
f 1016 1522 1523
f 1523 996 1524
f 1524 996 1062
f 1057 1060 1525
f 1525 1060 1524
f 1094 1528 1082
f 1082 1528 1527
f 1526 1528 1089
f 1089 1528 1529
f 1090 1531 1108
f 1108 1531 1530
f 1125 1533 1126
f 1126 1533 1532
f 3483 1755 727
f 727 1755 1214
f 735 1814 707
f 707 1814 1813
f 2891 1834 1246
f 1246 1834 1243
f 2904 1881 1847
f 1847 1881 1848
f 1852 1855 1853
f 1853 1855 1858
f 1902 2903 1877
f 1877 2903 1878
f 2903 2904 1878
f 1878 2904 1847
f 714 713 1848
f 1848 713 1849
f 1440 2990 1883
f 1883 2990 2989
f 1883 2989 1852
f 1852 2989 1855
f 2895 1888 2892
f 2892 1888 1887
f 774 777 1877
f 1877 777 1903
f 1251 2835 1252
f 1252 2835 2834
f 1213 2844 1212
f 1212 2844 1495
f 2851 892 1213
f 1213 892 2844
f 3123 2911 3124
f 3124 2911 2910
f 887 2929 888
f 888 2929 889
f 1435 2963 1436
f 1436 2963 2961
f 1253 1438 1254
f 1254 1438 1437
f 2970 731 735
f 735 731 1814
f 733 732 2885
f 2885 732 1215
f 2901 2902 2976
f 2976 2902 2977
f 2975 2982 2976
f 2976 2982 2979
f 2899 2900 2981
f 2981 2900 2979
f 2899 2981 2898
f 2898 2981 2983
f 2986 2985 2984
f 2984 2985 2983
f 2897 2985 2896
f 2896 2985 2988
f 2991 1439 2987
f 2987 1439 2988
f 777 2978 1903
f 1903 2978 2977
f 1885 1888 1858
f 1858 1888 1853
f 3090 3088 836
f 836 3088 833
f 3083 3088 3097
f 3097 3088 3096
f 3097 3096 3104
f 3104 3096 3106
f 3111 3116 3108
f 3108 3116 3109
f 3112 3111 3114
f 3114 3111 3108
f 3113 3122 3114
f 3114 3122 3115
f 891 890 2837
f 2837 890 2834
f 951 1456 954
f 954 1456 1519
f 967 1457 936
f 936 1457 1454
f 971 1462 902
f 902 1462 963
f 1461 1463 988
f 988 1463 987
f 1466 1468 1474
f 1474 1468 1470
f 1089 1529 1090
f 1090 1529 1531
f 1184 1181 1469
f 1469 1181 1180
f 1082 1527 1061
f 1061 1527 1525
f 1129 1473 1135
f 1135 1473 1475
f 1108 1530 1105
f 1105 1530 1532
f 1452 1499 3132
f 3132 1499 3136
f 3109 3116 3139
f 3139 3116 3138
f 2912 2911 887
f 887 2911 2929
f 2836 2835 1497
f 1497 2835 1494
f 2913 3102 2910
f 2910 3102 3115
f 1133 3187 1134
f 1134 3187 3185
f 3177 3176 3197
f 3197 3176 3198
f 3203 3183 3206
f 3206 3183 3207
f 3196 3202 3197
f 3197 3202 3211
f 3183 3182 3207
f 3207 3182 3185
f 1125 3180 1533
f 1533 3180 3198
f 3331 3203 3330
f 3330 3203 3206
f 3376 3379 3385
f 3385 3379 3386
f 3382 3376 3392
f 3392 3376 3385
f 3412 3415 3413
f 3413 3415 3414
f 3417 3396 3415
f 3415 3396 3395
f 3383 3386 3426
f 3426 3386 3425
f 3413 3414 3432
f 3432 3414 3430
f 3437 3396 3435
f 3435 3396 3417
f 3329 3382 3330
f 3330 3382 3392
f 3426 3425 3460
f 3460 3425 3458
f 3432 3430 3457
f 3457 3430 3463
f 3457 3463 3456
f 3456 3463 3465
f 3460 3458 3467
f 3467 3458 3466
f 3466 3455 3465
f 3465 3455 3456
f 3202 3437 3211
f 3211 3437 3435
f 3104 3106 3138
f 3138 3106 3139
f 3132 3136 1227
f 1227 3136 1476
f 943 687 600
f 600 687 601
f 596 625 667
f 667 625 1297
f 687 686 601
f 601 686 653
f 1319 784 711
f 711 784 712
f 1811 607 783
f 783 607 712
f 862 921 917
f 917 921 920
f 3478 925 3479
f 3479 925 924
f 2846 926 3478
f 3478 926 925
f 659 662 929
f 929 662 930
f 856 921 857
f 857 921 1204
f 1206 864 1207
f 1207 864 863
f 2876 1219 2877
f 2877 1219 1218
f 667 1297 593
f 593 1297 1296
f 917 920 1333
f 1333 920 1346
f 686 693 653
f 653 693 930
f 1277 913 1498
f 1498 913 1207
f 592 1536 610
f 610 1536 711
f 864 1206 1805
f 1805 1206 1804
f 1317 1536 1900
f 1900 1536 1809
f 1900 1809 1295
f 1295 1809 1296
f 3479 924 3477
f 3477 924 2824
f 927 926 1203
f 1203 926 2847
f 3484 2859 3032
f 3032 2859 3033
f 3472 2878 1217
f 1217 2878 1218
f 2889 2888 2880
f 2880 2888 2881
f 2886 2883 2887
f 2887 2883 2882
f 929 928 2847
f 2847 928 1203
f 857 1204 2921
f 2921 1204 2926
f 1820 1819 2882
f 2882 1819 2881
f 1821 2883 2876
f 2876 2883 1219
f 782 2889 783
f 783 2889 2880
f 1352 3034 1353
f 1353 3034 3033
f 3031 3034 3041
f 3041 3034 3043
f 944 943 3043
f 3043 943 600
f 1339 3145 1498
f 1498 3145 3143
f 1208 882 3148
f 3148 882 3143
f 2921 2926 3151
f 3151 2926 3156
f 3477 2824 1345
f 1345 2824 1346
f 1805 1804 3154
f 3154 1804 3156
f 886 3103 883
f 883 3103 3482
f 841 1248 3485
f 3485 1248 3121
f 2811 2819 2812
f 2812 2819 2816
f 2818 2815 2817
f 2817 2815 2806
f 2817 2816 2818
f 2818 2816 2819
f 2793 2795 2819
f 2819 2795 2818
f 243 352 2793
f 2793 352 2795
f 242 353 243
f 243 353 352
f 359 191 242
f 242 191 353
f 247 192 359
f 359 192 191
f 157 193 247
f 247 193 192
f 156 194 157
f 157 194 193
f 378 261 156
f 156 261 194
f 378 381 261
f 261 381 195
f 195 381 196
f 196 381 376
f 196 376 198
f 198 376 375
f 375 1776 198
f 198 1776 197
f 1776 1767 197
f 197 1767 274
f 181 274 199
f 199 274 1767
f 568 566 564
f 564 566 563
f 568 569 566
f 566 569 567
f 501 1773 1771
f 1771 1773 578
f 547 579 1773
f 1773 579 578
f 3486 470 474
f 474 470 469
f 450 582 3487
f 3487 582 3488
f 582 583 3488
f 3488 583 3489
f 583 584 3489
f 3489 584 3490
f 3490 584 3491
f 3491 584 543
f 470 3486 466
f 466 3486 467
f 3489 3490 503
f 503 3490 504
f 503 3492 3489
f 3489 3492 3488
f 3492 503 3493
f 3493 503 502
f 3495 3492 3494
f 3494 3492 3493
f 3487 3488 3495
f 3495 3488 3492
f 468 1774 465
f 465 1774 570
f 3494 3493 1775
f 1775 3493 1771
f 3490 3491 504
f 504 3491 1772
f 3491 543 1772
f 1772 543 548
f 450 3487 474
f 474 3487 3486
f 3495 467 3487
f 3487 467 3486
f 3494 468 3495
f 3495 468 467
f 468 3494 1774
f 1774 3494 1775
f 501 1771 502
f 502 1771 3493
f 527 366 384
f 384 366 365
f 522 524 527
f 527 524 366
f 521 534 522
f 522 534 524
f 530 535 521
f 521 535 534
f 508 486 513
f 513 486 532
f 513 532 541
f 541 532 535
f 667 668 596
f 596 668 597
f 1294 1297 624
f 624 1297 625
f 603 641 604
f 604 641 640
f 1290 1293 650
f 650 1293 651
f 1758 691 660
f 660 691 661
f 602 671 599
f 599 671 670
f 654 662 690
f 690 662 661
f 2856 598 695
f 695 598 597
f 602 654 671
f 671 654 690
f 604 640 676
f 676 640 704
f 1826 1829 708
f 708 1829 709
f 1288 1284 740
f 740 1284 741
f 755 754 758
f 758 754 759
f 2853 2856 932
f 932 2856 695
f 689 691 1192
f 1192 691 1193
f 784 1319 1240
f 1240 1319 1241
f 1813 1816 1244
f 1244 1816 1245
f 754 1288 759
f 759 1288 740
f 1894 1242 1318
f 1318 1242 1241
f 2867 1348 1418
f 1418 1348 1347
f 676 704 673
f 673 704 1347
f 1284 1287 741
f 741 1287 1419
f 1421 1426 1422
f 1422 1426 1425
f 1758 660 615
f 615 660 616
f 1192 1191 1421
f 1421 1191 1426
f 2962 1839 1504
f 1504 1839 1505
f 941 1194 1759
f 1759 1194 1193
f 1287 1537 1419
f 1419 1537 1760
f 1882 2893 1823
f 1823 2893 1824
f 1886 1891 1827
f 1827 1891 1828
f 1887 1886 1834
f 1834 1886 1827
f 1841 716 1838
f 1838 716 1505
f 782 784 1850
f 1850 784 1240
f 1239 1242 1863
f 1863 1242 1864
f 1242 1894 1864
f 1864 1894 1873
f 1822 1239 1823
f 1823 1239 1863
f 1318 1317 1895
f 1895 1317 1900
f 1894 1896 1873
f 1873 1896 1897
f 1291 1896 1292
f 1292 1896 1895
f 605 1898 606
f 606 1898 1897
f 1258 1257 2854
f 2854 1257 2855
f 1257 1351 2855
f 2855 1351 2857
f 1351 1353 2857
f 2857 1353 2858
f 1353 3033 2858
f 2858 3033 2859
f 2860 2861 3036
f 3036 2861 3037
f 2862 2863 2870
f 2870 2863 3039
f 2870 2869 2862
f 2862 2869 2864
f 2868 2865 2869
f 2869 2865 2864
f 1764 2866 2868
f 2868 2866 2865
f 1537 1199 1760
f 1760 1199 1348
f 615 2884 1758
f 1758 2884 1759
f 1825 1246 2890
f 2890 1246 1245
f 2893 2892 1824
f 1824 2892 2891
f 761 2960 758
f 758 2960 2906
f 3000 2943 2940
f 2940 2943 2941
f 2968 710 2950
f 2950 710 709
f 1764 1423 2866
f 2866 1423 2953
f 1423 645 2953
f 2953 645 2954
f 645 644 2954
f 2954 644 2955
f 644 738 2955
f 2955 738 2956
f 738 764 2956
f 2956 764 2957
f 764 763 2957
f 2957 763 2958
f 763 2908 2958
f 2958 2908 2959
f 2908 1436 2959
f 2959 1436 2961
f 1837 2964 1435
f 1435 2964 2963
f 1837 2937 2964
f 2964 2937 2965
f 2936 2968 2966
f 2966 2968 2950
f 1840 2942 1838
f 1838 2942 2941
f 2939 2949 2940
f 2940 2949 3006
f 2939 2942 2966
f 2966 2942 2965
f 1822 1825 1850
f 1850 1825 2890
f 1891 3005 1828
f 1828 3005 3006
f 3035 3038 3045
f 3045 3038 3042
f 3045 3044 3035
f 3035 3044 3040
f 669 1422 3045
f 3045 1422 3044
f 599 670 3041
f 3041 670 3042
f 931 3067 932
f 932 3067 3065
f 2853 3066 2854
f 2854 3066 3076
f 3067 3496 3065
f 3065 3496 3497
f 3066 3498 3076
f 3076 3498 3499
f 707 1813 708
f 708 1813 1244
f 2960 2962 2906
f 2906 2962 1504
f 2892 1887 2891
f 2891 1887 1834
f 1839 2962 2963
f 2963 2962 2961
f 595 626 596
f 596 626 625
f 623 626 3484
f 3484 626 2859
f 1291 1290 606
f 606 1290 603
f 1290 650 603
f 603 650 641
f 641 650 642
f 642 650 649
f 2860 2863 649
f 649 2863 642
f 3036 3039 2860
f 2860 3039 2863
f 3035 3040 3036
f 3036 3040 3039
f 1294 1293 1295
f 1295 1293 1292
f 624 651 1294
f 1294 651 1293
f 623 652 624
f 624 652 651
f 3484 2861 623
f 623 2861 652
f 3032 3037 3484
f 3484 3037 2861
f 3031 3038 3032
f 3032 3038 3037
f 3481 2848 2884
f 2884 2848 942
f 2846 617 1427
f 1427 617 616
f 3049 3167 3048
f 3048 3167 3500
f 1906 3048 3070
f 3070 3048 3500
f 1337 1768 3501
f 3501 1768 3502
f 3020 3503 3021
f 3021 3503 3024
f 2914 3023 3020
f 3020 3023 3503
f 859 1770 860
f 860 1770 3504
f 1336 3505 1768
f 1768 3505 3502
f 3065 3497 3066
f 3066 3497 3498
f 2814 3075 3067
f 3067 3075 3496
f 2839 3174 766
f 766 3174 3017
f 1337 3501 1338
f 1338 3501 1769
f 767 3018 3026
f 3026 3018 3506
f 3076 3499 3064
f 3064 3499 3507
f 727 730 3483
f 3483 730 3030
f 3064 3507 2871
f 2871 3507 3077
f 3100 3160 1786
f 1786 3160 1784
f 3026 3506 752
f 752 3506 3015
f 860 3504 2923
f 2923 3504 3508
f 753 3016 3027
f 3027 3016 3509
f 3027 3509 3008
f 3008 3509 3028
f 1782 1785 1783
f 1783 1785 3022
f 2923 3508 3153
f 3153 3508 3161
f 3148 3149 1208
f 1208 3149 3150
f 1335 1328 3510
f 3510 1328 1327
f 1336 1335 3505
f 3505 1335 3510
f 866 3511 1340
f 1340 3511 3146
f 865 1808 866
f 866 1808 3511
f 842 841 3159
f 3159 841 3485
f 2849 3512 1329
f 1329 3512 1326
f 1202 1331 2849
f 2849 1331 3512
f 3514 3515 3513
f 3513 3515 3516
f 3518 3516 3517
f 3517 3516 3515
f 3519 3520 3514
f 3514 3520 3515
f 3522 3523 3521
f 3521 3523 3524
f 3526 3527 3525
f 3525 3527 3528
f 3530 3531 3529
f 3529 3531 3532
f 3534 3535 3533
f 3533 3535 3536
f 3529 3532 3537
f 3537 3532 3538
f 3537 3539 3529
f 3529 3539 3540
f 3542 3543 3541
f 3541 3543 3544
f 3546 3547 3545
f 3545 3547 3548
f 3550 3534 3549
f 3549 3534 3533
f 3550 3543 3551
f 3551 3543 3552
f 3537 3545 3539
f 3539 3545 3548
f 3553 3554 3556
f 3556 3554 3555
f 3537 3557 3545
f 3545 3557 3546
f 3558 3559 3561
f 3561 3559 3560
f 3563 3564 3562
f 3562 3564 3565
f 3564 3563 3566
f 3566 3563 3567
f 3569 3570 3568
f 3568 3570 3571
f 3573 3574 3572
f 3572 3574 3575
f 3577 3578 3576
f 3576 3578 3579
f 3581 3582 3580
f 3580 3582 3583
f 3585 3586 3584
f 3584 3586 3579
f 3586 3587 3579
f 3579 3587 3576
f 3589 3590 3588
f 3588 3590 3591
f 3592 3593 3595
f 3595 3593 3594
f 3597 3598 3596
f 3596 3598 3595
f 3583 3600 3599
f 3599 3600 3601
f 3603 3599 3602
f 3602 3599 3601
f 3605 3606 3604
f 3604 3606 3607
f 3608 3555 3596
f 3596 3555 3554
f 3597 3610 3609
f 3609 3610 3565
f 3564 3611 3565
f 3565 3611 3609
f 3611 3564 3612
f 3612 3564 3566
f 3613 3614 3569
f 3569 3614 3570
f 3615 3616 3573
f 3573 3616 3574
f 3517 3617 3518
f 3518 3617 3618
f 3620 3621 3619
f 3619 3621 3622
f 3624 3625 3623
f 3623 3625 3626
f 3628 3629 3627
f 3627 3629 3630
f 3632 3633 3631
f 3631 3633 3634
f 3636 3637 3635
f 3635 3637 3638
f 3640 3641 3639
f 3639 3641 3642
f 3643 3644 3639
f 3639 3644 3640
f 3646 3513 3645
f 3645 3513 3647
f 3648 3514 3646
f 3646 3514 3513
f 3649 3519 3648
f 3648 3519 3514
f 3650 3651 3527
f 3527 3651 3652
f 3654 3651 3653
f 3653 3651 3650
f 3568 3571 3655
f 3655 3571 3656
f 3657 3658 3653
f 3653 3658 3659
f 3661 3662 3660
f 3660 3662 3658
f 3664 3665 3663
f 3663 3665 3666
f 3667 3657 3650
f 3650 3657 3653
f 3669 3523 3668
f 3668 3523 3670
f 3672 3673 3671
f 3671 3673 3674
f 3676 3677 3675
f 3675 3677 3678
f 3671 3674 3676
f 3676 3674 3677
f 3680 3681 3679
f 3679 3681 3682
f 3683 3684 3680
f 3680 3684 3681
f 3685 3686 3661
f 3661 3686 3662
f 3686 3687 3662
f 3662 3687 3688
f 3684 3683 3689
f 3689 3683 3690
f 3692 3693 3691
f 3691 3693 3694
f 3691 3694 3695
f 3695 3694 3696
f 3698 3699 3697
f 3697 3699 3700
f 3702 3703 3701
f 3701 3703 3704
f 3705 3706 3519
f 3519 3706 3520
f 3673 3672 3707
f 3707 3672 3708
f 3709 3710 3682
f 3682 3710 3679
f 3711 3712 3692
f 3692 3712 3693
f 3714 3715 3713
f 3713 3715 3716
f 3718 3700 3717
f 3717 3700 3699
f 3720 3721 3719
f 3719 3721 3722
f 3724 3725 3723
f 3723 3725 3726
f 3727 3728 3730
f 3730 3728 3729
f 3722 3721 3731
f 3731 3721 3732
f 3697 3700 3733
f 3733 3700 3714
f 3733 3714 3734
f 3734 3714 3713
f 3721 3723 3732
f 3732 3723 3735
f 3720 3736 3724
f 3724 3736 3737
f 3700 3718 3714
f 3714 3718 3715
f 3717 3699 3738
f 3738 3699 3739
f 3536 3740 3533
f 3533 3740 3540
f 3742 3743 3741
f 3741 3743 3744
f 3746 3747 3745
f 3745 3747 3748
f 3750 3751 3749
f 3749 3751 3752
f 3627 3632 3628
f 3628 3632 3631
f 3754 3755 3753
f 3753 3755 3626
f 3562 3565 3756
f 3756 3565 3610
f 3527 3652 3528
f 3528 3652 3757
f 3758 3524 3669
f 3669 3524 3523
f 3582 3598 3583
f 3583 3598 3600
f 3759 3670 3522
f 3522 3670 3523
f 3675 3678 3760
f 3760 3678 3761
f 3762 3763 3690
f 3690 3763 3689
f 3765 3766 3764
f 3764 3766 3767
f 3768 3739 3698
f 3698 3739 3699
f 3726 3725 3770
f 3770 3725 3769
f 3645 3647 3771
f 3771 3647 3772
f 3645 3678 3646
f 3646 3678 3677
f 3646 3677 3648
f 3648 3677 3674
f 3673 3649 3674
f 3674 3649 3648
f 3707 3773 3673
f 3673 3773 3649
f 3775 3776 3774
f 3774 3776 3777
f 3779 3526 3778
f 3778 3526 3525
f 3526 3779 3667
f 3667 3779 3780
f 3780 3781 3667
f 3667 3781 3657
f 3672 3679 3708
f 3708 3679 3710
f 3671 3680 3672
f 3672 3680 3679
f 3676 3683 3671
f 3671 3683 3680
f 3675 3690 3676
f 3676 3690 3683
f 3760 3762 3675
f 3675 3762 3690
f 3682 3681 3783
f 3783 3681 3782
f 3689 3784 3684
f 3684 3784 3785
f 3684 3785 3681
f 3681 3785 3782
f 3786 3709 3783
f 3783 3709 3682
f 3784 3689 3787
f 3787 3689 3763
f 3789 3557 3788
f 3788 3557 3790
f 3792 3793 3791
f 3791 3793 3794
f 3616 3615 3795
f 3795 3615 3796
f 3797 3798 3727
f 3727 3798 3728
f 3800 3801 3799
f 3799 3801 3802
f 3803 3578 3592
f 3592 3578 3593
f 3805 3806 3804
f 3804 3806 3807
f 3599 3603 3585
f 3585 3603 3586
f 3587 3586 3604
f 3604 3586 3603
f 3588 3591 3794
f 3794 3591 3791
f 3581 3803 3582
f 3582 3803 3592
f 3594 3561 3608
f 3608 3561 3790
f 3662 3688 3808
f 3808 3688 3809
f 3665 3664 3810
f 3810 3664 3811
f 3719 3812 3720
f 3720 3812 3736
f 3717 3813 3718
f 3718 3813 3737
f 3723 3721 3724
f 3724 3721 3720
f 3813 3717 3814
f 3814 3717 3738
f 3815 3816 303
f 303 3816 304
f 3818 3819 3817
f 3817 3819 3820
f 3578 3803 3579
f 3579 3803 3584
f 3558 3593 3577
f 3577 3593 3578
f 3822 3823 3821
f 3821 3823 3824
f 3546 3826 3825
f 3825 3826 3827
f 3828 3829 3547
f 3547 3829 3541
f 3831 3542 3830
f 3830 3542 3832
f 3834 3822 3833
f 3833 3822 3821
f 3835 3836 3827
f 3827 3836 3825
f 3800 3799 3828
f 3828 3799 3829
f 3830 3832 3837
f 3837 3832 3838
f 331 330 3551
f 3551 330 3839
f 3831 333 3552
f 3552 333 332
f 3819 3797 3841
f 3841 3797 3840
f 3513 3516 3647
f 3647 3516 3746
f 337 336 3745
f 3745 336 3772
f 3525 3528 3775
f 3775 3528 3749
f 3610 3597 3554
f 3554 3597 3596
f 3706 3702 3520
f 3520 3702 3701
f 3756 3610 3553
f 3553 3610 3554
f 3757 3750 3528
f 3528 3750 3749
f 3517 3515 3701
f 3701 3515 3520
f 3842 3584 3581
f 3581 3584 3803
f 3525 3775 3778
f 3778 3775 3774
f 3638 3843 3635
f 3635 3843 3618
f 3617 3621 3618
f 3618 3621 3635
f 3617 3517 3704
f 3704 3517 3701
f 3521 3624 3522
f 3522 3624 3623
f 3749 3844 3775
f 3775 3844 3776
f 3846 3847 3845
f 3845 3847 3848
f 3843 3747 3618
f 3618 3747 3518
f 3850 3851 3849
f 3849 3851 3748
f 3853 3854 3852
f 3852 3854 3855
f 3856 3857 3622
f 3622 3857 3619
f 3859 3860 3858
f 3858 3860 3861
f 3862 3844 3752
f 3752 3844 3749
f 3863 3759 3623
f 3623 3759 3522
f 3864 3777 3630
f 3630 3777 3776
f 3713 3865 3734
f 3734 3865 3866
f 3868 3869 3867
f 3867 3869 3870
f 3872 3873 3871
f 3871 3873 3874
f 3876 3877 3875
f 3875 3877 3878
f 3879 3880 3878
f 3878 3880 3881
f 3882 3883 3885
f 3885 3883 3884
f 3780 3886 3781
f 3781 3886 3887
f 3888 3685 3869
f 3869 3685 3661
f 3880 3879 3883
f 3883 3879 3884
f 3693 3783 3694
f 3694 3783 3782
f 3696 3785 3764
f 3764 3785 3784
f 3694 3782 3696
f 3696 3782 3785
f 3693 3786 3783
f 3787 3765 3784
f 3784 3765 3764
f 386 385 3765
f 3765 385 3766
f 3695 3889 3691
f 3691 3889 3890
f 3691 3890 3692
f 3692 3890 3891
f 3892 3711 3891
f 3891 3711 3692
f 3767 3893 3695
f 3695 3893 3889
f 3766 3894 3767
f 3767 3894 3893
f 3882 3885 3895
f 3895 3885 3896
f 3898 3698 3897
f 3897 3698 3697
f 3897 3697 3899
f 3899 3697 3733
f 3899 3733 3900
f 3900 3733 3734
f 3901 3768 3898
f 3898 3768 3698
f 3901 3902 3768
f 3768 3902 3903
f 3904 3905 3907
f 3907 3905 3906
f 3869 3661 3870
f 3870 3661 3660
f 3908 3909 3896
f 3896 3909 3895
f 3909 3758 3895
f 3895 3758 3669
f 3751 3531 3752
f 3752 3531 3848
f 3858 3536 3854
f 3854 3536 3535
f 3652 3562 3757
f 3757 3562 3756
f 3651 3654 3563
f 3563 3654 3567
f 3655 3656 3808
f 3808 3656 3659
f 3530 3740 3845
f 3845 3740 3861
f 3751 3750 3556
f 3556 3750 3553
f 3817 3820 3796
f 3796 3820 3795
f 410 409 3910
f 3910 409 3855
f 3750 3757 3553
f 3553 3757 3756
f 3908 3886 3909
f 3909 3886 3780
f 409 411 3855
f 3855 411 3851
f 413 412 3760
f 3760 412 3762
f 415 414 3763
f 3763 414 3787
f 3790 3557 3538
f 3538 3557 3537
f 3555 3608 3538
f 3538 3608 3790
f 3574 3911 3575
f 3575 3911 3912
f 3535 3534 3910
f 3910 3534 3839
f 3831 3552 3542
f 3542 3552 3543
f 3534 3550 3839
f 3839 3550 3551
f 3543 3550 3544
f 3544 3550 3549
f 3913 3914 3916
f 3916 3914 3915
f 3806 3805 3589
f 3589 3805 3590
f 3849 3843 3917
f 3917 3843 3638
f 3853 3644 3859
f 3859 3644 3742
f 3747 3746 3518
f 3518 3746 3516
f 3695 3696 3767
f 3767 3696 3764
f 3903 3918 3768
f 3768 3918 3739
f 3738 3739 3816
f 3816 3739 3918
f 3919 3920 3769
f 3769 3920 3770
f 3921 3726 3922
f 3922 3726 3770
f 3678 3645 3761
f 3761 3645 3771
f 3924 3913 3923
f 3923 3913 3916
f 3802 3925 3838
f 3838 3925 3837
f 3577 3926 3558
f 3558 3926 3559
f 3815 3919 3814
f 3814 3919 3769
f 3927 3928 3822
f 3822 3928 3823
f 3829 3832 3541
f 3541 3832 3542
f 3834 3927 3822
f 3832 3829 3838
f 3838 3829 3799
f 3745 3772 3746
f 3746 3772 3647
f 3849 3748 3843
f 3843 3748 3747
f 3854 3853 3858
f 3858 3853 3859
f 3854 3535 3855
f 3855 3535 3910
f 3557 3789 3546
f 3546 3789 3826
f 3923 3823 3924
f 3924 3823 3928
f 3823 3923 3929
f 3929 3923 3930
f 3531 3751 3532
f 3532 3751 3556
f 3532 3556 3538
f 3538 3556 3555
f 3932 3634 3931
f 3931 3634 3633
f 3814 3769 3813
f 3813 3769 3725
f 3620 3636 3621
f 3621 3636 3635
f 3847 3862 3848
f 3848 3862 3752
f 3531 3530 3848
f 3848 3530 3845
f 3933 3934 3830
f 3830 3934 3831
f 3925 3933 3837
f 3837 3933 3830
f 3934 440 3831
f 3831 440 333
f 3925 3802 3833
f 3833 3802 3801
f 3776 3844 3630
f 3630 3844 3627
f 3808 3659 3662
f 3662 3659 3658
f 3667 3650 3526
f 3526 3650 3527
f 3935 3666 3936
f 3936 3666 3665
f 3718 3737 3715
f 3715 3737 3736
f 3663 3809 3664
f 3664 3809 3688
f 3807 3806 3938
f 3938 3806 3937
f 445 413 3761
f 3761 413 3760
f 3902 447 3903
f 3903 447 446
f 3897 3890 3898
f 3898 3890 3889
f 3899 3891 3897
f 3897 3891 3890
f 3898 3889 3901
f 3901 3889 3893
f 3893 3894 3901
f 3901 3894 3902
f 414 386 3787
f 3787 386 3765
f 3940 3941 3939
f 3939 3941 3942
f 3840 3797 3943
f 3943 3797 3727
f 3665 3810 3936
f 3936 3810 3944
f 3921 3735 3726
f 3726 3735 3723
f 3920 3945 3770
f 3770 3945 3922
f 3521 3524 3774
f 3774 3524 3778
f 3864 3946 3625
f 3625 3946 3947
f 3773 3705 3649
f 3649 3705 3519
f 3779 3778 3758
f 3758 3778 3524
f 3812 3716 3736
f 3736 3716 3715
f 3624 3521 3777
f 3777 3521 3774
f 3703 3856 3704
f 3704 3856 3622
f 3900 3892 3899
f 3899 3892 3891
f 3641 3917 3642
f 3642 3917 3948
f 3895 3669 3882
f 3882 3669 3668
f 3855 3851 3852
f 3852 3851 3850
f 3894 458 3902
f 3902 458 447
f 3781 3887 3660
f 3660 3887 3870
f 3570 3566 3571
f 3571 3566 3567
f 3950 3576 3949
f 3949 3576 3587
f 3605 3602 3614
f 3614 3602 3612
f 3614 3612 3570
f 3570 3612 3566
f 3571 3567 3656
f 3656 3567 3654
f 3660 3658 3781
f 3781 3658 3657
f 3604 3607 3587
f 3587 3607 3949
f 3653 3659 3654
f 3654 3659 3656
f 3529 3540 3530
f 3530 3540 3740
f 3687 3811 3688
f 3688 3811 3664
f 3813 3725 3737
f 3737 3725 3724
f 3919 3815 461
f 461 3815 303
f 3818 3798 3819
f 3819 3798 3797
f 3819 3841 3820
f 3820 3841 3951
f 3816 3815 3738
f 3738 3815 3814
f 3540 3539 3533
f 3533 3539 3549
f 3548 3547 3544
f 3544 3547 3541
f 3539 3548 3549
f 3549 3548 3544
f 3741 3931 3860
f 3860 3931 3846
f 3801 3800 3835
f 3835 3800 3836
f 3934 3933 3824
f 3824 3933 3821
f 3825 3828 3546
f 3546 3828 3547
f 3833 3821 3925
f 3925 3821 3933
f 3800 3828 3836
f 3836 3828 3825
f 3824 3952 3934
f 3934 3952 440
f 3860 3846 3861
f 3861 3846 3845
f 3629 3946 3630
f 3630 3946 3864
f 3740 3536 3861
f 3861 3536 3858
f 3833 3801 3834
f 3834 3801 3835
f 3583 3599 3580
f 3580 3599 3585
f 3651 3563 3652
f 3652 3563 3562
f 3758 3909 3779
f 3779 3909 3780
f 3621 3617 3622
f 3622 3617 3704
f 3625 3947 3626
f 3626 3947 3753
f 3633 3632 3847
f 3847 3632 3862
f 3852 3850 3640
f 3640 3850 3641
f 3644 3853 3640
f 3640 3853 3852
f 3859 3742 3860
f 3860 3742 3741
f 3632 3627 3862
f 3862 3627 3844
f 3755 3863 3626
f 3626 3863 3623
f 3917 3638 3948
f 3948 3638 3637
f 3644 3643 3742
f 3742 3643 3743
f 3931 3633 3846
f 3846 3633 3847
f 3625 3624 3864
f 3864 3624 3777
f 3917 3641 3849
f 3849 3641 3850
f 3744 3932 3741
f 3741 3932 3931
f 3903 446 3918
f 3918 446 464
f 3953 3954 3956
f 3956 3954 3955
f 3958 3959 3957
f 3957 3959 3960
f 3876 3958 3877
f 3877 3958 3957
f 3877 3957 3961
f 3961 3957 3962
f 3963 3964 3958
f 3958 3964 3959
f 3965 3966 3876
f 3876 3966 3958
f 3966 3963 3958
f 3966 3967 3963
f 3963 3967 3968
f 3878 3877 3879
f 3879 3877 3961
f 3967 3969 3968
f 3968 3969 3970
f 3969 3971 3970
f 3970 3971 3972
f 3974 3904 3973
f 3973 3904 3907
f 3971 3975 3972
f 3972 3975 3976
f 3976 3975 3978
f 3978 3975 3977
f 3979 3980 3977
f 3977 3980 3978
f 3981 3982 3979
f 3979 3982 3980
f 3983 3984 3981
f 3981 3984 3982
f 3972 3985 3970
f 3970 3985 3986
f 3871 3987 3969
f 3969 3987 3971
f 3872 3871 3967
f 3967 3871 3969
f 3965 3872 3966
f 3966 3872 3967
f 3970 3986 3968
f 3968 3986 3988
f 3879 3961 3884
f 3884 3961 3940
f 3884 3940 3885
f 3885 3940 3939
f 3989 3990 3992
f 3992 3990 3991
f 3942 3993 3995
f 3995 3993 3994
f 3994 3996 3995
f 3995 3996 3974
f 3997 3998 3994
f 3994 3998 3996
f 3999 3997 3993
f 3993 3997 3994
f 4001 3996 4000
f 4000 3996 3998
f 4000 3998 4002
f 4002 3998 4003
f 4004 4003 3997
f 3997 4003 3998
f 3997 3999 4004
f 4004 3999 4005
f 4006 3995 3973
f 3973 3995 3974
f 3939 3942 4006
f 4006 3942 3995
f 3906 3887 3907
f 3907 3887 3886
f 3887 3906 3870
f 3870 3906 3867
f 3908 3973 3886
f 3886 3973 3907
f 3865 4007 3866
f 3866 4007 4008
f 3984 3983 4009
f 4009 3983 4010
f 3961 3962 3940
f 3940 3962 3941
f 4012 3868 4011
f 4011 3868 3867
f 4013 3975 3987
f 3987 3975 3971
f 4014 3977 4013
f 4013 3977 3975
f 4015 4010 4007
f 4007 4010 3983
f 4007 3983 4008
f 4008 3983 3981
f 4008 3981 4016
f 4016 3981 3979
f 4017 3984 4018
f 4018 3984 4009
f 3977 4014 3979
f 3979 4014 4016
f 3982 3984 4019
f 4019 3984 4017
f 4021 4022 4020
f 4020 4022 4023
f 4022 4012 4023
f 4023 4012 4011
f 4023 3904 4020
f 4020 3904 3974
f 4024 4025 4018
f 4018 4025 4017
f 4026 4027 4024
f 4024 4027 4025
f 4028 4026 4029
f 4029 4026 4024
f 4018 4021 4024
f 4024 4021 4029
f 4030 4031 4026
f 4026 4031 4027
f 4032 4030 4028
f 4028 4030 4026
f 4029 4001 4028
f 4028 4001 4000
f 4028 4000 4032
f 4032 4000 4002
f 4034 4035 4033
f 4033 4035 4036
f 4037 4038 4019
f 4019 4038 4039
f 4041 4039 4040
f 4040 4039 4038
f 4040 4038 4042
f 4042 4038 4036
f 4042 4036 4043
f 4043 4036 4035
f 3985 4044 4046
f 4046 4044 4045
f 4047 4048 4045
f 4045 4048 4046
f 4047 4049 4048
f 4048 4049 4050
f 4042 4047 4040
f 4040 4047 4045
f 4043 4049 4042
f 4042 4049 4047
f 4040 4045 4041
f 4041 4045 4044
f 4052 3959 4051
f 4051 3959 3964
f 4053 4054 4051
f 4051 4054 4055
f 3956 3960 4052
f 4052 3960 3959
f 3953 3956 4056
f 4056 3956 4052
f 4058 3953 4057
f 4057 3953 4056
f 4060 4061 4059
f 4059 4061 4062
f 4063 4064 4054
f 4054 4064 4057
f 4054 4053 4063
f 4063 4053 4065
f 4066 4067 4069
f 4069 4067 4068
f 4048 4050 4063
f 4063 4050 4064
f 4063 4065 4048
f 4048 4065 4046
f 3985 4046 3986
f 3986 4046 4065
f 3986 4065 3988
f 3988 4065 4053
f 3988 4053 3964
f 3964 4053 4051
f 3976 3978 4044
f 4044 3978 4041
f 3980 3982 4039
f 4039 3982 4019
f 4039 4041 3980
f 3980 4041 3978
f 3973 3908 4006
f 4006 3908 3896
f 3885 3939 3896
f 3896 3939 4006
f 4031 4034 4027
f 4027 4034 4033
f 4027 4033 4025
f 4025 4033 4037
f 4019 4017 4037
f 4037 4017 4025
f 3993 3942 4070
f 4070 3942 3941
f 3999 3993 4071
f 4071 3993 4070
f 3999 4071 4005
f 4005 4071 4072
f 4073 4074 4076
f 4076 4074 4075
f 4078 4079 4077
f 4077 4079 4080
f 4082 4080 4081
f 4081 4080 4079
f 4084 4085 4083
f 4083 4085 4086
f 4087 4088 4090
f 4090 4088 4089
f 4092 4093 4091
f 4091 4093 4094
f 4096 4097 4095
f 4095 4097 4098
f 4100 4101 4099
f 4099 4101 4102
f 4103 4104 4106
f 4106 4104 4105
f 4108 4109 4107
f 4107 4109 4110
f 4112 4113 4111
f 4111 4113 4114
f 4116 4117 4115
f 4115 4117 4118
f 4120 4121 4119
f 4119 4121 4122
f 4123 4124 4126
f 4126 4124 4125
f 4127 4128 4130
f 4130 4128 4129
f 4132 4133 4131
f 4131 4133 4134
f 4136 4108 4135
f 4135 4108 4107
f 4138 4139 4137
f 4137 4139 4140
f 4141 4142 4088
f 4088 4142 4089
f 4144 4145 4143
f 4143 4145 4146
f 4148 4149 4147
f 4147 4149 4150
f 4152 4153 4151
f 4151 4153 4154
f 4156 4082 4155
f 4155 4082 4081
f 4157 4158 4160
f 4160 4158 4159
f 4161 4162 4164
f 4164 4162 4163
f 4166 4122 4165
f 4165 4122 4121
f 4168 4152 4167
f 4167 4152 4151
f 4169 4170 4172
f 4172 4170 4171
f 4174 4175 4173
f 4173 4175 4176
f 4178 4149 4177
f 4177 4149 4179
f 4173 4176 4180
f 4180 4176 4181
f 4156 4085 4182
f 4182 4085 4183
f 4182 4184 4156
f 4156 4184 4082
f 4185 4186 4184
f 4184 4186 4187
f 4186 4188 4187
f 4187 4188 4189
f 4190 4191 4073
f 4073 4191 4074
f 4177 4179 4158
f 4158 4179 4159
f 4193 4127 4192
f 4192 4127 4130
f 4144 4194 4151
f 4151 4194 4167
f 4196 4197 4195
f 4195 4197 4198
f 4095 4199 4096
f 4096 4199 4200
f 4201 4202 4204
f 4204 4202 4203
f 4205 4206 4208
f 4208 4206 4207
f 4121 4120 4209
f 4209 4120 4210
f 4212 4213 4211
f 4211 4213 4214
f 4216 4217 4215
f 4215 4217 4218
f 4220 4221 4219
f 4219 4221 4222
f 4224 4196 4223
f 4223 4196 4195
f 4225 4226 4134
f 4134 4226 4131
f 4228 4229 4227
f 4227 4229 4230
f 4232 4233 4231
f 4231 4233 4098
f 4235 4236 4234
f 4234 4236 4237
f 4239 4240 4238
f 4238 4240 4241
f 4242 4243 4245
f 4245 4243 4244
f 4246 4247 4249
f 4249 4247 4248
f 4251 4252 4250
f 4250 4252 4253
f 4255 4256 4254
f 4254 4256 4257
f 4259 4260 4258
f 4258 4260 4261
f 4263 4264 4262
f 4262 4264 4265
f 4267 4268 4266
f 4266 4268 4269
f 4271 4199 4270
f 4270 4199 4272
f 4273 4274 4276
f 4276 4274 4275
f 4115 4118 4277
f 4277 4118 4278
f 4280 4281 4279
f 4279 4281 4282
f 4211 4283 4212
f 4212 4283 4284
f 4286 4287 4285
f 4285 4287 4288
f 4165 4121 4289
f 4289 4121 4209
f 4291 4286 4290
f 4290 4286 4285
f 4293 4294 4292
f 4292 4294 4295
f 4297 4298 4296
f 4296 4298 4299
f 4301 4302 4300
f 4300 4302 4303
f 4299 4304 4296
f 4296 4304 4305
f 4306 4292 4307
f 4307 4292 4295
f 4307 4308 4306
f 4306 4308 4309
f 4310 4309 4075
f 4075 4309 4308
f 4299 4298 4312
f 4312 4298 4311
f 4302 4301 4293
f 4293 4301 4294
f 3735 3921 4313
f 4313 3921 4314
f 4315 4314 3922
f 3922 4314 3921
f 4316 3945 829
f 829 3945 830
f 4289 4317 4165
f 4165 4317 4318
f 4320 4321 4319
f 4319 4321 4322
f 4324 4325 4323
f 4323 4325 4326
f 4327 4328 4330
f 4330 4328 4329
f 4290 4331 4291
f 4291 4331 4332
f 4165 4318 4166
f 4166 4318 4333
f 4334 4335 4337
f 4337 4335 4336
f 4339 4340 4338
f 4338 4340 4341
f 4168 4343 4342
f 4342 4343 4344
f 4346 4347 4345
f 4345 4347 4348
f 4350 4351 4349
f 4349 4351 4352
f 4354 4355 4353
f 4353 4355 4356
f 4357 4358 4324
f 4324 4358 4325
f 4337 4359 4334
f 4334 4359 4360
f 4362 4363 4361
f 4361 4363 4364
f 4366 4367 4365
f 4365 4367 4368
f 4369 4370 4372
f 4372 4370 4371
f 4331 4290 4374
f 4374 4290 4373
f 4373 4376 4375
f 4375 4376 4377
f 4379 4380 4378
f 4378 4380 4381
f 4217 4382 4218
f 4218 4382 4383
f 4385 4386 4384
f 4384 4386 4387
f 4388 4389 4338
f 4338 4389 4390
f 4337 4336 4392
f 4392 4336 4391
f 4394 4362 4393
f 4393 4362 4361
f 4396 4397 4395
f 4395 4397 4398
f 4400 4401 4399
f 4399 4401 4402
f 4345 4403 4346
f 4346 4403 4404
f 4405 4406 4342
f 4342 4406 4407
f 4409 4410 4408
f 4408 4410 4411
f 4408 4412 4409
f 4409 4412 4413
f 4181 4415 4414
f 4414 4415 4416
f 4182 4183 4417
f 4417 4183 4418
f 4419 4353 4311
f 4311 4353 4312
f 4421 4422 4420
f 4420 4422 4423
f 4353 4356 4312
f 4312 4356 4424
f 4166 4333 4425
f 4425 4333 4426
f 4425 4143 4166
f 4166 4143 4122
f 4427 4107 4428
f 4428 4107 4110
f 4429 4430 4174
f 4174 4430 4175
f 4335 4431 4336
f 4336 4431 4390
f 4336 4390 4391
f 4391 4390 4389
f 4432 4433 4435
f 4435 4433 4434
f 4437 4438 4436
f 4436 4438 4439
f 4441 4442 4440
f 4440 4442 4443
f 4359 4444 4361
f 4361 4444 4393
f 4446 4447 4445
f 4445 4447 4448
f 4338 4341 4388
f 4388 4341 4449
f 4450 4451 4398
f 4398 4451 4395
f 4453 4454 4452
f 4452 4454 4455
f 4457 4458 4456
f 4456 4458 4459
f 4460 4461 4448
f 4448 4461 4445
f 4463 4464 4462
f 4462 4464 4465
f 4462 4465 4466
f 4466 4465 4467
f 4468 4469 4467
f 4467 4469 4466
f 4469 4468 4470
f 4470 4468 4471
f 4472 4473 4471
f 4471 4473 4470
f 4475 4476 4474
f 4474 4476 4477
f 4479 4480 4478
f 4478 4480 4481
f 4483 4484 4482
f 4482 4484 4485
f 4487 4488 4486
f 4486 4488 4489
f 4491 4492 4490
f 4490 4492 4493
f 4494 4495 4493
f 4493 4495 4490
f 4496 4497 4494
f 4494 4497 4495
f 4497 4496 4498
f 4498 4496 4499
f 4500 4501 4503
f 4503 4501 4502
f 4505 4506 4504
f 4504 4506 4507
f 4466 4508 4462
f 4462 4508 4509
f 4470 4510 4469
f 4469 4510 4511
f 4513 4479 4512
f 4512 4479 4478
f 4515 4443 4514
f 4514 4443 4442
f 4516 4517 4519
f 4519 4517 4518
f 4521 4495 4520
f 4520 4495 4497
f 4522 4490 4521
f 4521 4490 4495
f 4491 4523 4488
f 4488 4523 4524
f 4525 4489 4524
f 4524 4489 4488
f 4484 4526 4485
f 4485 4526 4527
f 4503 4528 4500
f 4500 4528 4529
f 4530 4531 4533
f 4533 4531 4532
f 4535 4506 4534
f 4534 4506 4530
f 4486 4536 4487
f 4487 4536 4537
f 4487 4537 4492
f 4492 4537 4538
f 4494 4539 4496
f 4496 4539 4540
f 4542 4533 4541
f 4541 4533 4499
f 4544 4545 4543
f 4543 4545 4546
f 4548 4549 4547
f 4547 4549 4550
f 4536 4551 4537
f 4537 4551 4552
f 4537 4552 4538
f 4538 4552 4553
f 4554 4539 4556
f 4556 4539 4555
f 4557 4540 4554
f 4554 4540 4539
f 4559 4557 4558
f 4558 4557 4560
f 4540 4557 4541
f 4541 4557 4559
f 4562 4563 4561
f 4561 4563 4564
f 4546 4565 4543
f 4543 4565 4566
f 4547 4567 4548
f 4548 4567 4568
f 4570 4571 4569
f 4569 4571 4572
f 4574 4575 4573
f 4573 4575 4576
f 4578 4579 4577
f 4577 4579 4580
f 4582 4583 4581
f 4581 4583 4584
f 4585 4586 4588
f 4588 4586 4587
f 4589 4585 4590
f 4590 4585 4588
f 4592 4593 4591
f 4591 4593 4594
f 4596 4597 4595
f 4595 4597 4598
f 4600 4601 4599
f 4599 4601 4602
f 4563 4604 4603
f 4603 4604 4605
f 4603 4606 4608
f 4608 4606 4607
f 4609 4610 4594
f 4594 4610 4591
f 4611 4612 4614
f 4614 4612 4613
f 4616 4617 4615
f 4615 4617 4618
f 4602 4620 4619
f 4619 4620 4621
f 4619 4622 4602
f 4602 4622 4599
f 4605 4599 4623
f 4623 4599 4622
f 4605 4623 4603
f 4603 4623 4606
f 4625 4626 4624
f 4624 4626 4627
f 4438 4437 4628
f 4628 4437 4629
f 4442 4441 4630
f 4630 4441 4631
f 4630 4632 4442
f 4442 4632 4514
f 4633 4634 4529
f 4529 4634 4500
f 4500 4634 4501
f 4501 4634 4635
f 4637 4546 4636
f 4636 4546 4545
f 4639 4565 4638
f 4638 4565 4640
f 4573 4576 4641
f 4641 4576 4642
f 4593 4643 4594
f 4594 4643 4644
f 4645 4609 4644
f 4644 4609 4594
f 4647 4648 4646
f 4646 4648 4649
f 4651 4652 4650
f 4650 4652 4653
f 4654 4498 4519
f 4519 4498 4532
f 4520 4508 4521
f 4521 4508 4511
f 4522 4510 4523
f 4523 4510 4655
f 4524 4656 4525
f 4525 4656 4657
f 4514 4529 4515
f 4515 4529 4528
f 4658 4659 4661
f 4661 4659 4660
f 4496 4540 4499
f 4499 4540 4541
f 4493 4555 4494
f 4494 4555 4539
f 4549 4483 4550
f 4550 4483 4482
f 4545 4544 4501
f 4501 4544 4502
f 4636 4545 4635
f 4635 4545 4501
f 4589 4663 4662
f 4662 4663 4664
f 4662 4665 4558
f 4558 4665 4559
f 4569 4586 4570
f 4570 4586 4560
f 4552 4666 4553
f 4553 4666 4667
f 4668 4669 4670
f 4670 4669 4666
f 4672 4673 4671
f 4671 4673 4674
f 4287 4675 4288
f 4288 4675 4676
f 4678 4679 4677
f 4677 4679 4680
f 4681 4678 4682
f 4682 4678 4677
f 4682 4683 4681
f 4681 4683 4684
f 4161 4164 4685
f 4685 4164 4686
f 4414 4687 4689
f 4689 4687 4688
f 4405 4690 4346
f 4346 4690 4347
f 4691 4399 4693
f 4693 4399 4692
f 1209 4694 4365
f 4365 4694 4366
f 4650 1211 4651
f 4651 1211 1210
f 4695 4696 4255
f 4255 4696 4256
f 4697 4698 4218
f 4218 4698 4215
f 4700 4701 4699
f 4699 4701 4702
f 4703 4704 4303
f 4303 4704 4300
f 4315 3922 4316
f 4316 3922 3945
f 4653 4706 4705
f 4705 4706 4707
f 4709 4710 4708
f 4708 4710 4711
f 4335 4334 4713
f 4713 4334 4712
f 4714 4340 4321
f 4321 4340 4322
f 4716 4717 4715
f 4715 4717 4718
f 4238 4241 4719
f 4719 4241 4720
f 4231 4721 4307
f 4307 4721 4308
f 4723 4724 4722
f 4722 4724 4725
f 4727 4728 4726
f 4726 4728 4729
f 4730 4731 4327
f 4327 4731 4328
f 4733 4734 4732
f 4732 4734 4735
f 4720 4381 4736
f 4736 4381 4737
f 4738 4739 4741
f 4741 4739 4740
f 4743 4744 4742
f 4742 4744 4745
f 4338 4390 4339
f 4339 4390 4431
f 4746 4747 4431
f 4431 4747 4339
f 4291 4332 4289
f 4289 4332 4317
f 4289 4209 4291
f 4291 4209 4286
f 4287 4286 4210
f 4210 4286 4209
f 4749 4750 4748
f 4748 4750 4751
f 4212 4284 4752
f 4752 4284 4753
f 4752 4754 4212
f 4212 4754 4213
f 4252 4251 4225
f 4225 4251 4226
f 4227 4230 4248
f 4248 4230 4249
f 4205 4755 4757
f 4757 4755 4756
f 4708 4711 4758
f 4758 4711 4647
f 4367 4366 4759
f 4759 4366 4760
f 4526 4513 4527
f 4527 4513 4512
f 4420 4423 4385
f 4385 4423 4386
f 4705 4761 4653
f 4653 4761 4650
f 4761 1279 4650
f 4650 1279 1211
f 4762 4763 3944
f 3944 4763 3936
f 4274 4273 4765
f 4765 4273 4764
f 4767 4768 4766
f 4766 4768 4769
f 4770 4771 4769
f 4769 4771 4766
f 4771 4770 4242
f 4242 4770 4243
f 4093 4163 4094
f 4094 4163 4162
f 4772 4773 4775
f 4775 4773 4774
f 4777 4778 4776
f 4776 4778 4779
f 4417 4185 4182
f 4182 4185 4184
f 4780 4078 4781
f 4781 4078 4077
f 4781 4077 4782
f 4782 4077 4189
f 4188 4783 4189
f 4189 4783 4782
f 4295 4232 4307
f 4307 4232 4231
f 4785 4786 4784
f 4784 4786 4787
f 4784 1307 4785
f 4785 1307 1306
f 4078 4780 4096
f 4096 4780 4097
f 4075 4074 4310
f 4310 4074 4788
f 4788 4074 4789
f 4789 4074 4191
f 4789 4191 4059
f 4059 4191 4790
f 4791 4277 4792
f 4792 4277 4278
f 3732 3735 4793
f 4793 3735 4313
f 4793 4794 3732
f 3732 4794 3731
f 4792 4795 4791
f 4791 4795 4796
f 4797 4798 4799
f 4799 4798 4724
f 4763 4800 3936
f 3936 4800 3935
f 4801 4062 3729
f 3729 4062 3730
f 4713 4712 4802
f 4802 4712 4803
f 4146 4804 4119
f 4119 4804 4805
f 4498 4654 4497
f 4497 4654 4520
f 4806 4807 1326
f 1326 4807 1327
f 4689 4688 1330
f 1330 4688 1331
f 4801 4789 4062
f 4062 4789 4059
f 3730 4062 4808
f 4808 4062 4061
f 4810 4811 4809
f 4809 4811 4812
f 4813 4403 4814
f 4814 4403 4345
f 4815 4816 4349
f 4349 4816 4350
f 4817 4818 4820
f 4820 4818 4819
f 4406 4821 4407
f 4407 4821 4822
f 4823 4161 4824
f 4824 4161 4685
f 4181 4414 4825
f 4825 4414 4689
f 4741 4740 4826
f 4826 4740 4827
f 4828 4829 4827
f 4827 4829 4826
f 4142 4141 4415
f 4415 4141 4148
f 4830 1354 4761
f 4761 1354 1279
f 4832 4833 4831
f 4831 4833 4834
f 4835 4836 4626
f 4626 4836 4421
f 4451 4709 4395
f 4395 4709 4708
f 4627 4420 4837
f 4837 4420 4385
f 4837 1365 4838
f 4838 1365 1364
f 4397 4396 4839
f 4839 4396 4840
f 4842 4628 4841
f 4841 4628 4629
f 4671 4674 4631
f 4631 4674 4630
f 4674 4659 4630
f 4630 4659 4632
f 4633 4632 4658
f 4658 4632 4659
f 4658 4504 4633
f 4633 4504 4634
f 4635 4634 4507
f 4507 4634 4504
f 4843 4636 4507
f 4507 4636 4635
f 4844 4637 4843
f 4843 4637 4636
f 4637 4844 4640
f 4640 4844 4664
f 4638 4663 4642
f 4642 4663 4845
f 4847 4643 4846
f 4846 4643 4641
f 4644 4848 4645
f 4645 4848 4849
f 4851 4852 4850
f 4850 4852 4853
f 4855 4856 4854
f 4854 4856 4857
f 4859 4860 4858
f 4858 4860 4857
f 4715 4718 4859
f 4859 4718 4860
f 4862 4863 4861
f 4861 4863 4864
f 4866 4867 4865
f 4865 4867 4868
f 4870 4871 4869
f 4869 4871 4872
f 4869 4872 4116
f 4116 4872 4117
f 4820 4819 4874
f 4874 4819 4873
f 4876 4877 4875
f 4875 4877 4878
f 4880 4881 4879
f 4879 4881 4882
f 4884 4885 4883
f 4883 4885 4886
f 4887 4888 4280
f 4280 4888 4281
f 4818 4817 4889
f 4889 4817 4890
f 4891 4193 4823
f 4823 4193 4192
f 4892 4893 4228
f 4228 4893 4229
f 4158 4157 4894
f 4894 4157 4895
f 4896 4897 4132
f 4132 4897 4133
f 4099 4683 4100
f 4100 4683 4682
f 4101 4100 4899
f 4899 4100 4898
f 4150 4106 4147
f 4147 4106 4900
f 4100 4682 4898
f 4898 4682 4677
f 4080 4082 4187
f 4187 4082 4184
f 4077 4080 4189
f 4189 4080 4187
f 4191 4190 4790
f 4790 4190 4901
f 4177 4158 4680
f 4680 4158 4894
f 4108 4136 4752
f 4752 4136 4754
f 4752 4753 4108
f 4108 4753 4109
f 4817 4902 4890
f 4890 4902 4903
f 4904 4905 4907
f 4907 4905 4906
f 4909 4910 4908
f 4908 4910 4911
f 4913 4914 4912
f 4912 4914 4915
f 4916 4917 4919
f 4919 4917 4918
f 4312 4424 4299
f 4299 4424 4304
f 4920 4921 4297
f 4297 4921 4298
f 4194 4922 4167
f 4167 4922 4923
f 4924 4400 4691
f 4691 4400 4399
f 4395 4708 4396
f 4396 4708 4758
f 4367 4925 4368
f 4368 4925 4926
f 4919 4918 4873
f 4873 4918 4874
f 4836 4927 4421
f 4421 4927 4422
f 4921 4928 4298
f 4298 4928 4311
f 4143 4146 4122
f 4122 4146 4119
f 4929 4930 4455
f 4455 4930 4452
f 4932 4933 4931
f 4931 4933 4934
f 4935 4936 4932
f 4932 4936 4933
f 4461 4460 4457
f 4457 4460 4458
f 4480 4479 4475
f 4475 4479 4476
f 4660 4673 4517
f 4517 4673 4937
f 4661 4505 4658
f 4658 4505 4504
f 4484 4483 4489
f 4489 4483 4486
f 4462 4509 4463
f 4463 4509 4518
f 4469 4511 4466
f 4466 4511 4508
f 4655 4473 4656
f 4656 4473 4477
f 4476 4657 4477
f 4477 4657 4656
f 4479 4513 4476
f 4476 4513 4657
f 4489 4525 4484
f 4484 4525 4526
f 4483 4549 4486
f 4486 4549 4536
f 4549 4548 4536
f 4536 4548 4551
f 4548 4568 4551
f 4551 4568 4670
f 4663 4589 4845
f 4845 4589 4590
f 4668 4577 4938
f 4938 4577 4580
f 4940 4938 4939
f 4939 4938 4941
f 4940 4942 4669
f 4669 4942 4943
f 4587 4582 4944
f 4944 4582 4581
f 4848 4847 4608
f 4608 4847 4564
f 4616 4945 4613
f 4613 4945 4598
f 4615 4946 4616
f 4616 4946 4945
f 4947 4939 4948
f 4948 4939 4946
f 4599 4605 4600
f 4600 4605 4604
f 4608 4607 4848
f 4848 4607 4849
f 4613 4612 4616
f 4616 4612 4617
f 4835 4949 4709
f 4709 4949 4710
f 4357 1477 4837
f 4837 1477 1365
f 4712 4950 4803
f 4803 4950 4951
f 4401 4952 4402
f 4402 4952 4953
f 4759 4760 4402
f 4402 4760 4399
f 4508 4520 4509
f 4509 4520 4654
f 4510 4522 4511
f 4511 4522 4521
f 4513 4526 4657
f 4657 4526 4525
f 4632 4633 4514
f 4514 4633 4529
f 4931 4934 4453
f 4453 4934 4454
f 4153 4954 4154
f 4154 4954 4955
f 4957 4958 4956
f 4956 4958 4959
f 4961 4962 4960
f 4960 4962 4963
f 4120 4964 4210
f 4210 4964 4965
f 4967 4968 4966
f 4966 4968 4969
f 4349 4692 4815
f 4815 4692 4970
f 4652 4971 4653
f 4653 4971 4706
f 4758 4647 4972
f 4972 4647 4646
f 4973 4363 4646
f 4646 4363 4972
f 4950 4360 4974
f 4974 4360 4364
f 4431 4335 4746
f 4746 4335 4713
f 4358 4714 4325
f 4325 4714 4321
f 4765 4764 4266
f 4266 4764 4975
f 4202 4976 4203
f 4203 4976 4977
f 4917 4978 4918
f 4918 4978 4979
f 4279 4282 4854
f 4854 4282 4269
f 4820 4880 4817
f 4817 4880 4902
f 4890 4903 4980
f 4980 4903 4886
f 4982 4983 4981
f 4981 4983 4123
f 4795 4851 4796
f 4796 4851 4850
f 4918 4979 4874
f 4874 4979 4881
f 4809 4404 4810
f 4810 4404 4403
f 4354 4985 4984
f 4984 4985 4986
f 1364 1516 4838
f 4838 1516 4987
f 4759 4988 4367
f 4367 4988 4925
f 4989 4990 4481
f 4481 4990 4478
f 4443 4515 4990
f 4990 4515 4991
f 4527 4512 4992
f 4992 4512 4991
f 4528 4503 4992
f 4992 4503 4993
f 4993 4994 4485
f 4485 4994 4482
f 4544 4995 4502
f 4502 4995 4994
f 4995 4996 4550
f 4550 4996 4547
f 4998 4999 4997
f 4997 4999 4566
f 4998 5000 4578
f 4578 5000 4579
f 5001 5002 4596
f 4596 5002 4597
f 5003 4591 5004
f 5004 4591 4610
f 4626 4421 4627
f 4627 4421 4420
f 4837 4838 4627
f 4627 4838 4624
f 4761 4705 4830
f 4830 4705 5005
f 4705 4707 5005
f 5005 4707 5006
f 4308 4721 4075
f 4075 4721 4076
f 5007 4200 4797
f 4797 4200 4798
f 4685 4686 5008
f 5008 4686 5009
f 4889 4890 5010
f 5010 4890 4980
f 4323 1541 4324
f 4324 1541 1540
f 4385 4384 4358
f 4358 4384 4714
f 4396 4758 4840
f 4840 4758 4972
f 4866 4852 5011
f 5011 4852 5012
f 5013 4260 4980
f 4980 4260 5010
f 4875 4878 5014
f 5014 4878 5015
f 5017 5018 5016
f 5016 5018 5019
f 5016 5019 5020
f 5020 5019 5021
f 5023 5024 5022
f 5022 5024 5025
f 5027 5028 5026
f 5026 5028 5029
f 5031 5032 5030
f 5030 5032 5033
f 5035 5036 5034
f 5034 5036 5037
f 5039 5040 5038
f 5038 5040 5041
f 5043 5044 5042
f 5042 5044 5045
f 5038 5046 5039
f 5039 5046 5047
f 5049 5050 5048
f 5048 5050 5051
f 5053 5054 5052
f 5052 5054 5055
f 5057 5024 5056
f 5056 5024 5058
f 5060 5061 5059
f 5059 5061 5062
f 5064 5065 5063
f 5063 5065 5066
f 5043 5050 5064
f 5064 5050 5065
f 5038 5041 5067
f 5067 5041 5068
f 5070 5071 5069
f 5069 5071 5072
f 5074 5075 5073
f 5073 5075 5076
f 5034 5077 5035
f 5035 5077 5078
f 5080 5081 5079
f 5079 5081 5082
f 5084 5085 5083
f 5083 5085 5086
f 5085 5084 5087
f 5087 5084 5088
f 5090 5091 5089
f 5089 5091 5092
f 5094 5095 5093
f 5093 5095 5096
f 5098 5099 5097
f 5097 5099 5100
f 5102 5103 5101
f 5101 5103 5104
f 5105 5106 5108
f 5108 5106 5107
f 5110 5111 5109
f 5109 5111 5112
f 5114 5094 5113
f 5113 5094 5093
f 5116 5117 5115
f 5115 5117 5118
f 5120 5121 5119
f 5119 5121 5122
f 5124 5125 5123
f 5123 5125 5126
f 5128 5129 5127
f 5127 5129 5130
f 5097 5131 5098
f 5098 5131 5132
f 5134 5135 5133
f 5133 5135 5122
f 5084 5125 5088
f 5088 5125 5136
f 5138 5139 5137
f 5137 5139 5140
f 5142 5102 5141
f 5141 5102 5101
f 5106 5143 5107
f 5107 5143 5144
f 5146 5147 5145
f 5145 5147 5148
f 5149 5150 5109
f 5109 5150 5110
f 5151 5110 5152
f 5152 5110 5150
f 4715 5140 4716
f 4716 5140 5139
f 5143 4870 5144
f 5144 4870 4869
f 4115 5146 4116
f 4116 5146 5145
f 4791 4796 5149
f 5149 4796 5150
f 4796 4850 5150
f 5150 4850 5152
f 4858 5142 4859
f 4859 5142 5141
f 5153 5154 5115
f 5115 5154 5105
f 5156 5157 5155
f 5155 5157 5158
f 5159 5160 5053
f 5053 5160 5054
f 5161 5162 5020
f 5020 5162 5068
f 5026 5029 5163
f 5163 5029 5021
f 5083 5086 5164
f 5164 5086 5165
f 5090 5167 5166
f 5166 5167 5168
f 5169 5170 5172
f 5172 5170 5171
f 5174 5175 5173
f 5173 5175 5176
f 5177 5109 5178
f 5178 5109 5112
f 5179 5180 5182
f 5182 5180 5181
f 5123 5126 5120
f 5120 5126 5121
f 5180 5167 5181
f 5181 5167 5183
f 5184 5185 5179
f 5179 5185 5180
f 5186 5149 5177
f 5177 5149 5109
f 4868 5184 4865
f 4865 5184 5179
f 5188 5189 5187
f 5187 5189 5190
f 4277 4791 5186
f 5186 4791 5149
f 5179 5182 4865
f 4865 5182 4853
f 5189 4862 5190
f 5190 4862 4861
f 5156 5075 5191
f 5191 5075 5192
f 5036 5035 5193
f 5193 5035 5194
f 5115 5118 5153
f 5153 5118 5195
f 5022 5025 5196
f 5196 5025 5197
f 5155 5158 5069
f 5069 5158 5062
f 5063 5066 5198
f 5198 5066 5199
f 5073 5076 5200
f 5200 5076 5072
f 5202 5131 5201
f 5201 5131 5203
f 5143 5106 5204
f 5204 5106 5205
f 5114 5113 5206
f 5206 5113 5127
f 5098 5132 5193
f 5193 5132 5195
f 5204 5207 5143
f 5143 5207 4870
f 5088 5136 5208
f 5208 5136 5092
f 5209 5210 5089
f 5089 5210 5183
f 5211 5018 5060
f 5060 5018 5061
f 5017 5040 5070
f 5070 5040 5071
f 5191 5160 5156
f 5156 5160 5157
f 5048 5028 5049
f 5049 5028 5058
f 5207 5204 4858
f 4858 5204 5142
f 4859 5141 4715
f 4715 5141 5140
f 5212 5162 5042
f 5042 5162 5051
f 5182 5152 4853
f 4853 5152 4850
f 5214 5134 5213
f 5213 5134 5133
f 5164 5165 5133
f 5133 5165 5213
f 5215 5216 5201
f 5201 5216 5217
f 5147 5218 5148
f 5148 5218 5219
f 5147 5177 5218
f 5218 5177 5178
f 5141 5101 5140
f 5140 5101 5137
f 5201 5217 5202
f 5202 5217 5104
f 5146 5186 5147
f 5147 5186 5177
f 4277 5186 4115
f 4115 5186 5146
f 5191 5192 5031
f 5031 5192 5032
f 5052 5055 5220
f 5220 5055 5197
f 4116 5145 4869
f 4869 5145 5144
f 5034 5037 5214
f 5214 5037 5134
f 5097 5100 5114
f 5114 5100 5094
f 5108 5107 5219
f 5219 5107 5148
f 5221 5135 5116
f 5116 5135 5117
f 5124 5111 5209
f 5209 5111 5210
f 5107 5144 5148
f 5148 5144 5145
f 5152 5182 5151
f 5151 5182 5181
f 5208 5222 5088
f 5088 5222 5087
f 5222 5208 5171
f 5171 5208 5172
f 5223 1756 4698
f 4698 1756 1755
f 4427 5224 4107
f 4107 5224 4135
f 4178 4679 5225
f 5225 4679 5226
f 5227 5228 4892
f 4892 5228 4893
f 5229 5230 4171
f 4171 5230 4172
f 4855 4268 4884
f 4884 4268 4885
f 4884 4871 4855
f 4855 4871 4856
f 4684 5231 4896
f 4896 5231 4897
f 4768 4767 5009
f 5009 4767 5008
f 5205 5154 5102
f 5102 5154 5103
f 5099 5098 5194
f 5194 5098 5193
f 5198 5199 5079
f 5079 5199 5033
f 5102 5142 5205
f 5205 5142 5204
f 5224 4427 4681
f 4681 4427 4678
f 3712 3711 5232
f 5232 3711 5233
f 3968 3988 3963
f 3963 3988 3964
f 3976 4044 3972
f 3972 4044 3985
f 4038 4037 4036
f 4036 4037 4033
f 4794 4762 3731
f 3731 4762 3944
f 3731 3944 3722
f 3722 3944 3810
f 3874 5234 5232
f 5232 5234 3712
f 3906 3905 3867
f 3867 3905 4011
f 3904 4023 3905
f 3905 4023 4011
f 3719 3722 3811
f 3811 3722 3810
f 3812 3719 3687
f 3687 3719 3811
f 3716 3812 3686
f 3686 3812 3687
f 3713 3716 3685
f 3685 3716 3686
f 4810 4403 5235
f 5235 4403 4813
f 4345 1770 4814
f 4814 1770 1769
f 4067 4066 4058
f 4058 4066 5236
f 4043 4068 4049
f 4049 4068 4050
f 4034 5237 3989
f 3989 5237 3990
f 4031 4030 4072
f 4072 4030 4005
f 4003 4004 4002
f 4002 4004 4032
f 4004 4005 4032
f 4032 4005 4030
f 4067 4064 4068
f 4068 4064 4050
f 4058 4057 4067
f 4067 4057 4064
f 4035 4034 5238
f 5238 4034 3989
f 5236 5239 4058
f 4058 5239 5240
f 5234 3874 5241
f 5241 3874 3873
f 5241 3873 3881
f 3881 3873 3878
f 4800 4763 4788
f 4788 4763 4310
f 4763 4762 4310
f 4310 4762 4309
f 4762 4794 4309
f 4309 4794 4306
f 4794 4793 4306
f 4306 4793 4292
f 4293 4313 4302
f 4302 4313 4314
f 4302 4314 4303
f 4303 4314 4315
f 4303 4315 4703
f 4703 4315 4316
f 4035 4069 4043
f 4043 4069 4068
f 4324 1540 4357
f 4357 1540 1477
f 5232 3987 3874
f 3874 3987 3871
f 3987 5232 4013
f 4013 5232 5233
f 4013 5233 4014
f 4014 5233 5242
f 3888 4015 3865
f 3865 4015 4007
f 3866 4008 5243
f 5243 4008 4016
f 3873 5244 3878
f 3878 5244 3875
f 3965 5244 3872
f 3872 5244 3873
f 3876 3875 3965
f 3965 3875 5244
f 5243 4016 5242
f 5242 4016 4014
f 5246 5247 5245
f 5245 5247 5248
f 3576 3950 3577
f 3577 3950 3926
f 3584 3842 3585
f 3585 3842 3580
f 5249 5247 1784
f 1784 5247 1785
f 5250 5251 5253
f 5253 5251 5252
f 5255 5252 5254
f 5254 5252 5256
f 5254 5256 5258
f 5258 5256 5257
f 5258 5257 5260
f 5260 5257 5259
f 4356 5261 4424
f 4424 5261 5259
f 4355 5262 4356
f 4356 5262 5261
f 4924 5264 5263
f 5263 5264 5265
f 4693 5266 4691
f 4691 5266 5267
f 4351 5268 4352
f 4352 5268 5269
f 1808 1807 4351
f 4351 1807 5268
f 3580 3842 3581
f 3799 3802 3838
f 4800 4788 4801
f 4801 4788 4789
f 3729 3935 4801
f 4801 3935 4800
f 3728 3666 3729
f 3729 3666 3935
f 3728 3798 3666
f 3666 3798 3663
f 3798 3818 3663
f 3663 3818 3809
f 3818 3817 3809
f 3809 3817 3808
f 3796 3655 3817
f 3817 3655 3808
f 3615 3568 3796
f 3796 3568 3655
f 3573 3569 3615
f 3615 3569 3568
f 3572 3613 3573
f 3573 3613 3569
f 3792 3606 3572
f 3572 3606 3613
f 3607 3791 3949
f 3949 3791 3591
f 3590 3950 3591
f 3591 3950 3949
f 3805 3926 3590
f 3590 3926 3950
f 3804 3559 3805
f 3805 3559 3926
f 3804 3914 3559
f 3559 3914 3560
f 3924 3789 3913
f 3913 3789 3788
f 3924 3928 3789
f 3789 3928 3826
f 3928 3927 3826
f 3826 3927 3827
f 3927 3834 3827
f 3827 3834 3835
f 4079 4078 5270
f 5270 4078 5007
f 5271 5272 4233
f 4233 5272 5273
f 5275 5276 5274
f 5274 5276 5277
f 5278 5279 4236
f 4236 5279 4237
f 5278 5280 5271
f 5271 5280 5272
f 4235 5281 4236
f 4236 5281 5282
f 5284 5285 5283
f 5283 5285 5286
f 5288 5289 5287
f 5287 5289 5290
f 5292 5293 5291
f 5291 5293 5294
f 5287 5290 4726
f 4726 5290 5295
f 4293 4292 4313
f 4313 4292 4793
f 4720 4736 4719
f 4719 4736 5296
f 5297 4909 5298
f 5298 4909 4908
f 5299 5300 4976
f 4976 5300 5301
f 5302 4202 5303
f 5303 4202 4201
f 5304 5305 4983
f 4983 5305 5306
f 5308 5309 5307
f 5307 5309 5310
f 4722 4725 5283
f 5283 4725 5311
f 5291 5294 4125
f 4125 5294 4126
f 5313 5314 5312
f 5312 5314 5315
f 5316 5317 5319
f 5319 5317 5318
f 5321 5308 5320
f 5320 5308 5307
f 4819 4981 4873
f 4873 4981 5322
f 4981 4123 5322
f 5322 4123 4126
f 5324 5325 5323
f 5323 5325 5326
f 4764 5327 4975
f 4975 5327 5328
f 4172 5327 4169
f 4169 5327 5329
f 4768 4171 4769
f 4769 4171 4170
f 4243 4755 4244
f 4244 4755 5330
f 4755 4205 5330
f 5330 4205 4208
f 4206 4906 4207
f 4207 4906 4905
f 4686 5014 5009
f 5009 5014 5229
f 4756 4770 4170
f 4170 4770 4769
f 4170 4169 4756
f 4756 4169 4757
f 4273 5329 4764
f 4764 5329 5327
f 4276 5331 4273
f 4273 5331 5329
f 4770 4756 4243
f 4243 4756 4755
f 5333 4889 5332
f 5332 4889 5010
f 4877 5332 4878
f 4878 5332 4259
f 4875 4164 4876
f 4876 4164 4163
f 5334 5335 5324
f 5324 5335 5325
f 4983 5306 4123
f 4123 5306 4124
f 4818 4982 4819
f 4819 4982 4981
f 5332 5010 4259
f 4259 5010 4260
f 5014 4686 4875
f 4875 4686 4164
f 4171 4768 5229
f 5229 4768 5009
f 5337 4916 5336
f 5336 4916 4919
f 5293 5337 5294
f 5294 5337 5336
f 4982 4818 5333
f 5333 4818 4889
f 5338 5339 4262
f 4262 5339 5340
f 5307 5310 5338
f 5338 5310 5339
f 5341 5342 4204
f 4204 5342 5309
f 5336 4919 5322
f 5322 4919 4873
f 5294 5336 4126
f 4126 5336 5322
f 5323 5326 5343
f 5343 5326 5286
f 4914 5344 4915
f 4915 5344 5345
f 5312 5315 5344
f 5344 5315 5345
f 5347 5348 5346
f 5346 5348 5349
f 5350 5351 4832
f 4832 5351 4833
f 5352 5353 5349
f 5349 5353 5346
f 5354 5338 4265
f 4265 5338 4262
f 5320 5307 5354
f 5354 5307 5338
f 4201 5308 5303
f 5303 5308 5321
f 5356 5357 5355
f 5355 5357 4799
f 5358 5359 5334
f 5334 5359 5335
f 5358 5360 4093
f 4093 5360 4163
f 5360 5305 4163
f 4163 5305 4876
f 5305 5304 4876
f 4876 5304 4877
f 5270 4778 4079
f 4079 4778 4081
f 4779 5361 4774
f 4774 5361 5357
f 5356 5359 4775
f 4775 5359 4092
f 5333 5304 4982
f 4982 5304 4983
f 5332 4877 5333
f 5333 4877 5304
f 5015 4258 5230
f 5230 4258 5328
f 5327 4172 5328
f 5328 4172 5230
f 4169 5329 4757
f 4757 5329 5331
f 4757 5331 4205
f 4205 5331 4206
f 5331 4276 4206
f 4206 4276 4906
f 4276 4275 4906
f 4906 4275 4907
f 4275 4888 4907
f 4907 4888 4744
f 4887 4717 4745
f 4745 4717 4864
f 4716 5139 4861
f 4861 5139 5190
f 5139 5138 5190
f 5190 5138 5187
f 5138 5216 5187
f 5187 5216 5176
f 5215 5362 5173
f 5173 5362 5130
f 5364 5365 5363
f 5363 5365 5340
f 4742 4863 5366
f 5366 4863 4867
f 4862 5189 4868
f 4868 5189 5184
f 5189 5188 5184
f 5184 5188 5185
f 5188 5175 5185
f 5185 5175 5168
f 3560 3788 3561
f 3561 3788 3790
f 3596 3595 3608
f 3608 3595 3594
f 3598 3582 3595
f 3595 3582 3592
f 3600 3609 3601
f 3601 3609 3611
f 3602 3601 3612
f 3612 3601 3611
f 3606 3605 3613
f 3613 3605 3614
f 3793 5367 3794
f 3794 5367 5368
f 3598 3597 3600
f 3600 3597 3609
f 3793 3792 3575
f 3575 3792 3572
f 3561 3594 3558
f 3558 3594 3593
f 3807 3915 3804
f 3804 3915 3914
f 3916 3915 5370
f 5370 3915 5369
f 3602 3605 3603
f 3603 3605 3604
f 3606 3792 3607
f 3607 3792 3791
f 3914 3913 3560
f 3560 3913 3788
f 5174 5129 5166
f 5166 5129 5371
f 5170 5169 5093
f 5093 5169 5113
f 5166 5371 5090
f 5090 5371 5091
f 5128 5169 5372
f 5372 5169 5172
f 5127 5113 5128
f 5128 5113 5169
f 5114 5206 5203
f 5203 5206 5362
f 5200 5373 5073
f 5073 5373 5096
f 5374 5375 5200
f 5200 5375 5373
f 5039 5047 5374
f 5374 5047 5375
f 5087 5046 5085
f 5085 5046 5376
f 5212 5377 5067
f 5067 5377 5376
f 5042 5045 5212
f 5212 5045 5377
f 5064 5378 5043
f 5043 5378 5044
f 5063 5077 5064
f 5064 5077 5378
f 5079 5082 5198
f 5198 5082 5078
f 5099 5081 5100
f 5100 5081 5379
f 5100 5379 5094
f 5094 5379 5095
f 5381 5382 5380
f 5380 5382 5383
f 5385 5386 5384
f 5384 5386 5383
f 5385 5387 5386
f 5386 5387 5388
f 5390 5391 5389
f 5389 5391 5392
f 5393 5394 5396
f 5396 5394 5395
f 5398 5399 5397
f 5397 5399 5400
f 5402 5403 5401
f 5401 5403 5404
f 5406 5407 5405
f 5405 5407 5404
f 5408 5409 5163
f 5163 5409 5410
f 5411 5412 5414
f 5414 5412 5413
f 5057 5416 5415
f 5415 5416 5417
f 5393 5416 5418
f 5418 5416 5419
f 5396 5395 5420
f 5420 5395 5421
f 5423 5424 5422
f 5422 5424 5425
f 5415 5417 5220
f 5220 5417 5426
f 5418 5391 5393
f 5393 5391 5394
f 5414 5388 5411
f 5411 5388 5392
f 5059 5427 5060
f 5060 5427 5428
f 5423 5427 5429
f 5429 5427 5430
f 5432 5382 5431
f 5431 5382 5425
f 5429 5407 5423
f 5423 5407 5424
f 5380 5409 5381
f 5381 5409 5433
f 5381 5433 5422
f 5422 5433 5428
f 5027 5412 5056
f 5056 5412 5419
f 5435 5436 5434
f 5434 5436 5437
f 5159 5439 5438
f 5438 5439 5440
f 5053 5436 5159
f 5159 5436 5439
f 5441 5403 5398
f 5398 5403 5399
f 5163 5410 5026
f 5026 5410 5413
f 5438 5440 5442
f 5442 5440 5430
f 5444 5445 5443
f 5443 5445 5446
f 5447 5448 5450
f 5450 5448 5449
f 5451 5446 5452
f 5452 5446 5445
f 5454 5455 5453
f 5453 5455 5451
f 5456 5454 5458
f 5458 5454 5457
f 5460 5461 5459
f 5459 5461 5462
f 5464 5465 5463
f 5463 5465 5466
f 5468 5469 5467
f 5467 5469 5470
f 5472 5473 5471
f 5471 5473 5474
f 5475 5476 5478
f 5478 5476 5477
f 5479 5480 5482
f 5482 5480 5481
f 5483 5484 5448
f 5448 5484 5485
f 5448 5485 5449
f 5449 5485 5486
f 5487 5476 5488
f 5488 5476 5475
f 5490 5491 5489
f 5489 5491 5492
f 5494 5495 5493
f 5493 5495 5496
f 5498 5494 5497
f 5497 5494 5493
f 5500 5501 5499
f 5499 5501 5502
f 5503 5504 5446
f 5446 5504 5443
f 5506 5507 5505
f 5505 5507 5508
f 5510 5511 5509
f 5509 5511 5512
f 5514 5515 5513
f 5513 5515 5516
f 5518 5519 5517
f 5517 5519 5520
f 5495 5521 5496
f 5496 5521 5522
f 5524 5525 5523
f 5523 5525 5526
f 5527 5528 5494
f 5494 5528 5495
f 5499 5502 5529
f 5529 5502 5530
f 5531 5532 5485
f 5485 5532 5486
f 5485 5484 5531
f 5531 5484 5533
f 5482 5481 5534
f 5534 5481 5535
f 5536 5512 5506
f 5506 5512 5511
f 5455 5503 5451
f 5451 5503 5446
f 5467 5470 5511
f 5511 5470 5537
f 5538 5467 5510
f 5510 5467 5511
f 5540 5541 5539
f 5539 5541 5542
f 5543 5544 5546
f 5546 5544 5545
f 5548 5472 5547
f 5547 5472 5471
f 5493 5496 5549
f 5549 5496 5550
f 5496 5522 5550
f 5550 5522 5551
f 5553 5554 5552
f 5552 5554 5555
f 5557 5447 5556
f 5556 5447 5558
f 5557 5483 5447
f 5447 5483 5448
f 5478 5477 5553
f 5553 5477 5559
f 5477 5560 5559
f 5559 5560 5561
f 5476 5562 5477
f 5477 5562 5560
f 5476 5487 5562
f 5562 5487 5563
f 5560 5564 5561
f 5561 5564 5565
f 5564 5560 5566
f 5566 5560 5562
f 5563 5567 5562
f 5562 5567 5566
f 5569 5521 5568
f 5568 5521 5570
f 5481 5572 5571
f 5571 5572 5573
f 5574 5535 5571
f 5571 5535 5481
f 5576 5577 5575
f 5575 5577 5578
f 5579 5580 5456
f 5456 5580 5581
f 5475 5582 5488
f 5488 5582 5583
f 5584 5536 5505
f 5505 5536 5506
f 5585 5586 5588
f 5588 5586 5587
f 5590 5591 5589
f 5589 5591 5592
f 5519 5593 5520
f 5520 5593 5594
f 5595 5596 5462
f 5462 5596 5597
f 5599 5600 5598
f 5598 5600 5514
f 5602 5603 5601
f 5601 5603 5604
f 5524 5543 5525
f 5525 5543 5546
f 5543 5524 5606
f 5606 5524 5605
f 5607 5608 5500
f 5500 5608 5501
f 5610 5551 5609
f 5609 5551 5522
f 5611 5510 5598
f 5598 5510 5509
f 5612 5597 5457
f 5457 5597 5458
f 5510 5611 5538
f 5538 5611 5613
f 5580 5508 5581
f 5581 5508 5507
f 5615 5616 5614
f 5614 5616 5617
f 5619 5620 5618
f 5618 5620 5621
f 5623 5624 5622
f 5622 5624 5625
f 5627 5624 5626
f 5626 5624 5623
f 5629 5630 5628
f 5628 5630 5631
f 5633 5634 5632
f 5632 5634 5466
f 5635 5636 5463
f 5463 5636 5637
f 5523 5638 5524
f 5524 5638 5605
f 5639 5640 5641
f 5641 5640 5595
f 5611 5513 5613
f 5613 5513 5642
f 5643 5586 5608
f 5608 5586 5501
f 5622 5625 5590
f 5590 5625 5591
f 5598 5514 5611
f 5611 5514 5513
f 5645 5646 5644
f 5644 5646 5647
f 5620 5619 5491
f 5491 5619 5648
f 5649 5643 5492
f 5492 5643 5608
f 5650 5651 5653
f 5653 5651 5652
f 5463 5466 5635
f 5635 5466 5634
f 5597 5612 5462
f 5462 5612 5459
f 5635 5634 5523
f 5523 5634 5638
f 5654 5638 5633
f 5633 5638 5634
f 5655 5656 5525
f 5525 5656 5526
f 5658 5659 5657
f 5657 5659 5527
f 5660 5464 5637
f 5637 5464 5463
f 5632 5466 5661
f 5661 5466 5465
f 5661 5662 5632
f 5632 5662 5658
f 5662 5663 5658
f 5658 5663 5659
f 5665 5659 5664
f 5664 5659 5663
f 5632 5658 5633
f 5633 5658 5657
f 5666 5629 5530
f 5530 5629 5667
f 5528 5527 5665
f 5665 5527 5659
f 5668 5669 5570
f 5570 5669 5568
f 5669 5668 5670
f 5670 5668 5671
f 5646 5672 5673
f 5672 5674 5673
f 5673 5674 5675
f 5674 5460 5675
f 5675 5460 5459
f 5461 5676 5462
f 5462 5676 5595
f 5677 5678 5680
f 5680 5678 5679
f 5628 5681 5629
f 5629 5681 5667
f 5682 5529 5667
f 5667 5529 5530
f 5675 5459 5683
f 5683 5459 5612
f 5585 5666 5502
f 5502 5666 5530
f 5589 5684 5602
f 5602 5684 5603
f 5646 5645 5663
f 5663 5645 5664
f 5685 5647 5673
f 5673 5647 5646
f 5686 5687 5683
f 5683 5687 5685
f 5688 5689 5533
f 5533 5689 5531
f 5690 5691 5535
f 5535 5691 5534
f 5692 5690 5574
f 5574 5690 5535
f 5685 5687 5689
f 5689 5687 5693
f 5489 5694 5490
f 5490 5694 5695
f 5690 5692 5696
f 5696 5692 5697
f 5696 5644 5690
f 5690 5644 5691
f 5447 5450 5558
f 5558 5450 5698
f 5699 5700 5642
f 5642 5700 5613
f 5701 5702 5540
f 5540 5702 5541
f 5431 5703 5432
f 5432 5703 5697
f 5385 5384 5574
f 5574 5384 5692
f 5389 5387 5573
f 5573 5387 5571
f 5565 5390 5573
f 5573 5390 5389
f 5390 5565 5704
f 5704 5565 5564
f 5566 5705 5564
f 5564 5705 5704
f 5569 5441 5609
f 5609 5441 5398
f 5568 5405 5569
f 5569 5405 5441
f 5670 5706 5669
f 5669 5706 5406
f 5703 5431 5670
f 5670 5431 5706
f 5432 5697 5384
f 5384 5697 5692
f 5574 5571 5385
f 5385 5571 5387
f 5607 5707 5489
f 5489 5707 5694
f 5518 5708 5519
f 5519 5708 5709
f 5711 5576 5710
f 5710 5576 5575
f 5713 5714 5712
f 5712 5714 5715
f 5553 5552 5478
f 5478 5552 5716
f 5717 5475 5716
f 5716 5475 5478
f 5718 5719 5605
f 5605 5719 5606
f 5505 5622 5584
f 5584 5622 5590
f 5508 5623 5505
f 5505 5623 5622
f 5626 5623 5580
f 5580 5623 5508
f 5580 5579 5626
f 5626 5579 5720
f 5579 5721 5720
f 5720 5721 5722
f 5666 5585 5723
f 5723 5585 5588
f 5724 5725 5639
f 5639 5725 5640
f 5554 5726 5555
f 5555 5726 5727
f 5453 5728 5729
f 5689 5688 5685
f 5685 5688 5647
f 5604 5730 5512
f 5512 5730 5509
f 5628 5631 5618
f 5618 5631 5592
f 5601 5604 5536
f 5536 5604 5512
f 5732 5676 5731
f 5731 5676 5660
f 5730 5604 5733
f 5733 5604 5603
f 5563 5487 5551
f 5551 5487 5550
f 5489 5492 5607
f 5607 5492 5608
f 5573 5572 5565
f 5565 5572 5561
f 5609 5522 5569
f 5569 5522 5521
f 5499 5734 5500
f 5500 5734 5735
f 5596 5736 5721
f 5721 5736 5722
f 5737 5600 5594
f 5594 5600 5520
f 5599 5730 5517
f 5517 5730 5733
f 5660 5738 5731
f 5731 5738 5739
f 5648 5649 5491
f 5491 5649 5492
f 5501 5586 5502
f 5502 5586 5585
f 5525 5546 5655
f 5655 5546 5740
f 5600 5599 5520
f 5520 5599 5517
f 5708 5739 5709
f 5709 5739 5738
f 5636 5635 5526
f 5526 5635 5523
f 5670 5671 5703
f 5703 5671 5741
f 5490 5695 5742
f 5742 5695 5743
f 5682 5678 5744
f 5744 5678 5677
f 5678 5681 5679
f 5679 5681 5621
f 5742 5743 5679
f 5679 5743 5680
f 5618 5621 5628
f 5628 5621 5681
f 5725 5724 5589
f 5589 5724 5684
f 5456 5458 5579
f 5579 5458 5721
f 5675 5683 5673
f 5673 5683 5685
f 5529 5682 5745
f 5745 5682 5744
f 5721 5458 5596
f 5596 5458 5597
f 5701 5540 5719
f 5719 5540 5606
f 5703 5741 5697
f 5697 5741 5696
f 5500 5735 5607
f 5607 5735 5707
f 5549 5746 5493
f 5493 5746 5497
f 5700 5747 5613
f 5613 5747 5538
f 5420 5421 5434
f 5434 5421 5400
f 5689 5693 5531
f 5531 5693 5532
f 5705 5566 5748
f 5748 5566 5567
f 5609 5398 5610
f 5610 5398 5397
f 5669 5406 5568
f 5568 5406 5405
f 5488 5583 5549
f 5549 5583 5746
f 5714 5713 5710
f 5710 5713 5711
f 5747 5468 5538
f 5538 5468 5467
f 5548 5547 5749
f 5749 5547 5750
f 5733 5603 5751
f 5751 5603 5684
f 5589 5602 5590
f 5590 5602 5584
f 5636 5752 5614
f 5614 5752 5615
f 5753 5754 5738
f 5738 5754 5755
f 5602 5601 5584
f 5584 5601 5536
f 5723 5736 5630
f 5630 5736 5640
f 5595 5640 5596
f 5596 5640 5736
f 5734 5499 5745
f 5745 5499 5529
f 5627 5587 5643
f 5643 5587 5586
f 5553 5559 5554
f 5554 5559 5480
f 5559 5561 5480
f 5480 5561 5572
f 5554 5480 5726
f 5726 5480 5479
f 5749 5750 5715
f 5715 5750 5712
f 5683 5612 5686
f 5686 5612 5457
f 5678 5682 5681
f 5681 5682 5667
f 5598 5509 5599
f 5599 5509 5730
f 5679 5621 5742
f 5742 5621 5620
f 5652 5616 5653
f 5653 5616 5615
f 5220 5426 5052
f 5052 5426 5437
f 5487 5488 5550
f 5550 5488 5549
f 5742 5620 5490
f 5490 5620 5491
f 5551 5610 5563
f 5563 5610 5567
f 5610 5397 5567
f 5567 5397 5748
f 5614 5617 5753
f 5753 5617 5754
f 5480 5572 5481
f 5755 5756 5738
f 5738 5756 5709
f 5745 5744 5758
f 5758 5744 5757
f 5745 5758 5734
f 5734 5758 5759
f 5735 5734 5760
f 5760 5734 5759
f 5707 5735 5761
f 5761 5735 5760
f 5744 5677 5757
f 5757 5677 5762
f 5677 5680 5762
f 5762 5680 5763
f 5763 5680 5764
f 5764 5680 5743
f 5765 5766 5762
f 5762 5766 5757
f 5768 5769 5767
f 5767 5769 5770
f 5771 5772 5770
f 5770 5772 5767
f 5770 5769 5774
f 5774 5769 5773
f 5775 5776 5774
f 5774 5776 5777
f 5773 5778 5774
f 5774 5778 5775
f 5779 5766 5773
f 5773 5766 5778
f 5777 5771 5774
f 5774 5771 5770
f 5780 5781 5783
f 5783 5781 5782
f 5781 5780 5771
f 5771 5780 5772
f 5773 5769 5779
f 5779 5769 5768
f 5768 5759 5779
f 5779 5759 5758
f 5768 5784 5759
f 5759 5784 5760
f 5767 5785 5768
f 5768 5785 5784
f 5785 5767 5786
f 5786 5767 5772
f 5766 5779 5757
f 5757 5779 5758
f 5780 5787 5772
f 5772 5787 5786
f 5785 5786 5788
f 5788 5786 5789
f 5786 5787 5789
f 5789 5787 5790
f 5788 5789 5791
f 5791 5789 5792
f 5791 5793 5788
f 5788 5793 5794
f 5795 5792 5790
f 5790 5792 5789
f 5785 5788 5784
f 5784 5788 5794
f 5784 5794 5760
f 5760 5794 5761
f 5787 5780 5796
f 5796 5780 5783
f 5775 5778 5797
f 5797 5778 5766
f 5797 5798 5775
f 5775 5798 5776
f 5766 5765 5797
f 5797 5765 5799
f 5798 5797 5800
f 5800 5797 5799
f 5798 5801 5776
f 5776 5801 5802
f 5707 5761 5694
f 5694 5761 5803
f 5695 5804 5743
f 5743 5804 5764
f 5804 5695 5803
f 5803 5695 5694
f 5803 5793 5804
f 5804 5793 5805
f 5793 5791 5805
f 5805 5791 5806
f 5804 5805 5764
f 5764 5805 5807
f 5803 5761 5793
f 5793 5761 5794
f 5808 5763 5807
f 5807 5763 5764
f 5808 5765 5763
f 5763 5765 5762
f 5809 5799 5808
f 5808 5799 5765
f 5809 5808 5810
f 5810 5808 5807
f 5811 5809 5812
f 5812 5809 5810
f 5805 5806 5807
f 5807 5806 5810
f 5806 5813 5810
f 5810 5813 5812
f 5799 5809 5800
f 5800 5809 5811
f 5815 5800 5814
f 5814 5800 5811
f 5814 5817 5816
f 5816 5817 5818
f 5814 5811 5817
f 5817 5811 5812
f 5814 5816 5815
f 5815 5816 5796
f 5815 5796 5801
f 5801 5796 5783
f 5801 5798 5815
f 5815 5798 5800
f 5791 5792 5806
f 5806 5792 5813
f 5818 5813 5795
f 5795 5813 5792
f 5818 5817 5813
f 5813 5817 5812
f 5816 5818 5790
f 5790 5818 5795
f 5790 5787 5816
f 5816 5787 5796
f 5771 5777 5781
f 5781 5777 5782
f 5782 5802 5783
f 5783 5802 5801
f 5782 5777 5802
f 5802 5777 5776
f 5588 5587 5722
f 5722 5587 5720
f 5591 5619 5592
f 5592 5619 5618
f 5625 5624 5648
f 5648 5624 5649
f 5624 5627 5649
f 5649 5627 5643
f 5631 5630 5725
f 5725 5630 5640
f 5625 5648 5591
f 5591 5648 5619
f 5588 5722 5723
f 5723 5722 5736
f 5631 5725 5592
f 5592 5725 5589
f 5723 5630 5666
f 5666 5630 5629
f 5587 5627 5720
f 5720 5627 5626
f 5820 5821 5819
f 5819 5821 5822
f 5824 5825 5823
f 5823 5825 5826
f 5823 5826 5827
f 5827 5826 5828
f 5829 5830 5832
f 5832 5830 5831
f 5518 5833 5708
f 5708 5833 5834
f 5835 5836 5824
f 5824 5836 5825
f 5838 5839 5837
f 5837 5839 5840
f 5751 5684 5842
f 5842 5684 5841
f 5843 5841 5724
f 5724 5841 5684
f 5845 5846 5844
f 5844 5846 5847
f 5848 5830 5836
f 5836 5830 5825
f 5518 5751 5833
f 5833 5751 5842
f 5839 5838 5821
f 5821 5838 5849
f 5850 5848 5822
f 5822 5848 5836
f 5851 5845 5828
f 5828 5845 5852
f 5854 5855 5853
f 5853 5855 5856
f 5845 5844 5852
f 5852 5844 5857
f 5858 5827 5852
f 5852 5827 5828
f 5851 5828 5829
f 5829 5828 5826
f 5819 5859 5820
f 5820 5859 5860
f 5835 5861 5819
f 5819 5861 5859
f 5851 5829 5862
f 5862 5829 5832
f 5844 5847 5837
f 5837 5847 5834
f 5819 5822 5835
f 5835 5822 5836
f 5823 5863 5824
f 5824 5863 5864
f 5849 5850 5821
f 5821 5850 5822
f 5825 5830 5826
f 5826 5830 5829
f 5820 5860 5865
f 5865 5860 5866
f 5858 5854 5867
f 5867 5854 5853
f 5854 5857 5855
f 5855 5857 5840
f 5855 5865 5856
f 5856 5865 5866
f 5837 5840 5844
f 5844 5840 5857
f 5827 5858 5868
f 5868 5858 5867
f 5824 5864 5835
f 5835 5864 5861
f 5732 5731 5862
f 5862 5731 5846
f 5863 5823 5868
f 5868 5823 5827
f 5843 5831 5848
f 5848 5831 5830
f 5854 5858 5857
f 5857 5858 5852
f 5855 5840 5865
f 5865 5840 5839
f 5865 5839 5820
f 5820 5839 5821
f 5868 5867 5870
f 5870 5867 5869
f 5868 5870 5863
f 5863 5870 5871
f 5863 5871 5864
f 5864 5871 5872
f 5864 5872 5861
f 5861 5872 5873
f 5867 5853 5869
f 5869 5853 5874
f 5853 5856 5874
f 5874 5856 5875
f 5856 5866 5875
f 5875 5866 5876
f 5877 5878 5874
f 5874 5878 5869
f 5880 5881 5879
f 5879 5881 5882
f 5883 5884 5880
f 5880 5884 5881
f 5881 5884 5886
f 5886 5884 5885
f 5887 5888 5886
f 5886 5888 5889
f 5885 5890 5886
f 5886 5890 5887
f 5889 5882 5886
f 5886 5882 5881
f 5882 5891 5879
f 5879 5891 5892
f 5885 5884 5893
f 5893 5884 5883
f 5883 5871 5893
f 5893 5871 5870
f 5883 5894 5871
f 5871 5894 5872
f 5880 5895 5883
f 5883 5895 5894
f 5896 5895 5879
f 5879 5895 5880
f 5893 5878 5885
f 5885 5878 5890
f 5878 5893 5869
f 5869 5893 5870
f 5897 5896 5892
f 5892 5896 5879
f 5895 5896 5898
f 5898 5896 5899
f 5896 5897 5899
f 5899 5897 5900
f 5898 5899 5901
f 5901 5899 5902
f 5901 5903 5898
f 5898 5903 5904
f 5900 5905 5899
f 5899 5905 5902
f 5898 5904 5895
f 5895 5904 5894
f 5894 5904 5872
f 5872 5904 5873
f 5897 5892 5907
f 5907 5892 5906
f 5892 5891 5906
f 5906 5891 5908
f 5887 5890 5909
f 5909 5890 5878
f 5888 5887 5910
f 5910 5887 5909
f 5878 5877 5909
f 5909 5877 5911
f 5909 5911 5910
f 5910 5911 5912
f 5913 5914 5910
f 5910 5914 5888
f 5908 5914 5906
f 5906 5914 5913
f 5861 5873 5859
f 5859 5873 5915
f 5860 5916 5866
f 5866 5916 5876
f 5916 5860 5915
f 5915 5860 5859
f 5915 5903 5916
f 5916 5903 5917
f 5903 5901 5917
f 5917 5901 5918
f 5916 5917 5876
f 5876 5917 5919
f 5903 5915 5904
f 5904 5915 5873
f 5920 5875 5919
f 5919 5875 5876
f 5920 5877 5875
f 5875 5877 5874
f 5920 5921 5877
f 5877 5921 5911
f 5921 5920 5922
f 5922 5920 5919
f 5923 5921 5924
f 5924 5921 5922
f 5917 5918 5919
f 5919 5918 5922
f 5918 5925 5922
f 5922 5925 5924
f 5921 5923 5911
f 5911 5923 5912
f 5927 5912 5926
f 5926 5912 5923
f 5926 5929 5928
f 5928 5929 5930
f 5926 5923 5929
f 5929 5923 5924
f 5926 5928 5927
f 5927 5928 5907
f 5927 5907 5913
f 5913 5907 5906
f 5913 5910 5927
f 5927 5910 5912
f 5901 5902 5918
f 5918 5902 5925
f 5930 5925 5905
f 5905 5925 5902
f 5930 5929 5925
f 5925 5929 5924
f 5928 5930 5900
f 5900 5930 5905
f 5900 5897 5928
f 5928 5897 5907
f 5882 5889 5891
f 5891 5889 5908
f 5908 5889 5914
f 5914 5889 5888
f 5832 5831 5641
f 5641 5831 5639
f 5833 5838 5834
f 5834 5838 5837
f 5842 5841 5849
f 5849 5841 5850
f 5841 5843 5850
f 5850 5843 5848
f 5847 5846 5739
f 5739 5846 5731
f 5842 5849 5833
f 5833 5849 5838
f 5862 5832 5732
f 5732 5832 5641
f 5847 5739 5834
f 5834 5739 5708
f 5862 5846 5851
f 5851 5846 5845
f 5831 5843 5639
f 5639 5843 5724
f 5676 5732 5595
f 5595 5732 5641
f 5676 5461 5660
f 5660 5461 5464
f 5461 5460 5464
f 5464 5460 5465
f 5460 5674 5465
f 5465 5674 5661
f 5931 5932 5934
f 5934 5932 5933
f 5936 5937 5935
f 5935 5937 5938
f 5935 5938 5939
f 5939 5938 5940
f 5942 5943 5941
f 5941 5943 5944
f 5945 5946 5936
f 5936 5946 5937
f 5948 5949 5947
f 5947 5949 5950
f 5951 5952 5519
f 5519 5952 5593
f 5953 5951 5709
f 5709 5951 5519
f 5955 5956 5954
f 5954 5956 5957
f 5958 5942 5946
f 5946 5942 5937
f 5948 5959 5949
f 5949 5959 5933
f 5960 5958 5934
f 5934 5958 5946
f 5961 5955 5940
f 5940 5955 5962
f 5963 5964 5966
f 5966 5964 5965
f 5955 5954 5962
f 5962 5954 5967
f 5968 5939 5962
f 5962 5939 5940
f 5961 5940 5941
f 5941 5940 5938
f 5931 5969 5932
f 5932 5969 5970
f 5945 5971 5931
f 5931 5971 5969
f 5941 5944 5961
f 5961 5944 5972
f 5954 5957 5947
f 5947 5957 5973
f 5945 5931 5946
f 5946 5931 5934
f 5935 5974 5936
f 5936 5974 5975
f 5959 5960 5933
f 5933 5960 5934
f 5937 5942 5938
f 5938 5942 5941
f 5932 5970 5976
f 5976 5970 5977
f 5968 5964 5978
f 5978 5964 5963
f 5965 5964 5950
f 5950 5964 5967
f 5976 5977 5965
f 5965 5977 5966
f 5947 5950 5954
f 5954 5950 5967
f 5939 5968 5979
f 5979 5968 5978
f 5936 5975 5945
f 5945 5975 5971
f 5972 5754 5956
f 5956 5754 5617
f 5974 5935 5979
f 5979 5935 5939
f 5953 5943 5958
f 5958 5943 5942
f 5964 5968 5967
f 5967 5968 5962
f 5965 5950 5976
f 5976 5950 5949
f 5976 5949 5932
f 5932 5949 5933
f 5979 5978 5981
f 5981 5978 5980
f 5979 5981 5974
f 5974 5981 5982
f 5974 5982 5975
f 5975 5982 5983
f 5975 5983 5971
f 5971 5983 5984
f 5978 5963 5980
f 5980 5963 5985
f 5963 5966 5985
f 5985 5966 5986
f 5986 5966 5987
f 5987 5966 5977
f 5988 5989 5985
f 5985 5989 5980
f 5991 5992 5990
f 5990 5992 5993
f 5994 5995 5991
f 5991 5995 5992
f 5992 5995 5997
f 5997 5995 5996
f 5998 5999 5997
f 5997 5999 6000
f 5996 6001 5997
f 5997 6001 5998
f 6000 5993 5997
f 5997 5993 5992
f 6002 6003 5993
f 5993 6003 5990
f 5995 5994 5996
f 5996 5994 6004
f 5994 5982 6004
f 6004 5982 5981
f 5994 6005 5982
f 5982 6005 5983
f 5991 6006 5994
f 5994 6006 6005
f 6006 5991 6007
f 6007 5991 5990
f 5996 6004 6001
f 6001 6004 5989
f 5989 6004 5980
f 5980 6004 5981
f 6003 6008 5990
f 5990 6008 6007
f 6009 6006 6010
f 6010 6006 6007
f 6008 6011 6007
f 6007 6011 6010
f 6012 6009 6013
f 6013 6009 6010
f 6009 6012 6015
f 6015 6012 6014
f 6011 6016 6010
f 6010 6016 6013
f 6006 6009 6005
f 6005 6009 6015
f 6005 6015 5983
f 5983 6015 5984
f 6008 6003 6018
f 6018 6003 6017
f 6003 6002 6017
f 6017 6002 6019
f 5998 6001 6020
f 6020 6001 5989
f 5999 5998 6021
f 6021 5998 6020
f 5989 5988 6020
f 6020 5988 6022
f 6021 6020 6023
f 6023 6020 6022
f 6021 6024 5999
f 5999 6024 6025
f 6019 6025 6017
f 6017 6025 6024
f 5971 5984 5969
f 5969 5984 6026
f 5970 6027 5977
f 5977 6027 5987
f 6027 5970 6026
f 6026 5970 5969
f 6026 6014 6027
f 6027 6014 6028
f 6014 6012 6028
f 6028 6012 6029
f 6027 6028 5987
f 5987 6028 6030
f 6026 5984 6014
f 6014 5984 6015
f 6031 5986 6030
f 6030 5986 5987
f 6031 5988 5986
f 5986 5988 5985
f 6032 6022 6031
f 6031 6022 5988
f 6032 6031 6033
f 6033 6031 6030
f 6034 6032 6035
f 6035 6032 6033
f 6028 6029 6030
f 6030 6029 6033
f 6029 6036 6033
f 6033 6036 6035
f 6032 6034 6022
f 6022 6034 6023
f 6038 6023 6037
f 6037 6023 6034
f 6037 6040 6039
f 6039 6040 6041
f 6037 6034 6040
f 6040 6034 6035
f 6037 6039 6038
f 6038 6039 6018
f 6038 6018 6024
f 6024 6018 6017
f 6024 6021 6038
f 6038 6021 6023
f 6012 6013 6029
f 6029 6013 6036
f 6041 6036 6016
f 6016 6036 6013
f 6041 6040 6036
f 6036 6040 6035
f 6041 6016 6039
f 6039 6016 6011
f 6011 6008 6039
f 6039 6008 6018
f 5993 6000 6002
f 6002 6000 6019
f 6019 6000 6025
f 6025 6000 5999
f 5943 5756 5944
f 5944 5756 5755
f 6042 5948 5973
f 5973 5948 5947
f 5952 5951 5959
f 5959 5951 5960
f 5951 5953 5960
f 5960 5953 5958
f 5616 5957 5617
f 5617 5957 5956
f 6042 5952 5948
f 5948 5952 5959
f 5944 5755 5972
f 5972 5755 5754
f 5957 5616 5973
f 5973 5616 5652
f 5956 5955 5972
f 5972 5955 5961
f 5943 5953 5756
f 5756 5953 5709
f 6044 6045 6043
f 6043 6045 6046
f 6048 6049 6047
f 6047 6049 6050
f 6047 6050 6051
f 6051 6050 6052
f 6054 6055 6053
f 6053 6055 6056
f 6057 6058 6060
f 6060 6058 6059
f 6061 6062 6048
f 6048 6062 6049
f 6063 6064 6066
f 6066 6064 6065
f 6067 6068 6070
f 6070 6068 6069
f 6071 6069 5653
f 5653 6069 6068
f 6072 6073 6075
f 6075 6073 6074
f 6062 6076 6049
f 6049 6076 6054
f 6058 6067 6059
f 6059 6067 6070
f 6064 6077 6065
f 6065 6077 6045
f 6078 6076 6046
f 6046 6076 6062
f 6073 6080 6079
f 6079 6080 6052
f 6082 6083 6081
f 6081 6083 6084
f 6072 6085 6073
f 6073 6085 6080
f 6086 6051 6080
f 6080 6051 6052
f 6079 6052 6053
f 6053 6052 6050
f 6043 6087 6044
f 6044 6087 6088
f 6061 6089 6043
f 6043 6089 6087
f 6053 6056 6079
f 6079 6056 6090
f 6063 6072 6060
f 6060 6072 6075
f 6043 6046 6061
f 6061 6046 6062
f 6047 6091 6048
f 6048 6091 6092
f 6077 6078 6045
f 6045 6078 6046
f 6049 6054 6050
f 6050 6054 6053
f 6044 6088 6093
f 6093 6088 6094
f 6086 6082 6095
f 6095 6082 6081
f 6083 6082 6066
f 6066 6082 6085
f 6093 6094 6083
f 6083 6094 6084
f 6072 6063 6085
f 6085 6063 6066
f 6051 6086 6096
f 6096 6086 6095
f 6048 6092 6061
f 6061 6092 6089
f 5656 5655 6090
f 6090 5655 6074
f 6091 6047 6096
f 6096 6047 6051
f 6071 6055 6076
f 6076 6055 6054
f 6082 6086 6085
f 6085 6086 6080
f 6093 6083 6065
f 6065 6083 6066
f 6044 6093 6045
f 6045 6093 6065
f 6096 6095 6098
f 6098 6095 6097
f 6096 6098 6091
f 6091 6098 6099
f 6091 6099 6092
f 6092 6099 6100
f 6092 6100 6089
f 6089 6100 6101
f 6095 6081 6097
f 6097 6081 6102
f 6081 6084 6102
f 6102 6084 6103
f 6103 6084 6104
f 6104 6084 6094
f 6106 6097 6105
f 6105 6097 6102
f 6107 6108 6110
f 6110 6108 6109
f 6111 6112 6108
f 6108 6112 6109
f 6109 6112 6114
f 6114 6112 6113
f 6114 6115 6117
f 6117 6115 6116
f 6113 6118 6114
f 6114 6118 6115
f 6117 6110 6114
f 6114 6110 6109
f 6110 6119 6107
f 6107 6119 6120
f 6112 6111 6113
f 6113 6111 6121
f 6111 6099 6121
f 6121 6099 6098
f 6111 6122 6099
f 6099 6122 6100
f 6123 6122 6108
f 6108 6122 6111
f 6124 6123 6107
f 6107 6123 6108
f 6113 6121 6118
f 6118 6121 6106
f 6106 6121 6097
f 6097 6121 6098
f 6125 6124 6120
f 6120 6124 6107
f 6126 6123 6127
f 6127 6123 6124
f 6125 6128 6124
f 6124 6128 6127
f 6129 6126 6130
f 6130 6126 6127
f 6126 6129 6132
f 6132 6129 6131
f 6128 6133 6127
f 6127 6133 6130
f 6123 6126 6122
f 6122 6126 6132
f 6122 6132 6100
f 6100 6132 6101
f 6120 6134 6125
f 6125 6134 6135
f 6120 6119 6134
f 6134 6119 6136
f 6115 6118 6137
f 6137 6118 6106
f 6115 6137 6116
f 6116 6137 6138
f 6137 6106 6139
f 6139 6106 6105
f 6138 6137 6140
f 6140 6137 6139
f 6141 6142 6138
f 6138 6142 6116
f 6136 6142 6134
f 6134 6142 6141
f 6089 6101 6087
f 6087 6101 6143
f 6088 6144 6094
f 6094 6144 6104
f 6143 6144 6087
f 6087 6144 6088
f 6131 6145 6143
f 6143 6145 6144
f 6129 6146 6131
f 6131 6146 6145
f 6144 6145 6104
f 6104 6145 6147
f 6143 6101 6131
f 6131 6101 6132
f 6148 6103 6147
f 6147 6103 6104
f 6103 6148 6102
f 6102 6148 6105
f 6148 6149 6105
f 6105 6149 6139
f 6149 6148 6150
f 6150 6148 6147
f 6151 6149 6152
f 6152 6149 6150
f 6145 6146 6147
f 6147 6146 6150
f 6146 6153 6150
f 6150 6153 6152
f 6149 6151 6139
f 6139 6151 6140
f 6155 6140 6154
f 6154 6140 6151
f 6154 6157 6156
f 6156 6157 6158
f 6154 6151 6157
f 6157 6151 6152
f 6154 6156 6155
f 6155 6156 6135
f 6155 6135 6141
f 6141 6135 6134
f 6141 6138 6155
f 6155 6138 6140
f 6146 6129 6153
f 6153 6129 6130
f 6158 6153 6133
f 6133 6153 6130
f 6158 6157 6153
f 6153 6157 6152
f 6156 6158 6128
f 6128 6158 6133
f 6128 6125 6156
f 6156 6125 6135
f 6110 6117 6119
f 6119 6117 6136
f 6136 6117 6142
f 6142 6117 6116
f 6055 5615 6056
f 6056 5615 5752
f 6060 6059 6063
f 6063 6059 6064
f 6077 6070 6078
f 6078 6070 6069
f 6069 6071 6078
f 6078 6071 6076
f 6159 6057 6075
f 6075 6057 6060
f 6059 6070 6064
f 6064 6070 6077
f 6056 5752 6090
f 6090 5752 5656
f 6090 6074 6079
f 6079 6074 6073
f 6055 6071 5615
f 5615 6071 5653
f 5547 5471 6160
f 6160 5471 6161
f 5729 5577 6163
f 6163 5577 6162
f 5577 5576 6162
f 6162 5576 6164
f 5713 6165 5711
f 5711 6165 6166
f 5474 5729 6167
f 6167 5729 6163
f 5750 5547 6168
f 6168 5547 6160
f 5471 5474 6161
f 6161 5474 6167
f 6169 5712 6168
f 6168 5712 5750
f 5711 6166 5576
f 5576 6166 6164
f 6165 5713 6169
f 6169 5713 5712
f 6168 6170 6169
f 6169 6170 6171
f 6169 6171 6165
f 6165 6171 6172
f 6165 6172 6166
f 6166 6172 6173
f 6166 6173 6164
f 6164 6173 6174
f 6168 6160 6170
f 6170 6160 6175
f 6160 6161 6175
f 6175 6161 6176
f 6161 6167 6176
f 6176 6167 6177
f 6179 6170 6178
f 6178 6170 6175
f 6181 6182 6180
f 6180 6182 6183
f 6184 6185 6181
f 6181 6185 6182
f 6186 6187 6185
f 6185 6187 6182
f 6186 6188 6187
f 6187 6188 6189
f 6190 6183 6187
f 6187 6183 6182
f 6183 6190 6191
f 6191 6190 6192
f 6191 6193 6183
f 6183 6193 6180
f 6186 6185 6194
f 6194 6185 6184
f 6184 6172 6194
f 6194 6172 6171
f 6184 6195 6172
f 6172 6195 6173
f 6181 6196 6184
f 6184 6196 6195
f 6196 6181 6197
f 6197 6181 6180
f 6186 6194 6188
f 6188 6194 6179
f 6179 6194 6170
f 6170 6194 6171
f 6193 6198 6180
f 6180 6198 6197
f 6199 6196 6200
f 6200 6196 6197
f 6198 6201 6197
f 6197 6201 6200
f 6202 6199 6203
f 6203 6199 6200
f 6199 6202 6205
f 6205 6202 6204
f 6201 6206 6200
f 6200 6206 6203
f 6196 6199 6195
f 6195 6199 6205
f 6195 6205 6173
f 6173 6205 6174
f 6198 6193 6208
f 6208 6193 6207
f 6193 6191 6207
f 6207 6191 6192
f 6189 6188 6209
f 6209 6188 6179
f 6210 6189 6211
f 6211 6189 6209
f 6209 6179 6212
f 6212 6179 6178
f 6211 6209 6213
f 6213 6209 6212
f 6211 6214 6210
f 6210 6214 6215
f 6192 6215 6207
f 6207 6215 6214
f 6190 6187 6210
f 6210 6187 6189
f 6192 6190 6215
f 6215 6190 6210
f 6162 6164 6216
f 6216 6164 6174
f 6167 6163 6177
f 6177 6163 6217
f 6216 6217 6162
f 6162 6217 6163
f 6204 6218 6216
f 6216 6218 6217
f 6202 6219 6204
f 6204 6219 6218
f 6217 6218 6177
f 6177 6218 6220
f 6216 6174 6204
f 6204 6174 6205
f 6221 6176 6220
f 6220 6176 6177
f 6176 6221 6175
f 6175 6221 6178
f 6221 6222 6178
f 6178 6222 6212
f 6222 6221 6223
f 6223 6221 6220
f 6224 6222 6225
f 6225 6222 6223
f 6218 6219 6220
f 6220 6219 6223
f 6219 6226 6223
f 6223 6226 6225
f 6222 6224 6212
f 6212 6224 6213
f 6228 6213 6227
f 6227 6213 6224
f 6229 6227 6231
f 6231 6227 6230
f 6227 6224 6230
f 6230 6224 6225
f 6227 6229 6228
f 6228 6229 6208
f 6228 6208 6214
f 6214 6208 6207
f 6214 6211 6228
f 6228 6211 6213
f 6219 6202 6226
f 6226 6202 6203
f 6231 6226 6206
f 6206 6226 6203
f 6231 6230 6226
f 6226 6230 6225
f 6229 6231 6201
f 6201 6231 6206
f 6201 6198 6229
f 6229 6198 6208
f 5674 5672 5661
f 5661 5672 5662
f 5662 5672 5663
f 5663 5672 5646
f 5651 6042 5652
f 5652 6042 5973
f 5518 5517 5751
f 5751 5517 5733
f 5738 5660 5753
f 5753 5660 5637
f 5752 5636 5656
f 5656 5636 5526
f 5952 6042 5593
f 5593 6042 5651
f 5593 5651 5594
f 5594 5651 5650
f 5600 5737 5514
f 5514 5737 5515
f 5546 5545 5740
f 5740 5545 6232
f 6232 6058 5740
f 5740 6058 6057
f 6067 6058 6233
f 6233 6058 6232
f 6233 6232 6234
f 6234 6232 5545
f 6234 5545 6235
f 6235 5545 5544
f 5606 6236 5543
f 5543 6236 5544
f 6235 5544 5539
f 5539 5544 6236
f 6237 6235 5542
f 5542 6235 5539
f 6235 6237 6234
f 6234 6237 6238
f 6234 6238 6233
f 6233 6238 6239
f 5653 6068 5650
f 5650 6068 6239
f 5642 5513 6240
f 6240 5513 5516
f 5539 6236 5540
f 5540 6236 5606
f 5636 5614 5637
f 5637 5614 5753
f 6239 5737 5650
f 5650 5737 5594
f 6239 6068 6233
f 6233 6068 6067
f 6075 6074 6159
f 6159 6074 5655
f 6057 6159 5740
f 5740 6159 5655
f 5515 5737 6238
f 6238 5737 6239
f 6238 6237 5515
f 5515 6237 5516
f 5542 6240 6237
f 6237 6240 5516
f 6240 5542 5642
f 5642 5542 5541
f 5702 5699 5541
f 5541 5699 5642
f 5582 5475 5717
f 5470 5443 5537
f 5537 5443 5504
f 5469 5444 5470
f 5470 5444 5443
f 5726 5557 5727
f 5727 5557 5556
f 5537 5504 5511
f 5511 5504 5506
f 5504 5503 5506
f 5506 5503 5507
f 5503 5455 5507
f 5507 5455 5581
f 5455 5454 5581
f 5581 5454 5456
f 5473 5453 5474
f 5474 5453 5729
f 5457 5454 5473
f 5473 5454 5453
f 5473 5472 5457
f 5457 5472 5686
f 5472 5548 5686
f 5686 5548 5687
f 5749 5693 5548
f 5548 5693 5687
f 5715 5532 5749
f 5749 5532 5693
f 5714 5486 5715
f 5715 5486 5532
f 5714 5710 5486
f 5486 5710 5449
f 5728 5578 5729
f 5729 5578 5577
f 5452 5445 5698
f 5698 5445 5558
f 5445 5444 5558
f 5558 5444 5556
f 5444 5469 5556
f 5556 5469 5727
f 5469 5468 5727
f 5727 5468 5555
f 5468 5747 5555
f 5555 5747 5552
f 5747 5700 5552
f 5552 5700 5716
f 5700 5699 5716
f 5716 5699 5717
f 5699 5702 5717
f 5717 5702 5582
f 5702 5701 5582
f 5582 5701 5583
f 5726 5479 5557
f 5557 5479 5483
f 5483 5479 5484
f 5484 5479 5482
f 5534 5533 5482
f 5482 5533 5484
f 5691 5688 5534
f 5534 5688 5533
f 5644 5647 5691
f 5691 5647 5688
f 5719 5746 5701
f 5701 5746 5583
f 5718 5497 5719
f 5719 5497 5746
f 5718 5605 5654
f 5654 5605 5638
f 5498 5654 5657
f 5657 5654 5633
f 5497 5718 5498
f 5498 5718 5654
f 5657 5527 5498
f 5498 5527 5494
f 5528 5570 5495
f 5495 5570 5521
f 5665 5668 5528
f 5528 5668 5570
f 5664 5671 5665
f 5665 5671 5668
f 5645 5741 5664
f 5664 5741 5671
f 5644 5696 5645
f 5645 5696 5741
f 5710 5575 5449
f 5449 5575 5450
f 5575 5578 5450
f 5450 5578 5698
f 5578 5728 5698
f 5698 5728 5452
f 5452 5728 5451
f 5451 5728 5453
f 3619 6241 3620
f 3620 6241 6242
f 6243 6244 3628
f 3628 6244 3629
f 6245 6246 3634
f 3634 6246 3631
f 6247 6248 3636
f 3636 6248 3637
f 6249 6250 3642
f 3642 6250 3639
f 3639 6250 3643
f 3643 6250 6251
f 3743 6252 3744
f 3744 6252 6253
f 6246 6243 3631
f 3631 6243 3628
f 3753 6254 3754
f 3754 6254 6255
f 3857 6256 3619
f 3619 6256 6241
f 6257 6245 3932
f 3932 6245 3634
f 6242 6247 3620
f 3620 6247 3636
f 6258 6259 3946
f 3946 6259 3947
f 6260 6249 3948
f 3948 6249 3642
f 6244 6258 3629
f 3629 6258 3946
f 3947 6259 3753
f 3753 6259 6254
f 6248 6260 3637
f 3637 6260 3948
f 3643 6251 3743
f 3743 6251 6252
f 3744 6253 3932
f 3932 6253 6257
f 6250 6249 6251
f 6251 6249 6252
f 6245 6261 6246
f 6246 6261 6262
f 6263 6264 6247
f 6247 6264 6248
f 6252 6265 6253
f 6253 6265 6266
f 6246 6262 6243
f 6243 6262 6267
f 6268 6261 6257
f 6257 6261 6245
f 6269 6263 6242
f 6242 6263 6247
f 6270 6271 6260
f 6260 6271 6249
f 6264 6270 6248
f 6248 6270 6260
f 6253 6266 6257
f 6257 6266 6268
f 6249 6271 6252
f 6252 6271 6265
f 6254 6259 6272
f 6272 6259 6273
f 6266 6265 6270
f 6270 6265 6271
f 6268 6266 6264
f 6264 6266 6270
f 6261 6268 6263
f 6263 6268 6264
f 6269 6262 6263
f 6263 6262 6261
f 4186 4185 6274
f 6274 4185 6275
f 6241 6276 6242
f 6242 6276 6269
f 6258 6244 6277
f 6277 6244 6278
f 6256 6279 6241
f 6241 6279 6276
f 6259 6258 6273
f 6273 6258 6277
f 6243 6267 6244
f 6244 6267 6278
f 6276 6267 6269
f 6269 6267 6262
f 6254 6272 6255
f 6255 6272 6280
f 3865 3713 3888
f 3888 3713 3685
f 5242 5233 3892
f 3892 5233 3711
f 3900 5243 3892
f 3892 5243 5242
f 3734 3866 3900
f 3900 3866 5243
f 4117 6281 4118
f 4118 6281 6282
f 4118 6282 4278
f 4278 6282 4879
f 4717 4887 4718
f 4718 4887 4280
f 4792 4278 4882
f 4882 4278 4879
f 4795 4792 6283
f 6283 4792 4882
f 4852 4851 5012
f 5012 4851 6284
f 4856 5207 4857
f 4857 5207 4858
f 4860 4279 4857
f 4857 4279 4854
f 4718 4280 4860
f 4860 4280 4279
f 4864 4863 4745
f 4745 4863 4742
f 5366 4867 5011
f 5011 4867 4866
f 4871 4884 4872
f 4872 4884 4883
f 4872 4883 4117
f 4117 4883 6281
f 6284 4851 6283
f 6283 4851 4795
f 4852 4866 4853
f 4853 4866 4865
f 4871 4870 4856
f 4856 4870 5207
f 4717 4716 4864
f 4864 4716 4861
f 4868 4867 4862
f 4862 4867 4863
f 4268 4855 4269
f 4269 4855 4854
f 4281 4274 4282
f 4282 4274 4765
f 4744 4743 4907
f 4907 4743 4904
f 4874 4881 4820
f 4820 4881 4880
f 4885 5013 4886
f 4886 5013 4980
f 4888 4275 4281
f 4281 4275 4274
f 4902 6282 4903
f 4903 6282 6281
f 6283 4979 6284
f 6284 4979 4978
f 4282 4765 4269
f 4269 4765 4266
f 4880 4879 4902
f 4902 4879 6282
f 4903 6281 4886
f 4886 6281 4883
f 4882 4881 6283
f 6283 4881 4979
f 5013 4885 4267
f 4267 4885 4268
f 4888 4887 4744
f 4744 4887 4745
f 4410 6285 4411
f 4411 6285 4812
f 4750 4749 6286
f 6286 4749 6287
f 6289 4695 6288
f 6288 4695 4255
f 4750 4675 4751
f 4751 4675 4965
f 6290 6291 4963
f 4963 6291 4960
f 4807 4806 4411
f 4411 4806 4408
f 6292 6293 4959
f 4959 6293 4956
f 4958 6294 4959
f 4959 6294 4955
f 4962 4964 4963
f 4963 4964 4805
f 4962 4961 4751
f 4751 4961 4748
f 6296 6297 6295
f 6295 6297 6298
f 6299 6300 6288
f 6288 6300 4735
f 6302 4961 6301
f 6301 4961 4960
f 6304 6287 6303
f 6303 6287 4749
f 4968 6305 4969
f 4969 6305 6306
f 4413 6308 6307
f 6307 6308 4900
f 6301 4960 6309
f 6309 4960 6291
f 4412 4408 6310
f 6310 4408 4806
f 4696 6311 4256
f 4256 6311 6312
f 6303 4749 6313
f 6313 4749 4748
f 6313 4748 6302
f 6302 4748 4961
f 6315 6316 6314
f 6314 6316 6317
f 4084 6318 6315
f 6315 6318 6316
f 4083 6319 4084
f 4084 6319 6318
f 4112 6320 4083
f 4083 6320 6319
f 6322 4138 6321
f 6321 4138 4137
f 6324 4128 6323
f 6323 4128 4127
f 4127 4193 6323
f 6323 4193 6325
f 4193 4891 6325
f 6325 4891 6326
f 4891 6327 6326
f 6326 6327 6328
f 6327 4824 5227
f 5227 4824 5228
f 5231 4684 6329
f 6329 4684 4683
f 4683 4099 6329
f 6329 4099 6330
f 4099 4102 6330
f 6330 4102 6331
f 4174 4826 4429
f 4429 4826 4829
f 4173 4741 4174
f 4174 4741 4826
f 4180 4738 4173
f 4173 4738 4741
f 6332 6333 4180
f 4180 6333 4738
f 6274 6334 4186
f 4186 6334 4188
f 4181 4825 4180
f 4180 4825 6332
f 5044 5213 5045
f 5045 5213 5165
f 5046 5087 5047
f 5047 5087 5222
f 5077 5063 5078
f 5078 5063 5198
f 5081 5099 5082
f 5082 5099 5194
f 5095 5074 5096
f 5096 5074 5073
f 5373 5170 5096
f 5096 5170 5093
f 5375 5171 5373
f 5373 5171 5170
f 5047 5222 5375
f 5375 5222 5171
f 5046 5038 5376
f 5376 5038 5067
f 5377 5086 5376
f 5376 5086 5085
f 5045 5165 5377
f 5377 5165 5086
f 5378 5214 5044
f 5044 5214 5213
f 5077 5034 5378
f 5378 5034 5214
f 5082 5194 5078
f 5078 5194 5035
f 5081 5080 5379
f 5379 5080 6335
f 5379 6335 5095
f 5095 6335 5074
f 5032 5080 5033
f 5033 5080 5079
f 5040 5017 5041
f 5041 5017 5016
f 5050 5043 5051
f 5051 5043 5042
f 5065 5023 5066
f 5066 5023 5022
f 5050 5049 5065
f 5065 5049 5023
f 5041 5016 5068
f 5068 5016 5020
f 5071 5374 5072
f 5072 5374 5200
f 5075 5156 5076
f 5076 5156 5155
f 5162 5212 5068
f 5068 5212 5067
f 5075 5074 5192
f 5192 5074 6335
f 5066 5022 5199
f 5199 5022 5196
f 5076 5155 5072
f 5072 5155 5069
f 5040 5039 5071
f 5071 5039 5374
f 5162 5161 5051
f 5051 5161 5048
f 5192 6335 5032
f 5032 6335 5080
f 5199 5196 5033
f 5033 5196 5030
f 5018 5211 5019
f 5019 5211 5408
f 5019 5408 5021
f 5021 5408 5163
f 5024 5057 5025
f 5025 5057 5415
f 5028 5048 5029
f 5029 5048 5161
f 5054 5031 5055
f 5055 5031 5030
f 5024 5023 5058
f 5058 5023 5049
f 5061 5070 5062
f 5062 5070 5069
f 5157 5438 5158
f 5158 5438 5442
f 5160 5191 5054
f 5054 5191 5031
f 5029 5161 5021
f 5021 5161 5020
f 5025 5415 5197
f 5197 5415 5220
f 5158 5442 5062
f 5062 5442 5059
f 5018 5017 5061
f 5061 5017 5070
f 5160 5159 5157
f 5157 5159 5438
f 5028 5027 5058
f 5058 5027 5056
f 5055 5030 5197
f 5197 5030 5196
f 5409 5380 5410
f 5410 5380 6336
f 5026 5413 5027
f 5027 5413 5412
f 5396 5417 5393
f 5393 5417 5416
f 5416 5057 5419
f 5419 5057 5056
f 5417 5396 5426
f 5426 5396 5420
f 5427 5423 5428
f 5428 5423 5422
f 5427 5059 5430
f 5430 5059 5442
f 5409 5408 5433
f 5433 5408 5211
f 5433 5211 5428
f 5428 5211 5060
f 5412 5411 5419
f 5419 5411 5418
f 5436 5053 5437
f 5437 5053 5052
f 5439 5402 5440
f 5440 5402 5401
f 5436 5435 5439
f 5439 5435 5402
f 5410 6336 5413
f 5413 6336 5414
f 5440 5401 5430
f 5430 5401 5429
f 5426 5420 5437
f 5437 5420 5434
f 5382 5432 5383
f 5383 5432 5384
f 5386 6336 5383
f 5383 6336 5380
f 6336 5386 5414
f 5414 5386 5388
f 5391 5418 5392
f 5392 5418 5411
f 5705 5395 5704
f 5704 5395 5394
f 5399 5435 5400
f 5400 5435 5434
f 5403 5441 5404
f 5404 5441 5405
f 5407 5429 5404
f 5404 5429 5401
f 5395 5705 5421
f 5421 5705 5748
f 5424 5706 5425
f 5425 5706 5431
f 5391 5390 5394
f 5394 5390 5704
f 5392 5388 5389
f 5389 5388 5387
f 5382 5381 5425
f 5425 5381 5422
f 5407 5406 5424
f 5424 5406 5706
f 5403 5402 5399
f 5399 5402 5435
f 5421 5748 5400
f 5400 5748 5397
f 4097 4721 4098
f 4098 4721 4231
f 4233 5273 4098
f 4098 5273 4095
f 6337 6338 4785
f 4785 6338 4786
f 4076 4780 4073
f 4073 4780 4781
f 4782 4190 4781
f 4781 4190 4073
f 4783 4901 4782
f 4782 4901 4190
f 4780 4076 4097
f 4097 4076 4721
f 6337 2879 4701
f 4701 2879 2878
f 5280 6339 5272
f 5272 6339 6340
f 5282 5281 6341
f 6341 5281 6342
f 4109 6302 4110
f 4110 6302 6301
f 4283 6304 4284
f 4284 6304 6303
f 6305 4379 6306
f 6306 4379 4378
f 4110 6301 4428
f 4428 6301 6309
f 6310 4688 4412
f 4412 4688 4687
f 4284 6303 4753
f 4753 6303 6313
f 4753 6313 4109
f 4109 6313 6302
f 6343 5226 4428
f 4428 5226 4427
f 4147 4900 4416
f 4416 4900 6308
f 6312 6311 4241
f 4241 6311 4720
f 5223 6344 4702
f 4702 6344 4699
f 4221 4220 6345
f 6345 4220 6346
f 5276 5275 6347
f 6347 5275 6348
f 5275 4728 6348
f 6348 4728 6349
f 4727 6350 5284
f 5284 6350 5285
f 6351 6352 6354
f 6354 6352 6353
f 5313 5312 5292
f 5292 5312 5293
f 5312 5344 5293
f 5293 5344 5337
f 5344 4914 5337
f 5337 4914 4916
f 4914 4913 4916
f 4916 4913 4917
f 4913 6355 4917
f 4917 6355 4978
f 6356 6357 6284
f 6284 6357 5012
f 6357 6358 5012
f 5012 6358 5011
f 5011 6358 5366
f 5366 6358 6359
f 6360 4742 6359
f 6359 4742 5366
f 4743 6361 4904
f 4904 6361 5364
f 5363 4905 5364
f 5364 4905 4904
f 5363 6362 4905
f 4905 6362 4207
f 6362 6363 4207
f 4207 6363 4208
f 6363 5342 4208
f 4208 5342 5330
f 5342 5341 5330
f 5330 5341 4244
f 5341 6364 4244
f 4244 6364 4245
f 6364 6365 4245
f 4245 6365 4246
f 6366 6367 4253
f 4253 6367 4250
f 4214 6368 4211
f 4211 6368 4380
f 4380 4379 4211
f 4211 4379 4283
f 4379 6305 4283
f 4283 6305 6304
f 6305 4968 6304
f 6304 4968 6287
f 4968 4967 6287
f 6287 4967 6286
f 4967 6297 6286
f 6286 6297 4676
f 6296 4376 4288
f 4288 4376 4285
f 4376 4373 4285
f 4285 4373 4290
f 6369 6370 6372
f 6372 6370 6371
f 5245 6373 5246
f 5246 6373 6374
f 4317 6375 4318
f 4318 6375 6376
f 4331 6377 4332
f 4332 6377 6378
f 6379 4333 6376
f 6376 4333 4318
f 4343 6380 4344
f 4344 6380 6381
f 4347 6382 4348
f 4348 6382 6383
f 4374 6371 4331
f 4331 6371 6377
f 4333 6379 4426
f 4426 6379 6384
f 4690 6385 4347
f 4347 6385 6382
f 4332 6378 4317
f 4317 6378 6375
f 4922 6386 4923
f 4923 6386 6387
f 6388 6389 4375
f 4375 6389 6390
f 6355 6356 4978
f 4978 6356 6284
f 4742 6360 4743
f 4743 6360 6361
f 6391 4238 6392
f 6392 4238 4719
f 6392 4719 6393
f 6393 4719 5296
f 6395 6396 6394
f 6394 6396 6397
f 6399 6400 6398
f 6398 6400 6401
f 6402 5302 6403
f 6403 5302 5303
f 5303 5321 6403
f 6403 5321 6404
f 5320 6405 5321
f 5321 6405 6404
f 5319 6406 5350
f 5350 6406 5351
f 5319 5318 6406
f 6406 5318 6407
f 5288 4197 6408
f 6408 4197 6409
f 4217 4216 6410
f 6410 4216 6411
f 5227 6412 6327
f 6327 6412 6328
f 4892 6413 5227
f 5227 6413 6412
f 4228 6414 4892
f 4892 6414 6413
f 4227 6415 4228
f 4228 6415 6414
f 4248 6416 4227
f 4227 6416 6415
f 4247 6417 4248
f 4248 6417 6416
f 6417 4247 6419
f 6419 4247 6418
f 6419 6418 6421
f 6421 6418 6420
f 6422 5301 6423
f 6423 5301 5300
f 6423 5300 6424
f 6424 5300 6399
f 6408 6409 6398
f 6398 6409 6425
f 6426 6427 6397
f 6397 6427 6394
f 6428 4224 6429
f 6429 4224 4223
f 6347 6346 5276
f 5276 6346 4220
f 6346 6347 6341
f 6341 6347 6339
f 5280 5278 5282
f 5282 5278 4236
f 4896 5224 4684
f 4684 5224 4681
f 4132 4135 4896
f 4896 4135 5224
f 4131 4136 4132
f 4132 4136 4135
f 4226 4754 4131
f 4131 4754 4136
f 4251 4213 4226
f 4226 4213 4754
f 4250 4214 4251
f 4251 4214 4213
f 4250 6367 4214
f 4214 6367 6368
f 6367 4910 6368
f 6368 4910 4737
f 4909 5297 4736
f 4736 5297 5296
f 5297 6395 5296
f 5296 6395 6393
f 6427 6430 6394
f 6394 6430 6431
f 6429 4383 6428
f 6428 4383 4382
f 4219 5277 4220
f 4220 5277 5276
f 4222 4697 4383
f 4383 4697 4218
f 6345 4699 4221
f 4221 4699 6344
f 6342 4700 6345
f 6345 4700 4699
f 4235 4786 5281
f 5281 4786 6338
f 4234 4787 4235
f 4235 4787 4786
f 5279 5278 6432
f 6432 5278 5271
f 4237 5279 6433
f 6433 5279 6432
f 4787 4234 6433
f 6433 4234 4237
f 6435 6436 6434
f 6434 6436 6437
f 6359 6438 6360
f 6360 6438 6437
f 6439 6440 6441
f 6441 6440 6438
f 6443 6439 6442
f 6442 6439 6441
f 6357 6356 6442
f 6442 6356 6444
f 6444 6446 6445
f 6445 6446 6447
f 4912 6446 4913
f 4913 6446 6355
f 6361 6436 5364
f 5364 6436 5365
f 5319 5350 5316
f 5316 5350 6448
f 4832 6449 5350
f 5350 6449 6448
f 4831 6450 4832
f 4832 6450 6449
f 5354 6451 5320
f 5320 6451 6405
f 4265 6452 5354
f 5354 6452 6451
f 4264 6453 4265
f 4265 6453 6452
f 6450 4831 6447
f 6447 4831 6445
f 4263 6435 4264
f 4264 6435 6434
f 6454 6453 6439
f 6439 6453 6440
f 6439 6443 6454
f 6454 6443 4834
f 4833 6455 4834
f 4834 6455 6454
f 5351 6456 4833
f 4833 6456 6455
f 6457 6391 6458
f 6458 6391 6392
f 6458 6392 6431
f 6431 6392 6393
f 5298 6396 5297
f 5297 6396 6395
f 6402 6400 5302
f 5302 6400 5299
f 6402 6403 6459
f 6459 6403 6460
f 6460 6403 6461
f 6461 6403 6404
f 6405 6462 6404
f 6404 6462 6461
f 6406 6462 5351
f 5351 6462 6456
f 6406 6407 6462
f 6462 6407 6461
f 6407 6463 6461
f 6461 6463 6460
f 6463 6464 6460
f 6460 6464 6459
f 6464 6465 6459
f 6459 6465 6401
f 6430 6466 6431
f 6431 6466 6458
f 6466 6410 6458
f 6458 6410 6457
f 6410 6411 6457
f 6457 6411 6467
f 6396 6424 6397
f 6397 6424 6425
f 6393 6395 6431
f 6431 6395 6394
f 6451 6456 6405
f 6405 6456 6462
f 6452 6455 6451
f 6451 6455 6456
f 6453 6454 6452
f 6452 6454 6455
f 6443 6445 4834
f 4834 6445 4831
f 6440 6453 6434
f 6434 6453 4264
f 6468 5306 5360
f 5360 5306 5305
f 6469 4124 6468
f 6468 4124 5306
f 6470 4125 6469
f 6469 4125 4124
f 6471 5291 6470
f 6470 5291 4125
f 6353 5292 6471
f 6471 5292 5291
f 5292 6353 5313
f 5313 6353 6352
f 5347 5314 6352
f 6352 5314 5313
f 5353 5318 5346
f 5346 5318 5317
f 5334 6468 5358
f 5358 6468 5360
f 5324 6469 5334
f 5334 6469 6468
f 5323 6470 5324
f 5324 6470 6469
f 5343 6471 5323
f 5323 6471 6470
f 6354 6353 5343
f 5343 6353 6471
f 6348 6349 4270
f 4270 6349 5311
f 5272 6340 5273
f 5273 6340 4272
f 6432 5271 4232
f 4232 5271 4233
f 4294 6432 4295
f 4295 6432 4232
f 6432 4294 6433
f 6433 4294 4301
f 4301 4300 6433
f 6433 4300 4787
f 4704 4784 4300
f 4300 4784 4787
f 4704 3013 4784
f 4784 3013 1307
f 5103 6472 5104
f 5104 6472 5202
f 5108 5116 5105
f 5105 5116 5115
f 5111 5124 5112
f 5112 5124 5123
f 5154 5205 5105
f 5105 5205 5106
f 5167 5180 5168
f 5168 5180 5185
f 5175 5188 5176
f 5176 5188 5187
f 5112 5123 5178
f 5178 5123 5120
f 5167 5090 5183
f 5183 5090 5089
f 5210 5151 5183
f 5183 5151 5181
f 5216 5138 5217
f 5217 5138 5137
f 5218 5119 5219
f 5219 5119 5221
f 5218 5178 5119
f 5119 5178 5120
f 5217 5137 5104
f 5104 5137 5101
f 5116 5108 5221
f 5221 5108 5219
f 5111 5110 5210
f 5210 5110 5151
f 5154 5153 5103
f 5103 5153 6472
f 5216 5215 5176
f 5176 5215 5173
f 5175 5174 5168
f 5168 5174 5166
f 5091 5172 5092
f 5092 5172 5208
f 5117 5037 5118
f 5118 5037 5036
f 5121 5164 5122
f 5122 5164 5133
f 5125 5084 5126
f 5126 5084 5083
f 5129 5174 5130
f 5130 5174 5173
f 5131 5202 5132
f 5132 5202 6472
f 5135 5221 5122
f 5122 5221 5119
f 5125 5124 5136
f 5136 5124 5209
f 5126 5083 5121
f 5121 5083 5164
f 5118 5036 5195
f 5195 5036 5193
f 5131 5097 5203
f 5203 5097 5114
f 5132 6472 5195
f 5195 6472 5153
f 5136 5209 5092
f 5092 5209 5089
f 5135 5134 5117
f 5117 5134 5037
f 5362 5206 5130
f 5130 5206 5127
f 5372 5371 5128
f 5128 5371 5129
f 5371 5372 5091
f 5091 5372 5172
f 5362 5215 5203
f 5203 5215 5201
f 6463 6407 5353
f 5353 6407 5318
f 6464 6463 5352
f 5352 6463 5353
f 6408 6465 5288
f 5288 6465 5289
f 4196 4224 6426
f 6426 4224 6427
f 6430 6427 6428
f 6428 6427 4224
f 6466 6430 4382
f 4382 6430 6428
f 6410 6466 4217
f 4217 6466 4382
f 4240 4239 3015
f 3015 4239 3016
f 4254 4257 3017
f 3017 4257 3018
f 6473 6474 4732
f 4732 6474 6475
f 6474 6374 6475
f 6475 6374 6373
f 5246 6374 3022
f 3022 6374 3023
f 4254 6299 4255
f 4255 6299 6288
f 6473 6300 3024
f 3024 6300 3025
f 6476 4257 6312
f 6312 4257 4256
f 4240 6476 4241
f 4241 6476 6312
f 6477 4239 6391
f 6391 4239 4238
f 6467 6477 6457
f 6457 6477 6391
f 6411 3029 6467
f 6467 3029 3028
f 4216 3030 6411
f 6411 3030 3029
f 6479 6480 6478
f 6478 6480 6481
f 6483 6484 6482
f 6482 6484 6485
f 6486 6487 4102
f 4102 6487 6331
f 6483 6488 6478
f 6478 6488 6489
f 4429 4829 6490
f 6490 4829 6479
f 6491 6486 4101
f 4101 6486 4102
f 4895 6491 4899
f 4899 6491 4101
f 4160 6488 4157
f 4157 6488 6492
f 6489 4087 6490
f 6490 4087 4090
f 4267 4261 5013
f 5013 4261 4260
f 4258 4261 5328
f 5328 4261 4975
f 4261 4267 4975
f 4975 4267 4266
f 5367 3793 3912
f 3912 3793 3575
f 6494 3616 6493
f 6493 3616 3795
f 6496 3589 6495
f 6495 3589 3588
f 6495 3588 5368
f 5368 3588 3794
f 3841 3840 3050
f 3050 3840 3051
f 3912 3911 3052
f 3052 3911 3053
f 3929 3930 3054
f 3054 3930 3055
f 5370 3930 3916
f 3916 3930 3923
f 3938 5369 3807
f 3807 5369 3915
f 3589 6496 3806
f 3806 6496 3937
f 3938 3937 3056
f 3056 3937 3057
f 3051 3840 3058
f 3058 3840 3943
f 3730 4808 3727
f 3727 4808 3943
f 3820 3951 3795
f 3795 3951 6493
f 3951 3841 3059
f 3059 3841 3050
f 3911 3574 6494
f 6494 3574 3616
f 3823 3929 3824
f 3824 3929 3952
f 4061 4060 3060
f 3060 4060 3061
f 6497 6498 4901
f 4901 6498 4790
f 6333 6499 4738
f 4738 6499 4739
f 6500 6501 6314
f 6314 6501 4418
f 6502 6275 4417
f 4417 6275 4185
f 6503 6497 4783
f 4783 6497 4901
f 6498 4060 4790
f 4790 4060 4059
f 4808 4061 3069
f 3069 4061 3060
f 5367 3071 5368
f 5368 3071 3070
f 5369 3073 5370
f 5370 3073 3072
f 6274 6275 3074
f 3074 6275 3075
f 6499 6504 4739
f 4739 6504 6317
f 6333 6332 3077
f 3077 6332 3078
f 6334 6274 3079
f 3079 6274 3074
f 6332 4825 3078
f 3078 4825 3080
f 6334 6503 4188
f 4188 6503 4783
f 4825 4689 3080
f 3080 4689 1330
f 6506 4747 6505
f 6505 4747 4746
f 6505 6507 6506
f 6506 6507 6508
f 4297 6509 4920
f 4920 6509 6510
f 4296 6511 4297
f 4297 6511 6509
f 6506 6508 4319
f 4319 6508 6512
f 4372 4371 6514
f 6514 4371 6513
f 6511 4296 5251
f 5251 4296 4305
f 5251 5250 6511
f 6511 5250 6515
f 6516 6509 6515
f 6515 6509 6511
f 6517 6507 6519
f 6519 6507 6518
f 6512 6520 6513
f 6513 6520 6514
f 6507 6517 6508
f 6508 6517 6521
f 5249 6523 6522
f 6522 6523 6524
f 6525 6370 5253
f 5253 6370 6526
f 4370 4323 4371
f 4371 4323 4326
f 4370 3103 4323
f 4323 3103 1541
f 6521 6517 6527
f 6527 6517 6519
f 6520 6528 6514
f 6514 6528 6529
f 6531 6532 6530
f 6530 6532 6533
f 5250 6534 6515
f 6515 6534 6535
f 6530 6533 6536
f 6536 6533 6537
f 6526 6538 6534
f 6534 6538 6537
f 6515 6535 6516
f 6516 6535 6539
f 4325 4321 4326
f 4326 4321 4320
f 4371 4326 6513
f 6513 4326 4320
f 6531 4731 6541
f 6541 4731 6540
f 4731 4730 6540
f 6540 4730 6542
f 4730 3121 6542
f 6542 3121 3120
f 6530 4328 6531
f 6531 4328 4731
f 4328 6530 4329
f 4329 6530 6536
f 4329 6536 6524
f 6524 6536 6543
f 6544 6545 6522
f 6522 6545 5248
f 6389 6388 5245
f 5245 6388 6373
f 6388 6546 6373
f 6373 6546 6475
f 4733 6546 6295
f 6295 6546 4377
f 4732 6475 4733
f 4733 6475 6546
f 4393 4432 4394
f 4394 4432 4435
f 4434 4672 4842
f 4842 4672 4671
f 4440 4439 4441
f 4441 4439 4438
f 4436 4450 4437
f 4437 4450 4398
f 4447 4444 4448
f 4448 4444 4392
f 4446 4464 4433
f 4433 4464 6547
f 4454 4423 4455
f 4455 4423 4422
f 4452 4481 4453
f 4453 4481 4480
f 4458 4389 4459
f 4459 4389 4388
f 4456 4471 4457
f 4457 4471 4468
f 4391 4460 4392
f 4392 4460 4448
f 4461 4467 4445
f 4445 4467 4465
f 4437 4398 4629
f 4629 4398 4397
f 4438 4628 4441
f 4441 4628 4631
f 4841 4629 4839
f 4839 4629 4397
f 4628 4842 4631
f 4631 4842 4671
f 4930 4989 4452
f 4452 4989 4481
f 4929 4927 4436
f 4436 4927 4450
f 4933 4387 4934
f 4934 4387 4386
f 4931 4475 4932
f 4932 4475 4474
f 4936 4449 4933
f 4933 4449 4387
f 4935 4472 4456
f 4456 4472 4471
f 4389 4458 4391
f 4391 4458 4460
f 4457 4468 4461
f 4461 4468 4467
f 4934 4386 4454
f 4454 4386 4423
f 4453 4480 4931
f 4931 4480 4475
f 4575 4997 4576
f 4576 4997 4639
f 4579 4596 4580
f 4580 4596 4595
f 4583 4582 4572
f 4572 4582 4569
f 4587 4944 4588
f 4588 4944 4562
f 4588 4562 4590
f 4590 4562 4561
f 4576 4639 4642
f 4642 4639 4638
f 4642 4845 4641
f 4641 4845 4846
f 4845 4590 4846
f 4846 4590 4561
f 4941 4938 4595
f 4595 4938 4580
f 4938 4940 4668
f 4668 4940 4669
f 4583 4942 4584
f 4584 4942 4947
f 4582 4587 4569
f 4569 4587 4586
f 5000 5001 4579
f 4579 5001 4596
f 4558 4560 4585
f 4585 4560 4586
f 4565 4639 4566
f 4566 4639 4997
f 4568 4567 4577
f 4577 4567 4578
f 4570 4554 4571
f 4571 4554 4556
f 4640 4565 4637
f 4637 4565 4546
f 4662 4664 4665
f 4665 4664 4844
f 4662 4558 4589
f 4589 4558 4585
f 4554 4570 4557
f 4557 4570 4560
f 4571 4667 4572
f 4572 4667 4943
f 4551 4670 4552
f 4552 4670 4666
f 4640 4664 4638
f 4638 4664 4663
f 4670 4568 4668
f 4668 4568 4577
f 4999 4996 4566
f 4566 4996 4543
f 4608 4564 4603
f 4603 4564 4563
f 4573 4593 4574
f 4574 4593 4592
f 4597 4614 4598
f 4598 4614 4613
f 4601 4600 4584
f 4584 4600 4581
f 4563 4562 4604
f 4604 4562 4944
f 4643 4593 4641
f 4641 4593 4573
f 4643 4847 4644
f 4644 4847 4848
f 4564 4847 4561
f 4561 4847 4846
f 4945 4941 4598
f 4598 4941 4595
f 4941 4945 4939
f 4939 4945 4946
f 4601 4948 4602
f 4602 4948 4620
f 4600 4604 4581
f 4581 4604 4944
f 5002 5003 4597
f 4597 5003 4614
f 4988 4759 4953
f 4953 4759 4402
f 4706 6548 4707
f 4707 6548 6549
f 4311 4928 4419
f 4419 4928 6550
f 4921 4920 6551
f 6551 4920 6552
f 4925 6553 4926
f 4926 6553 6554
f 4928 4921 4802
f 4802 4921 6551
f 6555 4985 6550
f 6550 4985 4419
f 4952 6556 4953
f 4953 6556 4649
f 4971 6557 4706
f 4706 6557 6548
f 4988 4648 4925
f 4925 4648 6553
f 4707 6549 5006
f 5006 6549 4987
f 4920 6510 6552
f 6552 6510 6518
f 6558 6510 6516
f 6516 6510 6509
f 6559 6558 6539
f 6539 6558 6516
f 6531 6541 6532
f 6532 6541 6560
f 6540 6561 6541
f 6541 6561 6529
f 6542 6562 6540
f 6540 6562 6561
f 6542 3120 6562
f 6562 3120 3142
f 4366 6563 4760
f 4760 6563 4970
f 4815 6564 4816
f 4816 6564 6565
f 3147 3146 6565
f 6565 3146 4816
f 6564 6563 6565
f 6565 6563 6566
f 4837 4385 4357
f 4357 4385 4358
f 6565 6566 3147
f 3147 6566 3149
f 4694 1209 3150
f 5247 5249 5248
f 5248 5249 6522
f 6372 6390 6545
f 6545 6390 6389
f 6375 5254 6376
f 6376 5254 5258
f 6377 6525 6378
f 6378 6525 5255
f 5260 6379 5258
f 5258 6379 6376
f 6380 6567 6381
f 6381 6567 6568
f 6382 6569 6383
f 6383 6569 6570
f 6377 6371 6525
f 6525 6371 6370
f 6379 5260 6384
f 6384 5260 6571
f 6385 6572 6382
f 6382 6572 6569
f 6378 5255 6375
f 6375 5255 5254
f 6386 6573 6387
f 6387 6573 6574
f 6545 6389 5248
f 5248 6389 5245
f 4675 4750 4676
f 4676 4750 6286
f 4734 6289 4735
f 4735 6289 6288
f 4804 6290 4805
f 4805 6290 4963
f 4811 4807 4812
f 4812 4807 4411
f 4954 6292 4955
f 4955 6292 4959
f 4964 4962 4965
f 4965 4962 4751
f 6285 4821 4812
f 4812 4821 4809
f 4675 4287 4965
f 4965 4287 4210
f 6294 4145 4955
f 4955 4145 4154
f 4964 4120 4805
f 4805 4120 4119
f 6298 4966 4734
f 4734 4966 6289
f 6300 6473 4735
f 4735 6473 4732
f 6297 6296 4676
f 4676 6296 4288
f 6523 3160 4330
f 4330 3160 3159
f 5253 5252 6525
f 6525 5252 5255
f 5256 5252 4305
f 4305 5252 5251
f 4304 5257 4305
f 4305 5257 5256
f 4424 5259 4304
f 4304 5259 5257
f 5261 6571 5259
f 5259 6571 5260
f 5262 6573 5261
f 5261 6573 6571
f 5264 6567 5265
f 5265 6567 6574
f 5266 6572 5267
f 5267 6572 6568
f 5268 6570 5269
f 5269 6570 6569
f 1807 3161 5268
f 5268 3161 6570
f 6524 6523 4329
f 4329 6523 4330
f 5253 6526 5250
f 5250 6526 6534
f 6543 6538 6544
f 6544 6538 6369
f 6524 6543 6522
f 6522 6543 6544
f 3071 5367 3052
f 3052 5367 3912
f 6493 3163 6494
f 6494 3163 3162
f 3164 445 3771
f 3771 445 3761
f 461 3165 3919
f 3919 3165 3920
f 330 410 3839
f 3839 410 3910
f 332 331 3552
f 3552 331 3551
f 464 304 3918
f 3918 304 3816
f 385 458 3766
f 3766 458 3894
f 412 415 3762
f 3762 415 3763
f 3166 337 3748
f 3748 337 3745
f 3072 3055 5370
f 5370 3055 3930
f 3073 5369 3056
f 3056 5369 3938
f 3167 3057 6496
f 6496 3057 3937
f 3069 3058 4808
f 4808 3058 3943
f 411 3166 3851
f 3851 3166 3748
f 3059 3163 3951
f 3951 3163 6493
f 336 3164 3772
f 3772 3164 3771
f 3053 3911 3162
f 3162 3911 6494
f 3054 3168 3929
f 3929 3168 3952
f 3165 830 3920
f 3920 830 3945
f 3170 3169 6497
f 6497 3169 6498
f 3171 1354 5005
f 5005 1354 4830
f 3172 3170 6503
f 6503 3170 6497
f 3169 3061 6498
f 6498 3061 4060
f 3173 3171 5006
f 5006 3171 5005
f 3079 3172 6334
f 6334 3172 6503
f 3174 3025 6299
f 6299 3025 6300
f 6576 6577 6575
f 6575 6577 6578
f 4612 4611 6579
f 6579 4611 6580
f 6582 6583 6581
f 6581 6583 6584
f 6584 6585 4618
f 4618 6585 4621
f 6586 6587 6589
f 6589 6587 6588
f 6588 6587 6590
f 6590 6587 6591
f 6592 4606 6590
f 6590 4606 4623
f 6594 6576 6593
f 6593 6576 6575
f 6595 6582 6579
f 6579 6582 6581
f 6580 6597 6596
f 6596 6597 6598
f 6577 6576 6599
f 6599 6576 6600
f 6595 6596 6601
f 6601 6596 6602
f 6583 6582 6603
f 6603 6582 6604
f 6586 6606 6605
f 6605 6606 6607
f 6587 6586 6608
f 6608 6586 6605
f 6587 6608 6591
f 6591 6608 6609
f 6576 6594 6600
f 6600 6594 6610
f 6582 6595 6604
f 6604 6595 6601
f 6599 6611 6577
f 6577 6611 6598
f 6613 6614 6612
f 6612 6614 6615
f 6617 6618 6616
f 6616 6618 6619
f 6621 6622 6620
f 6620 6622 6623
f 6625 6626 6624
f 6624 6626 6627
f 6629 6630 6628
f 6628 6630 6631
f 6633 6634 6632
f 6632 6634 6635
f 6637 6638 6636
f 6636 6638 6639
f 6640 6641 6637
f 6637 6641 6638
f 6643 6633 6642
f 6642 6633 6632
f 6645 6646 6644
f 6644 6646 6647
f 6646 6648 6647
f 6647 6648 6649
f 6651 6652 6650
f 6650 6652 6653
f 6653 6652 6654
f 6654 6652 6655
f 6656 6657 6659
f 6659 6657 6658
f 6661 6662 6660
f 6660 6662 6663
f 6662 6661 6664
f 6664 6661 6665
f 6667 6657 6666
f 6666 6657 6656
f 6669 6670 6668
f 6668 6670 6671
f 6672 6673 6670
f 6670 6673 6671
f 6674 6675 6677
f 6677 6675 6676
f 6675 6678 6676
f 6676 6678 6679
f 6681 6682 6680
f 6680 6682 6683
f 6684 6685 6683
f 6683 6685 6680
f 6687 6688 6686
f 6686 6688 6689
f 6687 6690 6688
f 6688 6690 6691
f 6619 6618 6633
f 6633 6618 6634
f 6632 6635 6693
f 6693 6635 6692
f 6617 6694 6636
f 6636 6694 6637
f 6695 6692 6639
f 6639 6692 6635
f 6637 6694 6640
f 6640 6694 6696
f 6698 6638 6697
f 6697 6638 6641
f 6643 6616 6633
f 6633 6616 6619
f 6642 6699 6641
f 6641 6699 6697
f 6646 6645 6700
f 6700 6645 6621
f 6644 6701 6654
f 6654 6701 6702
f 6700 6703 6646
f 6646 6703 6648
f 6693 6704 6649
f 6649 6704 6647
f 6620 6623 6651
f 6651 6623 6652
f 6693 6649 6699
f 6699 6649 6650
f 6652 6623 6655
f 6655 6623 6622
f 6654 6702 6653
f 6653 6702 6697
f 6615 6614 6657
f 6657 6614 6658
f 6705 6656 6704
f 6704 6656 6659
f 6613 6706 6660
f 6660 6706 6661
f 6704 6659 6701
f 6701 6659 6663
f 6661 6706 6665
f 6665 6706 6707
f 6708 6702 6664
f 6664 6702 6662
f 6612 6615 6667
f 6667 6615 6657
f 6666 6709 6664
f 6664 6709 6708
f 6629 6710 6669
f 6669 6710 6670
f 6668 6711 6679
f 6679 6711 6712
f 6713 6672 6710
f 6710 6672 6670
f 6714 6671 6705
f 6705 6671 6673
f 6628 6631 6674
f 6674 6631 6675
f 6705 6673 6709
f 6709 6673 6677
f 6631 6630 6675
f 6675 6630 6678
f 6712 6708 6679
f 6679 6708 6676
f 6625 6715 6682
f 6682 6715 6683
f 6716 6717 6681
f 6681 6717 6691
f 6718 6684 6715
f 6715 6684 6683
f 6719 6680 6714
f 6714 6680 6685
f 6624 6627 6686
f 6686 6627 6687
f 6689 6711 6685
f 6685 6711 6714
f 6627 6626 6687
f 6687 6626 6690
f 6717 6712 6691
f 6691 6712 6688
f 6612 6707 6613
f 6613 6707 6706
f 6616 6696 6617
f 6617 6696 6694
f 6703 6700 6620
f 6620 6700 6621
f 6715 6625 6718
f 6718 6625 6624
f 6710 6629 6713
f 6713 6629 6628
f 6639 6635 6636
f 6636 6635 6634
f 6641 6640 6642
f 6642 6640 6643
f 6654 6655 6644
f 6644 6655 6645
f 6651 6650 6648
f 6648 6650 6649
f 6659 6658 6663
f 6663 6658 6660
f 6665 6667 6664
f 6664 6667 6666
f 6678 6669 6679
f 6679 6669 6668
f 6673 6672 6677
f 6677 6672 6674
f 6690 6682 6691
f 6691 6682 6681
f 6685 6684 6689
f 6689 6684 6686
f 6636 6634 6617
f 6617 6634 6618
f 6638 6698 6639
f 6639 6698 6695
f 6640 6696 6643
f 6643 6696 6616
f 6693 6699 6632
f 6632 6699 6642
f 6655 6622 6645
f 6645 6622 6621
f 6704 6701 6647
f 6647 6701 6644
f 6651 6648 6620
f 6620 6648 6703
f 6650 6653 6699
f 6699 6653 6697
f 6613 6660 6614
f 6614 6660 6658
f 6663 6662 6701
f 6701 6662 6702
f 6665 6707 6667
f 6667 6707 6612
f 6705 6709 6656
f 6656 6709 6666
f 6630 6629 6678
f 6678 6629 6669
f 6714 6711 6671
f 6671 6711 6668
f 6672 6713 6674
f 6674 6713 6628
f 6677 6676 6709
f 6709 6676 6708
f 6626 6625 6690
f 6690 6625 6682
f 6680 6719 6681
f 6681 6719 6716
f 6684 6718 6686
f 6686 6718 6624
f 6711 6689 6712
f 6689 6688 6712
f 6593 6720 6594
f 6594 6720 6721
f 6722 6720 4607
f 4607 6720 4849
f 6592 6723 6722
f 6722 6723 6724
f 4610 4609 6578
f 6578 4609 6575
f 6596 6595 6580
f 6580 6595 6579
f 4618 4617 6584
f 6584 4617 6581
f 6589 6585 6586
f 6586 6585 6606
f 4622 4619 6588
f 6588 4619 6589
f 4622 6588 4623
f 4623 6588 6590
f 4609 4645 6575
f 6575 4645 6593
f 4617 4612 6581
f 6581 4612 6579
f 5004 4610 6597
f 6597 4610 6578
f 4645 4849 6593
f 6593 4849 6720
f 6724 6721 6722
f 6722 6721 6720
f 6722 4607 6592
f 6592 4607 4606
f 6725 6610 6721
f 6721 6610 6594
f 6723 6726 6724
f 6724 6726 6727
f 6727 6725 6724
f 6724 6725 6721
f 6728 6729 6605
f 6605 6729 6608
f 6605 6607 6728
f 6728 6607 6730
f 6731 6732 6604
f 6604 6732 6603
f 6733 6734 6725
f 6725 6734 6610
f 6735 6733 6727
f 6727 6733 6725
f 6735 6727 6736
f 6736 6727 6726
f 6591 6609 6723
f 6723 6609 6726
f 6723 6592 6591
f 6591 6592 6590
f 6738 6739 6737
f 6737 6739 6740
f 6740 6739 6742
f 6742 6739 6741
f 6743 6744 6741
f 6741 6744 6742
f 6745 6746 6743
f 6743 6746 6744
f 6747 6748 6745
f 6745 6748 6746
f 6749 6750 6747
f 6747 6750 6748
f 6752 6738 6751
f 6751 6738 6737
f 6754 6752 6753
f 6753 6752 6751
f 6756 6754 6755
f 6755 6754 6753
f 6758 6750 6757
f 6757 6750 6749
f 6760 6756 6759
f 6759 6756 6755
f 6762 6760 6761
f 6761 6760 6759
f 6764 6762 6763
f 6763 6762 6761
f 6757 6764 6758
f 6758 6764 6763
f 6766 6741 6765
f 6765 6741 6739
f 6767 6743 6766
f 6766 6743 6741
f 6768 6745 6767
f 6767 6745 6743
f 6769 6747 6768
f 6768 6747 6745
f 6770 6749 6769
f 6769 6749 6747
f 6772 6769 6771
f 6771 6769 6768
f 6773 6770 6772
f 6772 6770 6769
f 6774 6775 6772
f 6772 6775 6773
f 6777 6778 6776
f 6776 6778 6779
f 6775 6774 6778
f 6778 6774 6779
f 6771 6780 6772
f 6772 6780 6774
f 6780 6781 6774
f 6774 6781 6779
f 6781 6782 6779
f 6779 6782 6776
f 6784 6785 6783
f 6783 6785 6786
f 6786 6787 6783
f 6783 6787 6788
f 6790 6788 6789
f 6789 6788 6787
f 6786 6785 6791
f 6791 6785 6792
f 6791 6793 6786
f 6786 6793 6787
f 6793 6794 6787
f 6787 6794 6789
f 6795 6796 6794
f 6794 6796 6789
f 6790 6789 6797
f 6797 6789 6796
f 6798 6765 6738
f 6738 6765 6739
f 6799 6798 6752
f 6752 6798 6738
f 6767 6800 6768
f 6768 6800 6771
f 6766 6801 6767
f 6767 6801 6800
f 6802 6801 6765
f 6765 6801 6766
f 6798 6803 6765
f 6765 6803 6802
f 6804 6803 6799
f 6799 6803 6798
f 6805 6806 6804
f 6804 6806 6803
f 6807 6799 6754
f 6754 6799 6752
f 6808 6804 6807
f 6807 6804 6799
f 6809 6805 6808
f 6808 6805 6804
f 6810 6811 6805
f 6805 6811 6806
f 6812 6813 6810
f 6810 6813 6811
f 6814 6815 6796
f 6796 6815 6797
f 6813 6814 6816
f 6816 6814 6817
f 6816 6818 6813
f 6813 6818 6811
f 6819 6806 6818
f 6818 6806 6811
f 6802 6803 6819
f 6819 6803 6806
f 6757 6749 6820
f 6820 6749 6770
f 6820 6770 6821
f 6821 6770 6773
f 6821 6773 6822
f 6822 6773 6775
f 6822 6775 6823
f 6823 6775 6778
f 6824 6823 6777
f 6777 6823 6778
f 6784 6825 6777
f 6777 6825 6824
f 6826 6827 6788
f 6788 6827 6783
f 6828 6826 6790
f 6790 6826 6788
f 6829 6828 6797
f 6797 6828 6790
f 6815 6830 6797
f 6797 6830 6829
f 6832 6812 6831
f 6831 6812 6810
f 6831 6810 6809
f 6809 6810 6805
f 6736 6800 6735
f 6735 6800 6801
f 6733 6735 6802
f 6802 6735 6801
f 6734 6733 6819
f 6819 6733 6802
f 6833 6734 6818
f 6818 6734 6819
f 6834 6833 6816
f 6816 6833 6818
f 6816 6817 6834
f 6834 6817 6835
f 6837 6795 6836
f 6836 6795 6794
f 6836 6794 6731
f 6731 6794 6793
f 6732 6731 6791
f 6791 6731 6793
f 6791 6792 6732
f 6732 6792 6730
f 6729 6728 6781
f 6781 6728 6782
f 6838 6807 6756
f 6756 6807 6754
f 6839 6838 6760
f 6760 6838 6756
f 6840 6839 6762
f 6762 6839 6760
f 6841 6840 6764
f 6764 6840 6762
f 6820 6841 6757
f 6757 6841 6764
f 6841 6820 6842
f 6842 6820 6821
f 6840 6841 6843
f 6843 6841 6842
f 6839 6840 6844
f 6844 6840 6843
f 6838 6839 6845
f 6845 6839 6844
f 6807 6838 6808
f 6808 6838 6845
f 6842 6821 6846
f 6846 6821 6822
f 6843 6842 6847
f 6847 6842 6846
f 6844 6843 6848
f 6848 6843 6847
f 6845 6844 6849
f 6849 6844 6848
f 6808 6845 6809
f 6809 6845 6849
f 6850 6831 6849
f 6849 6831 6809
f 6851 6850 6848
f 6848 6850 6849
f 6847 6852 6848
f 6848 6852 6851
f 6853 6852 6846
f 6846 6852 6847
f 6846 6822 6853
f 6853 6822 6823
f 6853 6823 6854
f 6854 6823 6824
f 6854 6855 6853
f 6853 6855 6852
f 6856 6851 6855
f 6855 6851 6852
f 6856 6857 6851
f 6851 6857 6850
f 6857 6832 6850
f 6850 6832 6831
f 6825 6858 6824
f 6824 6858 6854
f 6860 6827 6859
f 6859 6827 6826
f 6859 6826 6861
f 6861 6826 6828
f 6862 6861 6829
f 6829 6861 6828
f 6830 6863 6829
f 6829 6863 6862
f 6863 6864 6862
f 6862 6864 6865
f 6858 6866 6854
f 6854 6866 6855
f 6867 6865 6866
f 6866 6865 6864
f 6869 6859 6868
f 6868 6859 6861
f 6867 6869 6865
f 6865 6869 6868
f 6861 6862 6868
f 6868 6862 6865
f 6867 6860 6869
f 6869 6860 6859
f 6753 6751 6698
f 6698 6751 6695
f 6697 6755 6698
f 6698 6755 6753
f 6759 6755 6702
f 6702 6755 6697
f 6761 6759 6708
f 6708 6759 6702
f 6763 6761 6712
f 6712 6761 6708
f 6758 6763 6717
f 6717 6763 6712
f 6750 6758 6716
f 6716 6758 6717
f 6719 6748 6716
f 6716 6748 6750
f 6714 6746 6719
f 6719 6746 6748
f 6705 6744 6714
f 6714 6744 6746
f 6704 6742 6705
f 6705 6742 6744
f 6740 6742 6693
f 6693 6742 6704
f 6737 6740 6692
f 6692 6740 6693
f 6751 6737 6695
f 6695 6737 6692
f 6601 6602 6836
f 6836 6602 6837
f 6604 6601 6731
f 6731 6601 6836
f 6599 6600 6834
f 6834 6600 6833
f 6834 6835 6599
f 6599 6835 6611
f 6600 6610 6833
f 6833 6610 6734
f 6780 6771 6870
f 6870 6771 6736
f 6736 6771 6800
f 6870 6729 6780
f 6780 6729 6781
f 6608 6729 6609
f 6609 6729 6870
f 6609 6870 6726
f 6726 6870 6736
f 5014 5015 5229
f 5229 5015 5230
f 4258 5015 4259
f 4259 5015 4878
f 3471 3013 4703
f 4703 3013 4704
f 2879 6337 1306
f 1306 6337 4785
f 829 3471 4316
f 4316 3471 4703
f 4702 3472 5223
f 5223 3472 1756
f 6871 6872 4534
f 4534 6872 4535
f 6871 4665 6872
f 6872 4665 4844
f 6871 6873 4665
f 4665 6873 4559
f 6871 4534 6873
f 6873 4534 4542
f 4153 4152 4822
f 4822 4152 4407
f 4152 4168 4407
f 4407 4168 4342
f 4343 4168 4923
f 4923 4168 4167
f 4363 4362 4972
f 4972 4362 4840
f 4362 4394 4840
f 4840 4394 4839
f 4401 4400 4986
f 4986 4400 4984
f 4435 4434 4841
f 4841 4434 4842
f 4506 4505 4530
f 4530 4505 4531
f 4506 4535 4507
f 4507 4535 4843
f 4661 4660 4516
f 4516 4660 4517
f 4673 4672 4937
f 4937 4672 6547
f 4400 4924 4984
f 4984 4924 5263
f 4673 4660 4674
f 4674 4660 4659
f 4505 4661 4531
f 4531 4661 4516
f 4952 4401 6874
f 6874 4401 4986
f 4954 4153 6875
f 6875 4153 4822
f 4363 4973 4364
f 4364 4973 4974
f 5264 4924 5267
f 5267 4924 4691
f 6293 6292 6876
f 6876 6292 6877
f 6380 4343 6387
f 6387 4343 4923
f 4394 4435 4839
f 4839 4435 4841
f 4672 4434 6547
f 6547 4434 4433
f 4973 6556 4974
f 4974 6556 6878
f 6567 6380 6574
f 6574 6380 6387
f 6292 4954 6877
f 6877 4954 6875
f 6567 5264 6568
f 6568 5264 5267
f 4145 4144 4154
f 4154 4144 4151
f 4194 4144 4425
f 4425 4144 4143
f 4355 4354 5263
f 5263 4354 4984
f 4360 4359 4364
f 4364 4359 4361
f 4444 4359 4392
f 4392 4359 4337
f 4447 4446 4432
f 4432 4446 4433
f 4464 4463 6547
f 6547 4463 4937
f 4519 4518 4654
f 4654 4518 4509
f 4533 4532 4499
f 4499 4532 4498
f 4533 4542 4530
f 4530 4542 4534
f 4519 4532 4516
f 4516 4532 4531
f 4922 4194 4426
f 4426 4194 4425
f 4463 4518 4937
f 4937 4518 4517
f 6555 4951 6874
f 6874 4951 6878
f 4958 4957 6290
f 6290 4957 6291
f 4334 4360 4712
f 4712 4360 4950
f 4985 4354 4419
f 4419 4354 4353
f 5262 4355 5265
f 5265 4355 5263
f 6294 4958 4804
f 4804 4958 6290
f 6386 4922 6384
f 6384 4922 4426
f 4444 4447 4393
f 4393 4447 4432
f 4464 4446 4465
f 4465 4446 4445
f 4985 6555 4986
f 4986 6555 6874
f 6573 6386 6571
f 6571 6386 6384
f 4145 6294 4146
f 4146 6294 4804
f 6573 5262 6574
f 6574 5262 5265
f 4542 4541 6873
f 6873 4541 4559
f 4535 6872 4843
f 4843 6872 4844
f 4104 4103 6879
f 6879 4103 6343
f 4105 6293 6307
f 6307 6293 6876
f 4104 4956 4105
f 4105 4956 6293
f 4956 4104 4957
f 4957 4104 6879
f 4957 6879 6291
f 6291 6879 6309
f 4648 4988 4649
f 4649 4988 4953
f 4802 4803 4928
f 4928 4803 6550
f 6550 4803 6555
f 6555 4803 4951
f 1516 3173 4987
f 4987 3173 5006
f 6519 6518 6558
f 6558 6518 6510
f 6527 6519 6559
f 6559 6519 6558
f 6528 6560 6529
f 6529 6560 6541
f 6548 4625 6549
f 6549 4625 4624
f 6551 6552 4746
f 4746 6552 6505
f 6553 4711 6554
f 6554 4711 4710
f 4802 6551 4713
f 4713 6551 4746
f 6556 4973 4649
f 4649 4973 4646
f 6557 4949 6548
f 6548 4949 4625
f 4648 4647 6553
f 6553 4647 4711
f 6549 4624 4987
f 4987 4624 4838
f 6552 6518 6505
f 6505 6518 6507
f 6561 4372 6529
f 6529 4372 6514
f 6562 4369 6561
f 6561 4369 4372
f 3142 3482 6562
f 6562 3482 4369
f 6556 4952 6878
f 6878 4952 6874
f 4951 4950 6878
f 6878 4950 4974
f 3168 440 3952
f 4204 4203 5341
f 5341 4203 6364
f 4219 4222 6429
f 6429 4222 4383
f 4319 4322 6506
f 6506 4322 4747
f 4340 4714 4341
f 4341 4714 4384
f 4375 4377 6388
f 6388 4377 6546
f 4378 4381 6311
f 6311 4381 4720
f 4449 4341 4387
f 4387 4341 4384
f 4473 4472 4477
f 4477 4472 4474
f 4492 4491 4487
f 4487 4491 4488
f 4523 4491 4522
f 4522 4491 4490
f 4492 4538 4493
f 4493 4538 4555
f 4538 4553 4555
f 4555 4553 4556
f 4620 4615 4621
f 4621 4615 4618
f 4652 4651 4368
f 4368 4651 4365
f 4523 4655 4524
f 4524 4655 4656
f 4553 4667 4556
f 4556 4667 4571
f 4651 1210 4365
f 4365 1210 1209
f 4698 4697 5223
f 5223 4697 6344
f 4340 4339 4322
f 4322 4339 4747
f 4726 4729 5287
f 5287 4729 4198
f 4381 4380 4737
f 4737 4380 6368
f 4836 4835 4451
f 4451 4835 4709
f 4910 6367 4911
f 4911 6367 6366
f 4912 4915 6450
f 6450 4915 6449
f 4927 4836 4450
f 4450 4836 4451
f 4930 4929 4439
f 4439 4929 4436
f 4936 4935 4459
f 4459 4935 4456
f 4473 4655 4470
f 4470 4655 4510
f 4942 4583 4943
f 4943 4583 4572
f 4948 4601 4947
f 4947 4601 4584
f 4949 4835 4625
f 4625 4835 4626
f 4966 4969 6289
f 6289 4969 4695
f 4971 4652 4926
f 4926 4652 4368
f 4203 4977 6364
f 6364 4977 6365
f 4990 4989 4443
f 4443 4989 4440
f 4990 4991 4478
f 4478 4991 4512
f 4992 4991 4528
f 4528 4991 4515
f 4992 4993 4527
f 4527 4993 4485
f 4994 4993 4502
f 4502 4993 4503
f 4994 4995 4482
f 4482 4995 4550
f 4543 4996 4544
f 4544 4996 4995
f 4999 4998 4567
f 4567 4998 4578
f 5000 4998 4575
f 4575 4998 4997
f 5002 5001 4592
f 4592 5001 4574
f 5003 5004 4614
f 4614 5004 4611
f 3483 4215 1755
f 1755 4215 4698
f 5274 5277 4195
f 4195 5277 4223
f 4726 5295 4727
f 4727 5295 6350
f 5309 5342 5310
f 5310 5342 6363
f 5315 5314 5316
f 5316 5314 5317
f 5339 6362 5340
f 5340 6362 5363
f 5310 6363 5339
f 5339 6363 6362
f 4204 5309 4201
f 4201 5309 5308
f 4915 5345 6449
f 6449 5345 6448
f 5345 5315 6448
f 6448 5315 5316
f 5348 5347 6351
f 6351 5347 6352
f 5365 4263 5340
f 5340 4263 4262
f 6295 6298 4733
f 4733 6298 4734
f 4969 6306 4695
f 4695 6306 4696
f 6306 4378 4696
f 4696 4378 6311
f 6369 6372 6544
f 6544 6372 6545
f 4375 6390 4373
f 4373 6390 4374
f 6421 6422 4911
f 4911 6422 4908
f 4910 4909 4737
f 4737 4909 4736
f 5277 4219 4223
f 4223 4219 6429
f 4697 4222 6344
f 6344 4222 4221
f 6436 6361 6437
f 6437 6361 6360
f 6438 6440 6437
f 6437 6440 6434
f 6438 6359 6441
f 6441 6359 6358
f 6442 6441 6357
f 6357 6441 6358
f 6442 6444 6443
f 6443 6444 6445
f 6446 6444 6355
f 6355 6444 6356
f 6446 4912 6447
f 6447 4912 6450
f 6436 6435 5365
f 5365 6435 4263
f 5314 5347 5317
f 5317 5347 5346
f 4319 6512 4320
f 4320 6512 6513
f 6520 6512 6521
f 6521 6512 6508
f 6528 6520 6527
f 6527 6520 6521
f 6532 6539 6533
f 6533 6539 6535
f 6533 6535 6537
f 6537 6535 6534
f 6538 6543 6537
f 6537 6543 6536
f 6295 4377 6296
f 6296 4377 4376
f 4989 4930 4440
f 4440 4930 4439
f 4927 4929 4422
f 4422 4929 4455
f 4449 4936 4388
f 4388 4936 4459
f 4472 4935 4474
f 4474 4935 4932
f 4942 4940 4947
f 4947 4940 4939
f 5001 5000 4574
f 4574 5000 4575
f 4669 4943 4666
f 4666 4943 4667
f 4996 4999 4547
f 4547 4999 4567
f 4948 4946 4620
f 4620 4946 4615
f 5003 5002 4591
f 4591 5002 4592
f 6557 4971 6554
f 6554 4971 4926
f 6532 6560 6539
f 6539 6560 6559
f 6390 6372 4374
f 4374 6372 6371
f 4966 6298 4967
f 4967 6298 6297
f 6538 6526 6369
f 6369 6526 6370
f 6585 6589 4621
f 4621 6589 4619
f 6597 6578 6598
f 6598 6578 6577
f 6606 6583 6607
f 6607 6583 6603
f 6611 6602 6598
f 6598 6602 6596
f 6585 6584 6606
f 6606 6584 6583
f 6597 6580 5004
f 5004 6580 4611
f 6607 6603 6730
f 6730 6603 6732
f 6776 6785 6777
f 6777 6785 6784
f 6785 6776 6792
f 6792 6776 6782
f 6815 6814 6812
f 6812 6814 6813
f 6817 6814 6795
f 6795 6814 6796
f 6825 6784 6827
f 6827 6784 6783
f 6830 6815 6832
f 6832 6815 6812
f 6817 6795 6835
f 6835 6795 6837
f 6792 6782 6730
f 6730 6782 6728
f 6858 6825 6860
f 6860 6825 6827
f 6863 6830 6857
f 6857 6830 6832
f 6864 6863 6856
f 6856 6863 6857
f 6866 6858 6867
f 6867 6858 6860
f 6866 6864 6855
f 6855 6864 6856
f 6835 6837 6611
f 6611 6837 6602
f 6560 6528 6559
f 6559 6528 6527
f 4949 6557 4710
f 4710 6557 6554
f 4430 4090 4175
f 4175 4090 4089
f 4777 4113 4155
f 4155 4113 4086
f 4175 4089 4176
f 4176 4089 4142
f 4199 4271 4200
f 4200 4271 4798
f 4199 4095 4272
f 4272 4095 5273
f 4406 4405 4404
f 4404 4405 4346
f 4410 4409 6877
f 6877 4409 6876
f 4409 4413 6876
f 6876 4413 6307
f 4415 4148 4416
f 4416 4148 4147
f 4690 4405 4344
f 4344 4405 4342
f 4693 4692 4352
f 4352 4692 4349
f 4701 4700 6337
f 6337 4700 6338
f 4778 4777 4081
f 4081 4777 4155
f 4821 4406 4809
f 4809 4406 4404
f 4176 4142 4181
f 4181 4142 4415
f 4760 4970 4399
f 4399 4970 4692
f 4200 5007 4096
f 4096 5007 4078
f 5266 4693 5269
f 5269 4693 4352
f 5270 5007 5361
f 5361 5007 4797
f 4778 5270 4779
f 4779 5270 5361
f 6285 4410 6875
f 6875 4410 6877
f 6308 4413 4687
f 4687 4413 4412
f 6480 6320 6481
f 6481 6320 6880
f 4701 2878 4702
f 4702 2878 3472
f 6339 6347 6340
f 6340 6347 6348
f 6341 6342 6346
f 6346 6342 6345
f 4416 6308 4414
f 4414 6308 4687
f 6385 4690 6381
f 6381 4690 4344
f 5282 6341 5280
f 5280 6341 6339
f 4700 6342 6338
f 6338 6342 5281
f 6340 6348 4272
f 4272 6348 4270
f 6480 6479 4828
f 4828 6479 4829
f 6490 6479 6489
f 6489 6479 6478
f 4090 4430 6490
f 6490 4430 4429
f 6563 6564 4970
f 4970 6564 4815
f 4694 6566 4366
f 4366 6566 6563
f 6572 6385 6568
f 6568 6385 6381
f 4821 6285 4822
f 4822 6285 6875
f 6572 5266 6569
f 6569 5266 5269
f 3482 3103 4369
f 4369 3103 4370
f 3121 4730 3485
f 3485 4730 4327
f 6277 6280 6273
f 6273 6280 6272
f 6267 6276 6278
f 6278 6276 6279
f 6278 6279 6277
f 6277 6279 6280
f 6279 6256 6280
f 6280 6256 6255
f 6256 3857 6255
f 6255 3857 3754
f 3857 3856 3754
f 3754 3856 3755
f 3856 3703 3755
f 3755 3703 3863
f 3703 3702 3863
f 3863 3702 3759
f 3702 3706 3759
f 3759 3706 3670
f 3706 3705 3670
f 3670 3705 3668
f 3705 3773 3668
f 3668 3773 3882
f 3882 3773 3883
f 3883 3773 3707
f 3707 3708 3883
f 3883 3708 3880
f 3708 3710 3880
f 3880 3710 3881
f 3709 5241 3710
f 3710 5241 3881
f 5241 3709 5234
f 5234 3709 3786
f 3693 3712 3786
f 3786 3712 5234
f 4051 4055 4052
f 4052 4055 4056
f 4056 4055 4057
f 4057 4055 4054
f 4066 5238 5236
f 5236 5238 3989
f 4066 4069 5238
f 5238 4069 4035
f 6881 3962 3960
f 3960 3962 3957
f 6883 4070 6882
f 6882 4070 3941
f 4070 6883 4071
f 4071 6883 6884
f 4071 6884 4072
f 4072 6884 6885
f 6885 6886 4072
f 4072 6886 4031
f 3955 6881 3956
f 3956 6881 3960
f 6884 3991 6885
f 6885 3991 3990
f 6883 6887 6884
f 6884 6887 3991
f 6887 6888 3991
f 3991 6888 3992
f 6888 6887 6889
f 6889 6887 6890
f 6887 6883 6890
f 6890 6883 6882
f 4058 5240 3953
f 3953 5240 3954
f 5236 6888 5239
f 5239 6888 6889
f 5237 6886 3990
f 3990 6886 6885
f 4034 4031 5237
f 5237 4031 6886
f 6881 6882 3962
f 3962 6882 3941
f 6881 3955 6882
f 6882 3955 6890
f 3955 3954 6890
f 6890 3954 6889
f 5239 6889 5240
f 5240 6889 3954
f 6888 5236 3992
f 3992 5236 3989
f 3869 3868 3888
f 3888 3868 4015
f 3868 4012 4015
f 4015 4012 4010
f 4012 4022 4010
f 4010 4022 4009
f 4022 4021 4009
f 4009 4021 4018
f 4020 3974 4001
f 4001 3974 3996
f 4021 4020 4029
f 4029 4020 4001
f 4085 4156 4086
f 4086 4156 4155
f 4113 4777 4114
f 4114 4777 4776
f 4130 4129 4094
f 4094 4129 4091
f 4139 4773 4140
f 4140 4773 4772
f 4149 4178 4150
f 4150 4178 5225
f 4160 4159 4087
f 4087 4159 4088
f 4149 4148 4179
f 4179 4148 4141
f 4085 4084 4183
f 4183 4084 6315
f 4179 4141 4159
f 4159 4141 4088
f 4192 4130 4162
f 4162 4130 4094
f 4197 5288 4198
f 4198 5288 5287
f 4229 4766 4230
f 4230 4766 4771
f 4245 4246 4242
f 4242 4246 4249
f 4183 6315 4418
f 4418 6315 6314
f 4679 4178 4680
f 4680 4178 4177
f 4724 4798 4725
f 4725 4798 4271
f 4728 5275 4729
f 4729 5275 5274
f 4230 4771 4249
f 4249 4771 4242
f 4724 4723 4799
f 4799 4723 5355
f 4823 4824 4891
f 4891 4824 6327
f 4823 4192 4161
f 4161 4192 4162
f 4893 4767 4229
f 4229 4767 4766
f 4894 4895 4898
f 4898 4895 4899
f 4106 4150 4103
f 4103 4150 5225
f 4680 4894 4677
f 4677 4894 4898
f 6420 4977 5301
f 5301 4977 4976
f 4679 4678 5226
f 5226 4678 4427
f 5228 5008 4893
f 4893 5008 4767
f 5285 6354 5286
f 5286 6354 5343
f 5289 5352 5290
f 5290 5352 5349
f 5290 5349 5295
f 5295 5349 5348
f 5302 5299 4202
f 4202 5299 4976
f 4725 4271 5311
f 5311 4271 4270
f 5325 4723 5326
f 5326 4723 4722
f 5335 5355 5325
f 5325 5355 4723
f 5326 4722 5286
f 5286 4722 5283
f 4799 5357 4797
f 4797 5357 5361
f 5359 5356 5335
f 5335 5356 5355
f 4775 4774 5356
f 5356 4774 5357
f 5359 5358 4092
f 4092 5358 4093
f 6316 4740 6317
f 6317 4740 4739
f 6318 4827 6316
f 6316 4827 4740
f 6319 4828 6318
f 6318 4828 4827
f 6320 6480 6319
f 6319 6480 4828
f 6484 6322 6485
f 6485 6322 6321
f 6487 6324 6331
f 6331 6324 6323
f 6331 6323 6330
f 6330 6323 6325
f 6325 6326 6330
f 6330 6326 6329
f 6326 6328 6329
f 6329 6328 5231
f 4824 4685 5228
f 5228 4685 5008
f 5226 6343 5225
f 5225 6343 4103
f 4728 4727 6349
f 6349 4727 5284
f 6350 6351 5285
f 5285 6351 6354
f 4247 4246 6418
f 6418 4246 6365
f 6400 6402 6401
f 6401 6402 6459
f 4197 4196 6409
f 6409 4196 6426
f 6412 4897 6328
f 6328 4897 5231
f 6413 4133 6412
f 6412 4133 4897
f 6414 4134 6413
f 6413 4134 4133
f 6415 4225 6414
f 6414 4225 4134
f 6416 4252 6415
f 6415 4252 4225
f 6417 4253 6416
f 6416 4253 4252
f 4253 6417 6366
f 6366 6417 6419
f 6366 6419 4911
f 4911 6419 6421
f 6422 6423 4908
f 4908 6423 5298
f 5298 6423 6396
f 6396 6423 6424
f 6409 6426 6425
f 6425 6426 6397
f 5300 5299 6399
f 6399 5299 6400
f 6465 6408 6401
f 6401 6408 6398
f 6424 6399 6425
f 6425 6399 6398
f 6349 5284 5311
f 5311 5284 5283
f 6465 6464 5289
f 5289 6464 5352
f 6488 6483 6492
f 6492 6483 6482
f 6486 6491 6482
f 6482 6491 6492
f 6491 4895 6492
f 6492 4895 4157
f 6488 4160 6489
f 6489 4160 4087
f 6501 6502 4418
f 4418 6502 4417
f 6504 6500 6317
f 6317 6500 6314
f 3497 3496 6501
f 6501 3496 6502
f 3499 3498 6504
f 6504 3498 6500
f 4729 5274 4198
f 4198 5274 4195
f 6418 6365 6420
f 6420 6365 4977
f 5295 5348 6350
f 6350 5348 6351
f 5301 6422 6420
f 6420 6422 6421
f 4113 4112 4086
f 4086 4112 4083
f 6320 4112 6880
f 6880 4112 4111
f 4091 4772 4092
f 4092 4772 4775
f 4129 4140 4091
f 4091 4140 4772
f 4137 4140 4128
f 4128 4140 4129
f 4128 6324 4137
f 4137 6324 6321
f 6324 6487 6321
f 6321 6487 6485
f 6487 6486 6485
f 6485 6486 6482
f 4774 4773 4779
f 4779 4773 4776
f 4773 4139 4776
f 4776 4139 4114
f 4139 4138 4114
f 4114 4138 4111
f 4138 6322 4111
f 4111 6322 6880
f 6322 6484 6880
f 6880 6484 6481
f 6484 6483 6481
f 6481 6483 6478
f 6879 6343 6309
f 6309 6343 4428
f 4106 4105 4900
f 4900 4105 6307
f 3500 3167 6495
f 6495 3167 6496
f 3500 6495 3070
f 3070 6495 5368
f 3502 5235 3501
f 3501 5235 4813
f 3024 3503 6473
f 6473 3503 6474
f 3503 3023 6474
f 6474 3023 6374
f 3504 1770 4348
f 4348 1770 4345
f 3502 3505 5235
f 5235 3505 4810
f 3498 3497 6500
f 6500 3497 6501
f 3496 3075 6502
f 6502 3075 6275
f 6299 4254 3174
f 3174 4254 3017
f 1769 3501 4814
f 4814 3501 4813
f 3506 3018 6476
f 6476 3018 4257
f 3507 3499 6499
f 6499 3499 6504
f 3030 4216 3483
f 3483 4216 4215
f 3077 3507 6333
f 6333 3507 6499
f 1784 3160 5249
f 5249 3160 6523
f 3015 3506 4240
f 4240 3506 6476
f 3508 3504 6383
f 6383 3504 4348
f 3509 3016 6477
f 6477 3016 4239
f 3028 3509 6467
f 6467 3509 6477
f 3022 1785 5246
f 5246 1785 5247
f 3161 3508 6570
f 6570 3508 6383
f 3150 3149 4694
f 4694 3149 6566
f 1327 4807 3510
f 3510 4807 4811
f 3510 4811 3505
f 3505 4811 4810
f 3146 3511 4816
f 4816 3511 4350
f 3511 1808 4350
f 4350 1808 4351
f 3485 4327 3159
f 3159 4327 4330
f 1326 3512 4806
f 4806 3512 6310
f 3512 1331 6310
f 6310 1331 4688
